[NX v21.4.1 Daemon Server] - 2025-08-23T04:47:33.455Z - Started listening on: /var/folders/qd/6ycsymv110361t3k9bsgfr9h0000gn/T/5f4c7286d2718379663c/d.sock
[NX v21.4.1 Daemon Server] - 2025-08-23T04:47:33.464Z - [WATCHER]: Subscribed to changes within: /Users/3bird/Documents/personal/studycourse/education-site-frontend (native)
[NX v21.4.1 Daemon Server] - 2025-08-23T04:47:33.465Z - Established a connection. Number of open connections: 1
[NX v21.4.1 Daemon Server] - 2025-08-23T04:47:33.466Z - Established a connection. Number of open connections: 2
[NX v21.4.1 Daemon Server] - 2025-08-23T04:47:33.467Z - Closed a connection. Number of open connections: 1
[NX v21.4.1 Daemon Server] - 2025-08-23T04:47:33.467Z - Established a connection. Number of open connections: 2
[NX v21.4.1 Daemon Server] - 2025-08-23T04:47:33.468Z - [REQUEST]: Client Request for Project Graph Received
[NX v21.4.1 Daemon Server] - 2025-08-23T04:47:33.473Z - Time taken for 'loadSpecifiedNxPlugins' 1.2172089999999969ms
[NX v21.4.1 Daemon Server] - 2025-08-23T04:47:33.473Z - Established a connection. Number of open connections: 3
[NX v21.4.1 Daemon Server] - 2025-08-23T04:47:33.474Z - Closed a connection. Number of open connections: 2
[NX v21.4.1 Daemon Server] - 2025-08-23T04:47:33.475Z - [REQUEST]: Client Request for Project Graph Received
Time for 'plugin worker 16798 code loading' 2.4450000000000003
Time for 'plugin worker 16796 code loading' 2.147707999999998
Time for 'plugin worker 16797 code loading' 2.5896250000000016
[NX v21.4.1 Daemon Server] - 2025-08-23T04:47:33.610Z - Time taken for 'Load Nx Plugin: /Users/3bird/Documents/personal/studycourse/education-site-frontend/node_modules/nx/src/plugins/project-json/build-nodes/project-json' 140.51049999999998ms
[NX v21.4.1 Daemon Server] - 2025-08-23T04:47:33.617Z - Time taken for 'Load Nx Plugin: /Users/3bird/Documents/personal/studycourse/education-site-frontend/node_modules/nx/src/plugins/package-json' 147.43929099999997ms
[NX v21.4.1 Daemon Server] - 2025-08-23T04:47:33.624Z - [REQUEST]: Updated workspace context based on watched changes, recomputing project graph...
[NX v21.4.1 Daemon Server] - 2025-08-23T04:47:33.624Z - [REQUEST]: 
[NX v21.4.1 Daemon Server] - 2025-08-23T04:47:33.624Z - [REQUEST]: 
[NX v21.4.1 Daemon Server] - 2025-08-23T04:47:33.625Z - No files changed, but no in-memory cached project graph found. Recomputing it...
[NX v21.4.1 Daemon Server] - 2025-08-23T04:47:33.625Z - Reusing in-memory cached project graph because no files changed.
[NX v21.4.1 Daemon Server] - 2025-08-23T04:47:33.628Z - Time taken for 'loadDefaultNxPlugins' 154.253333ms
Time for 'nx/core/package-json:createNodes' 0.632125000000002
Time for 'nx/core/project-json:createNodes' 0.733791999999994
Time for 'nx/js/dependencies-and-lockfile:createNodes' 352.299417
[NX v21.4.1 Daemon Server] - 2025-08-23T04:47:34.020Z - Time taken for 'build-project-configs' 371.63795899999997ms
DEBUG nx::native::plugins::js::ts_import_locators: /Users/3bird/Documents/personal/studycourse/education-site-frontend/apps/admin/app/features/faq/List/index.tsx:206:15 Unexpected token. Did you mean `{'>'}` or `&gt;`?
DEBUG nx::native::plugins::js::ts_import_locators: /Users/3bird/Documents/personal/studycourse/education-site-frontend/apps/admin/app/features/Blogs/List/index.tsx:176:13 Unexpected token. Did you mean `{'>'}` or `&gt;`?
DEBUG nx::native::plugins::js::ts_import_locators: /Users/3bird/Documents/personal/studycourse/education-site-frontend/apps/admin/app/features/Blogs/List/index.tsx:182:0 Unexpected token. Did you mean `{'}'}` or `&rbrace;`?
DEBUG nx::native::plugins::js::ts_import_locators: /Users/3bird/Documents/personal/studycourse/education-site-frontend/apps/admin/components/SCForm/SCUpload/index.tsx:58:47 Unexpected token. Did you mean `{'>'}` or `&gt;`?
DEBUG nx::native::plugins::js::ts_import_locators: /Users/3bird/Documents/personal/studycourse/education-site-frontend/apps/admin/components/SCForm/SCUpload/index.tsx:73:22 Unexpected token. Did you mean `{'>'}` or `&gt;`?
DEBUG nx::native::plugins::js::ts_import_locators: /Users/3bird/Documents/personal/studycourse/education-site-frontend/apps/admin/app/features/faq/List/index.tsx:213:0 Unexpected token. Did you mean `{'}'}` or `&rbrace;`?
DEBUG nx::native::plugins::js::ts_import_locators: /Users/3bird/Documents/personal/studycourse/education-site-frontend/apps/student/components/CustomSearch.tsx/index.tsx:62:24 Unexpected token. Did you mean `{'>'}` or `&gt;`?
DEBUG nx::native::plugins::js::ts_import_locators: /Users/3bird/Documents/personal/studycourse/education-site-frontend/apps/student/components/CustomSearch.tsx/index.tsx:63:32 Unexpected token. Did you mean `{'>'}` or `&gt;`?
DEBUG nx::native::plugins::js::ts_import_locators: /Users/3bird/Documents/personal/studycourse/education-site-frontend/apps/student/components/CustomSearch.tsx/index.tsx:78:4 Unexpected token. Did you mean `{'}'}` or `&rbrace;`?
DEBUG nx::native::plugins::js::ts_import_locators: /Users/3bird/Documents/personal/studycourse/education-site-frontend/apps/student/components/CustomSearch.tsx/index.tsx:82:2 Unexpected token. Did you mean `{'}'}` or `&rbrace;`?
DEBUG nx::native::plugins::js::ts_import_locators: /Users/3bird/Documents/personal/studycourse/education-site-frontend/apps/student/components/CustomSearch.tsx/index.tsx:132:0 Unexpected token. Did you mean `{'}'}` or `&rbrace;`?
DEBUG nx::native::plugins::js::ts_import_locators: /Users/3bird/Documents/personal/studycourse/education-site-frontend/apps/admin/app/features/about/List/index.tsx:290:15 Unexpected token. Did you mean `{'>'}` or `&gt;`?
DEBUG nx::native::plugins::js::ts_import_locators: /Users/3bird/Documents/personal/studycourse/education-site-frontend/apps/admin/app/features/about/List/index.tsx:297:0 Unexpected token. Did you mean `{'}'}` or `&rbrace;`?
Time for 'build typescript dependencies' 210.6115420000001
[NX v21.4.1 Daemon Server] - 2025-08-23T04:47:34.270Z - Wrote project graph cache to /Users/3bird/Documents/personal/studycourse/education-site-frontend/.nx/workspace-data/project-graph.json
[NX v21.4.1 Daemon Server] - 2025-08-23T04:47:34.270Z - [SYNC]: collect registered sync generators
[NX v21.4.1 Daemon Server] - 2025-08-23T04:47:34.271Z - [REQUEST]: Responding to the client. project-graph
[NX v21.4.1 Daemon Server] - 2025-08-23T04:47:34.272Z - [REQUEST]: Responding to the client. project-graph
[NX v21.4.1 Daemon Server] - 2025-08-23T04:47:34.273Z - Time taken for 'total for creating and serializing project graph' 795.896708ms
[NX v21.4.1 Daemon Server] - 2025-08-23T04:47:34.275Z - Done responding to the client project-graph
[NX v21.4.1 Daemon Server] - 2025-08-23T04:47:34.275Z - Handled REQUEST_PROJECT_GRAPH. Handling time: 797. Response time: 3.
[NX v21.4.1 Daemon Server] - 2025-08-23T04:47:34.275Z - Done responding to the client project-graph
[NX v21.4.1 Daemon Server] - 2025-08-23T04:47:34.275Z - Handled REQUEST_PROJECT_GRAPH. Handling time: 802. Response time: 5.
[NX v21.4.1 Daemon Server] - 2025-08-23T04:47:34.282Z - [REQUEST]: Responding to the client. handleRunPreTasksExecution
[NX v21.4.1 Daemon Server] - 2025-08-23T04:47:34.282Z - Done responding to the client handleRunPreTasksExecution
[NX v21.4.1 Daemon Server] - 2025-08-23T04:47:34.282Z - Handled PRE_TASKS_EXECUTION. Handling time: 1. Response time: 0.
[NX v21.4.1 Daemon Server] - 2025-08-23T04:47:34.282Z - Time taken for 'preTasksExecution' 0.2976660000000493ms
[NX v21.4.1 Daemon Server] - 2025-08-23T04:47:34.327Z - Closed a connection. Number of open connections: 1
[NX v21.4.1 Daemon Server] - 2025-08-23T04:47:34.358Z - Reusing in-memory cached project graph because no files changed.
DEBUG nx::native::tasks::task_hasher: plan length: 1
DEBUG nx::native::tasks::hashers::hash_workspace_files: Hashing workspace fileset{cache_key="nx.json,.gitignore,.nxignore"}: Adding "2913894268036001599" (".gitignore") to hash
DEBUG nx::native::tasks::hashers::hash_workspace_files: Hashing workspace fileset{cache_key="nx.json,.gitignore,.nxignore"}: Adding "3619439782444644385" ("nx.json") to hash
DEBUG nx::native::tasks::hashers::hash_workspace_files: Hashing workspace fileset{cache_key="nx.json,.gitignore,.nxignore"}: Hash Value: "12630403656253729768"
[NX v21.4.1 Daemon Server] - 2025-08-23T04:47:34.378Z - [REQUEST]: Responding to the client. handleHashTasks
[NX v21.4.1 Daemon Server] - 2025-08-23T04:47:34.379Z - [WATCHER]: Processing file changes in outputs
[NX v21.4.1 Daemon Server] - 2025-08-23T04:47:34.382Z - Done responding to the client handleHashTasks
[NX v21.4.1 Daemon Server] - 2025-08-23T04:47:34.382Z - Handled HASH_TASKS. Handling time: 20. Response time: 4.
[NX v21.4.1 Daemon Server] - 2025-08-23T04:47:34.535Z - [REQUEST]: Responding to the client. handleGetEstimatedTaskTimings
[NX v21.4.1 Daemon Server] - 2025-08-23T04:47:34.535Z - Done responding to the client handleGetEstimatedTaskTimings
[NX v21.4.1 Daemon Server] - 2025-08-23T04:47:34.536Z - Handled GET_ESTIMATED_TASK_TIMINGS. Handling time: 23. Response time: 1.
[NX v21.4.1 Daemon Server] - 2025-08-23T04:47:35.677Z - Established a connection. Number of open connections: 2
[NX v21.4.1 Daemon Server] - 2025-08-23T04:47:35.678Z - Established a connection. Number of open connections: 3
[NX v21.4.1 Daemon Server] - 2025-08-23T04:47:35.678Z - Closed a connection. Number of open connections: 2
[NX v21.4.1 Daemon Server] - 2025-08-23T04:47:35.679Z - [REQUEST]: Client Request for Project Graph Received
[NX v21.4.1 Daemon Server] - 2025-08-23T04:47:35.680Z - Reusing in-memory cached project graph because no files changed.
[NX v21.4.1 Daemon Server] - 2025-08-23T04:47:35.680Z - [REQUEST]: Responding to the client. project-graph
[NX v21.4.1 Daemon Server] - 2025-08-23T04:47:35.682Z - Time taken for 'total for creating and serializing project graph' 0.6401250000003529ms
[NX v21.4.1 Daemon Server] - 2025-08-23T04:47:35.710Z - Done responding to the client project-graph
[NX v21.4.1 Daemon Server] - 2025-08-23T04:47:35.710Z - Handled REQUEST_PROJECT_GRAPH. Handling time: 1. Response time: 30.
[NX v21.4.1 Daemon Server] - 2025-08-23T04:47:35.826Z - Established a connection. Number of open connections: 3
[NX v21.4.1 Daemon Server] - 2025-08-23T04:47:35.826Z - Closed a connection. Number of open connections: 2
[NX v21.4.1 Daemon Server] - 2025-08-23T04:47:35.827Z - Established a connection. Number of open connections: 3
[NX v21.4.1 Daemon Server] - 2025-08-23T04:47:35.828Z - [REQUEST]: Client Request for Project Graph Received
[NX v21.4.1 Daemon Server] - 2025-08-23T04:47:35.828Z - Reusing in-memory cached project graph because no files changed.
[NX v21.4.1 Daemon Server] - 2025-08-23T04:47:35.828Z - [REQUEST]: Responding to the client. project-graph
[NX v21.4.1 Daemon Server] - 2025-08-23T04:47:35.829Z - Time taken for 'total for creating and serializing project graph' 0.15283300000010058ms
[NX v21.4.1 Daemon Server] - 2025-08-23T04:47:35.836Z - Done responding to the client project-graph
[NX v21.4.1 Daemon Server] - 2025-08-23T04:47:35.836Z - Handled REQUEST_PROJECT_GRAPH. Handling time: 0. Response time: 8.
[NX v21.4.1 Daemon Server] - 2025-08-23T04:47:36.310Z - [WATCHER]: apps/admin/tsconfig.json was modified
[NX v21.4.1 Daemon Server] - 2025-08-23T04:47:36.311Z - [WATCHER]: Processing file changes in outputs
[NX v21.4.1 Daemon Server] - 2025-08-23T04:47:36.412Z - [REQUEST]: Updated workspace context based on watched changes, recomputing project graph...
[NX v21.4.1 Daemon Server] - 2025-08-23T04:47:36.412Z - [REQUEST]: apps/admin/tsconfig.json
[NX v21.4.1 Daemon Server] - 2025-08-23T04:47:36.413Z - [REQUEST]: 
[NX v21.4.1 Daemon Server] - 2025-08-23T04:47:36.427Z - Time taken for 'hash changed files from watcher' 0.9933329999998932ms
[NX v21.4.1 Daemon Server] - 2025-08-23T04:47:36.427Z - Closed a connection. Number of open connections: 2
Time for 'nx/core/package-json:createNodes' 1.901082999999744
Time for 'nx/core/project-json:createNodes' 1.997124999999869
Time for 'nx/js/dependencies-and-lockfile:createNodes' 10.389874999999847
[NX v21.4.1 Daemon Server] - 2025-08-23T04:47:36.452Z - Time taken for 'build-project-configs' 20.14337499999965ms
[NX v21.4.1 Daemon Server] - 2025-08-23T04:47:36.504Z - [WATCHER]: Processing file changes in outputs
Time for 'build typescript dependencies' 18.429665999999997
[NX v21.4.1 Daemon Server] - 2025-08-23T04:47:36.546Z - Wrote project graph cache to /Users/3bird/Documents/personal/studycourse/education-site-frontend/.nx/workspace-data/project-graph.json
[NX v21.4.1 Daemon Server] - 2025-08-23T04:47:36.546Z - [SYNC]: collect registered sync generators
[NX v21.4.1 Daemon Server] - 2025-08-23T04:47:36.547Z - [SYNC]: project graph hash is the same, not collecting task sync generators
[NX v21.4.1 Daemon Server] - 2025-08-23T04:47:36.547Z - [SYNC]: nx.json hash is the same, not collecting global sync generators
[NX v21.4.1 Daemon Server] - 2025-08-23T04:47:36.547Z - Time taken for 'total execution time for createProjectGraph()' 89.27470799999992ms
[NX v21.4.1 Daemon Server] - 2025-08-23T04:47:37.100Z - [WATCHER]: Processing file changes in outputs
[NX v21.4.1 Daemon Server] - 2025-08-23T04:47:37.552Z - [WATCHER]: Processing file changes in outputs
[NX v21.4.1 Daemon Server] - 2025-08-23T04:47:38.296Z - [WATCHER]: Processing file changes in outputs
[NX v21.4.1 Daemon Server] - 2025-08-23T04:47:38.347Z - [WATCHER]: Processing file changes in outputs
[NX v21.4.1 Daemon Server] - 2025-08-23T04:47:38.527Z - [WATCHER]: Processing file changes in outputs
[NX v21.4.1 Daemon Server] - 2025-08-23T04:47:39.079Z - [WATCHER]: Processing file changes in outputs
[NX v21.4.1 Daemon Server] - 2025-08-23T04:47:39.162Z - [WATCHER]: Processing file changes in outputs
[NX v21.4.1 Daemon Server] - 2025-08-23T04:47:39.591Z - Established a connection. Number of open connections: 3
[NX v21.4.1 Daemon Server] - 2025-08-23T04:47:39.593Z - Closed a connection. Number of open connections: 2
[NX v21.4.1 Daemon Server] - 2025-08-23T04:47:39.593Z - Established a connection. Number of open connections: 3
[NX v21.4.1 Daemon Server] - 2025-08-23T04:47:39.594Z - [REQUEST]: Client Request for Project Graph Received
[NX v21.4.1 Daemon Server] - 2025-08-23T04:47:39.594Z - Reusing in-memory cached project graph because no files changed.
[NX v21.4.1 Daemon Server] - 2025-08-23T04:47:39.594Z - [REQUEST]: Responding to the client. project-graph
[NX v21.4.1 Daemon Server] - 2025-08-23T04:47:39.595Z - Time taken for 'total for creating and serializing project graph' 0.2558340000005046ms
[NX v21.4.1 Daemon Server] - 2025-08-23T04:47:39.600Z - Done responding to the client project-graph
[NX v21.4.1 Daemon Server] - 2025-08-23T04:47:39.601Z - Handled REQUEST_PROJECT_GRAPH. Handling time: 1. Response time: 7.
[NX v21.4.1 Daemon Server] - 2025-08-23T04:47:41.201Z - [WATCHER]: Processing file changes in outputs
[NX v21.4.1 Daemon Server] - 2025-08-23T04:47:41.336Z - [WATCHER]: Processing file changes in outputs
[NX v21.4.1 Daemon Server] - 2025-08-23T04:47:58.035Z - [WATCHER]: Processing file changes in outputs
[NX v21.4.1 Daemon Server] - 2025-08-23T04:47:58.058Z - [WATCHER]: package.json was modified
[NX v21.4.1 Daemon Server] - 2025-08-23T04:47:58.162Z - [REQUEST]: Updated workspace context based on watched changes, recomputing project graph...
[NX v21.4.1 Daemon Server] - 2025-08-23T04:47:58.162Z - [REQUEST]: package.json
[NX v21.4.1 Daemon Server] - 2025-08-23T04:47:58.162Z - [REQUEST]: 
[NX v21.4.1 Daemon Server] - 2025-08-23T04:47:58.225Z - [WATCHER]: Processing file changes in outputs
[NX v21.4.1 Daemon Server] - 2025-08-23T04:47:58.226Z - Time taken for 'hash changed files from watcher' 3.215415999999095ms
[NX v21.4.1 Daemon Server] - 2025-08-23T04:47:58.226Z - Closed a connection. Number of open connections: 2
[NX v21.4.1 Daemon Server] - 2025-08-23T04:47:58.226Z - Closed a connection. Number of open connections: 1
[NX v21.4.1 Daemon Server] - 2025-08-23T04:47:58.226Z - Closed a connection. Number of open connections: 0
[NX v21.4.1 Daemon Server] - 2025-08-23T04:47:58.228Z - [WATCHER]: Stopping the watcher for /Users/3bird/Documents/personal/studycourse/education-site-frontend (sources)
[NX v21.4.1 Daemon Server] - 2025-08-23T04:47:58.234Z - [WATCHER]: Stopping the watcher for /Users/3bird/Documents/personal/studycourse/education-site-frontend (outputs)
Time for 'nx/core/project-json:createNodes' 19.671915999999328
[NX v21.4.1 Daemon Server] - 2025-08-23T04:47:58.282Z - Server stopped because: "LOCK_FILES_CHANGED"
[NX v21.4.1 Daemon Server] - 2025-08-23T04:50:06.796Z - Started listening on: /var/folders/qd/6ycsymv110361t3k9bsgfr9h0000gn/T/5f4c7286d2718379663c/d.sock
[NX v21.4.1 Daemon Server] - 2025-08-23T04:50:06.804Z - [WATCHER]: Subscribed to changes within: /Users/3bird/Documents/personal/studycourse/education-site-frontend (native)
[NX v21.4.1 Daemon Server] - 2025-08-23T04:50:06.805Z - Established a connection. Number of open connections: 1
[NX v21.4.1 Daemon Server] - 2025-08-23T04:50:06.806Z - Established a connection. Number of open connections: 2
[NX v21.4.1 Daemon Server] - 2025-08-23T04:50:06.807Z - Closed a connection. Number of open connections: 1
[NX v21.4.1 Daemon Server] - 2025-08-23T04:50:06.809Z - [REQUEST]: Client Request for Project Graph Received
[NX v21.4.1 Daemon Server] - 2025-08-23T04:50:06.816Z - Time taken for 'loadSpecifiedNxPlugins' 2.8929580000000072ms
Time for 'plugin worker 20137 code loading' 2.8850000000000016
Time for 'plugin worker 20136 code loading' 2.863417000000002
Time for 'plugin worker 20138 code loading' 3.103999999999999
[NX v21.4.1 Daemon Server] - 2025-08-23T04:50:06.973Z - Time taken for 'Load Nx Plugin: /Users/3bird/Documents/personal/studycourse/education-site-frontend/node_modules/nx/src/plugins/package-json' 161.37970900000002ms
[NX v21.4.1 Daemon Server] - 2025-08-23T04:50:06.977Z - Time taken for 'Load Nx Plugin: /Users/3bird/Documents/personal/studycourse/education-site-frontend/node_modules/nx/src/plugins/project-json/build-nodes/project-json' 165.754042ms
[NX v21.4.1 Daemon Server] - 2025-08-23T04:50:06.992Z - [REQUEST]: Updated workspace context based on watched changes, recomputing project graph...
[NX v21.4.1 Daemon Server] - 2025-08-23T04:50:06.992Z - [REQUEST]: 
[NX v21.4.1 Daemon Server] - 2025-08-23T04:50:06.992Z - [REQUEST]: 
[NX v21.4.1 Daemon Server] - 2025-08-23T04:50:06.993Z - No files changed, but no in-memory cached project graph found. Recomputing it...
[NX v21.4.1 Daemon Server] - 2025-08-23T04:50:06.996Z - Time taken for 'loadDefaultNxPlugins' 181.93766699999998ms
Time for 'nx/core/package-json:createNodes' 0.524708000000004
Time for 'nx/core/project-json:createNodes' 2.084583000000009
Time for 'nx/js/dependencies-and-lockfile:createNodes' 305.82558399999994
[NX v21.4.1 Daemon Server] - 2025-08-23T04:50:07.334Z - Time taken for 'build-project-configs' 317.93195900000006ms
Time for 'build typescript dependencies' 0.11529099999995651
[NX v21.4.1 Daemon Server] - 2025-08-23T04:50:07.365Z - Wrote project graph cache to /Users/3bird/Documents/personal/studycourse/education-site-frontend/.nx/workspace-data/project-graph.json
[NX v21.4.1 Daemon Server] - 2025-08-23T04:50:07.365Z - [SYNC]: collect registered sync generators
[NX v21.4.1 Daemon Server] - 2025-08-23T04:50:07.366Z - [REQUEST]: Responding to the client. project-graph
[NX v21.4.1 Daemon Server] - 2025-08-23T04:50:07.367Z - Time taken for 'total for creating and serializing project graph' 557.1165ms
[NX v21.4.1 Daemon Server] - 2025-08-23T04:50:07.370Z - Done responding to the client project-graph
[NX v21.4.1 Daemon Server] - 2025-08-23T04:50:07.370Z - Handled REQUEST_PROJECT_GRAPH. Handling time: 558. Response time: 4.
[NX v21.4.1 Daemon Server] - 2025-08-23T04:50:07.376Z - [REQUEST]: Responding to the client. handleRunPreTasksExecution
[NX v21.4.1 Daemon Server] - 2025-08-23T04:50:07.376Z - Done responding to the client handleRunPreTasksExecution
[NX v21.4.1 Daemon Server] - 2025-08-23T04:50:07.376Z - Handled PRE_TASKS_EXECUTION. Handling time: 0. Response time: 0.
[NX v21.4.1 Daemon Server] - 2025-08-23T04:50:07.376Z - Time taken for 'preTasksExecution' 0.24787500000002183ms
[NX v21.4.1 Daemon Server] - 2025-08-23T04:50:07.444Z - Reusing in-memory cached project graph because no files changed.
DEBUG nx::native::tasks::task_hasher: plan length: 1
DEBUG nx::native::tasks::hashers::hash_workspace_files: Hashing workspace fileset{cache_key="nx.json,.gitignore,.nxignore"}: Adding "2913894268036001599" (".gitignore") to hash
DEBUG nx::native::tasks::hashers::hash_workspace_files: Hashing workspace fileset{cache_key="nx.json,.gitignore,.nxignore"}: Adding "3619439782444644385" ("nx.json") to hash
DEBUG nx::native::tasks::hashers::hash_workspace_files: Hashing workspace fileset{cache_key="nx.json,.gitignore,.nxignore"}: Hash Value: "12630403656253729768"
[NX v21.4.1 Daemon Server] - 2025-08-23T04:50:07.461Z - [REQUEST]: Responding to the client. handleHashTasks
[NX v21.4.1 Daemon Server] - 2025-08-23T04:50:07.463Z - Done responding to the client handleHashTasks
[NX v21.4.1 Daemon Server] - 2025-08-23T04:50:07.463Z - Handled HASH_TASKS. Handling time: 17. Response time: 2.
[NX v21.4.1 Daemon Server] - 2025-08-23T04:50:07.526Z - [REQUEST]: Responding to the client. handleGetEstimatedTaskTimings
[NX v21.4.1 Daemon Server] - 2025-08-23T04:50:07.529Z - Done responding to the client handleGetEstimatedTaskTimings
[NX v21.4.1 Daemon Server] - 2025-08-23T04:50:07.529Z - Handled GET_ESTIMATED_TASK_TIMINGS. Handling time: 16. Response time: 3.
[NX v21.4.1 Daemon Server] - 2025-08-23T04:50:08.753Z - Established a connection. Number of open connections: 2
[NX v21.4.1 Daemon Server] - 2025-08-23T04:50:08.755Z - Closed a connection. Number of open connections: 1
[NX v21.4.1 Daemon Server] - 2025-08-23T04:50:08.755Z - Established a connection. Number of open connections: 2
[NX v21.4.1 Daemon Server] - 2025-08-23T04:50:08.756Z - [REQUEST]: Client Request for Project Graph Received
[NX v21.4.1 Daemon Server] - 2025-08-23T04:50:08.756Z - Reusing in-memory cached project graph because no files changed.
[NX v21.4.1 Daemon Server] - 2025-08-23T04:50:08.756Z - [REQUEST]: Responding to the client. project-graph
[NX v21.4.1 Daemon Server] - 2025-08-23T04:50:08.758Z - Time taken for 'total for creating and serializing project graph' 0.14883300000019517ms
[NX v21.4.1 Daemon Server] - 2025-08-23T04:50:08.760Z - Done responding to the client project-graph
[NX v21.4.1 Daemon Server] - 2025-08-23T04:50:08.760Z - Handled REQUEST_PROJECT_GRAPH. Handling time: 0. Response time: 4.
[NX v21.4.1 Daemon Server] - 2025-08-23T04:50:10.277Z - [WATCHER]: Processing file changes in outputs
[NX v21.4.1 Daemon Server] - 2025-08-23T04:50:10.760Z - [WATCHER]: Processing file changes in outputs
[NX v21.4.1 Daemon Server] - 2025-08-23T04:50:11.578Z - [WATCHER]: Processing file changes in outputs
[NX v21.4.1 Daemon Server] - 2025-08-23T04:50:11.644Z - [WATCHER]: Processing file changes in outputs
[NX v21.4.1 Daemon Server] - 2025-08-23T04:50:11.866Z - [WATCHER]: Processing file changes in outputs
[NX v21.4.1 Daemon Server] - 2025-08-23T04:50:12.298Z - [WATCHER]: Processing file changes in outputs
[NX v21.4.1 Daemon Server] - 2025-08-23T04:50:12.373Z - [WATCHER]: Processing file changes in outputs
[NX v21.4.1 Daemon Server] - 2025-08-23T04:50:12.640Z - Established a connection. Number of open connections: 3
[NX v21.4.1 Daemon Server] - 2025-08-23T04:50:12.641Z - Established a connection. Number of open connections: 4
[NX v21.4.1 Daemon Server] - 2025-08-23T04:50:12.641Z - Closed a connection. Number of open connections: 3
[NX v21.4.1 Daemon Server] - 2025-08-23T04:50:12.642Z - [REQUEST]: Client Request for Project Graph Received
[NX v21.4.1 Daemon Server] - 2025-08-23T04:50:12.642Z - Reusing in-memory cached project graph because no files changed.
[NX v21.4.1 Daemon Server] - 2025-08-23T04:50:12.642Z - [REQUEST]: Responding to the client. project-graph
[NX v21.4.1 Daemon Server] - 2025-08-23T04:50:12.644Z - Time taken for 'total for creating and serializing project graph' 0.2802080000001297ms
[NX v21.4.1 Daemon Server] - 2025-08-23T04:50:12.647Z - Done responding to the client project-graph
[NX v21.4.1 Daemon Server] - 2025-08-23T04:50:12.647Z - Handled REQUEST_PROJECT_GRAPH. Handling time: 0. Response time: 5.
[NX v21.4.1 Daemon Server] - 2025-08-23T04:50:14.490Z - [WATCHER]: Processing file changes in outputs
[NX v21.4.1 Daemon Server] - 2025-08-23T04:51:11.752Z - Closed a connection. Number of open connections: 2
[NX v21.4.1 Daemon Server] - 2025-08-23T04:51:11.756Z - Closed a connection. Number of open connections: 1
[NX v21.4.1 Daemon Server] - 2025-08-23T04:51:11.768Z - [REQUEST]: Responding to the client. handleRecordTaskRuns
[NX v21.4.1 Daemon Server] - 2025-08-23T04:51:11.768Z - Done responding to the client handleRecordTaskRuns
[NX v21.4.1 Daemon Server] - 2025-08-23T04:51:11.768Z - Handled RECORD_TASK_RUNS. Handling time: 0. Response time: 0.
[NX v21.4.1 Daemon Server] - 2025-08-23T04:51:11.770Z - [REQUEST]: Responding to the client. handleGetFlakyTasks
[NX v21.4.1 Daemon Server] - 2025-08-23T04:51:11.770Z - Done responding to the client handleGetFlakyTasks
[NX v21.4.1 Daemon Server] - 2025-08-23T04:51:11.770Z - Handled GET_FLAKY_TASKS. Handling time: 0. Response time: 0.
[NX v21.4.1 Daemon Server] - 2025-08-23T04:51:11.820Z - [WATCHER]: Processing file changes in outputs
[NX v21.4.1 Daemon Server] - 2025-08-23T04:51:12.093Z - [REQUEST]: Responding to the client. handleRunPostTasksExecution
[NX v21.4.1 Daemon Server] - 2025-08-23T04:51:12.093Z - Done responding to the client handleRunPostTasksExecution
[NX v21.4.1 Daemon Server] - 2025-08-23T04:51:12.093Z - Handled POST_TASKS_EXECUTION. Handling time: 0. Response time: 0.
[NX v21.4.1 Daemon Server] - 2025-08-23T04:51:12.094Z - Time taken for 'postTasksExecution' 0.12729200000467245ms
[NX v21.4.1 Daemon Server] - 2025-08-23T04:51:12.100Z - Closed a connection. Number of open connections: 0
[NX v21.4.1 Daemon Server] - 2025-08-23T04:51:20.165Z - Established a connection. Number of open connections: 1
[NX v21.4.1 Daemon Server] - 2025-08-23T04:51:20.166Z - Closed a connection. Number of open connections: 0
[NX v21.4.1 Daemon Server] - 2025-08-23T04:51:20.167Z - Established a connection. Number of open connections: 1
[NX v21.4.1 Daemon Server] - 2025-08-23T04:51:20.168Z - [REQUEST]: Client Request for Project Graph Received
[NX v21.4.1 Daemon Server] - 2025-08-23T04:51:20.168Z - Reusing in-memory cached project graph because no files changed.
[NX v21.4.1 Daemon Server] - 2025-08-23T04:51:20.169Z - [REQUEST]: Responding to the client. project-graph
[NX v21.4.1 Daemon Server] - 2025-08-23T04:51:20.170Z - Time taken for 'total for creating and serializing project graph' 0.4026250000024447ms
[NX v21.4.1 Daemon Server] - 2025-08-23T04:51:20.172Z - Done responding to the client project-graph
[NX v21.4.1 Daemon Server] - 2025-08-23T04:51:20.172Z - Handled REQUEST_PROJECT_GRAPH. Handling time: 1. Response time: 3.
[NX v21.4.1 Daemon Server] - 2025-08-23T04:51:20.177Z - [REQUEST]: Responding to the client. handleRunPreTasksExecution
[NX v21.4.1 Daemon Server] - 2025-08-23T04:51:20.177Z - Done responding to the client handleRunPreTasksExecution
[NX v21.4.1 Daemon Server] - 2025-08-23T04:51:20.177Z - Handled PRE_TASKS_EXECUTION. Handling time: 1. Response time: 0.
[NX v21.4.1 Daemon Server] - 2025-08-23T04:51:20.177Z - Time taken for 'preTasksExecution' 0.09458399999130052ms
[NX v21.4.1 Daemon Server] - 2025-08-23T04:51:20.317Z - Reusing in-memory cached project graph because no files changed.
DEBUG nx::native::tasks::task_hasher: plan length: 1
[NX v21.4.1 Daemon Server] - 2025-08-23T04:51:20.337Z - [REQUEST]: Responding to the client. handleHashTasks
[NX v21.4.1 Daemon Server] - 2025-08-23T04:51:20.338Z - Done responding to the client handleHashTasks
[NX v21.4.1 Daemon Server] - 2025-08-23T04:51:20.338Z - Handled HASH_TASKS. Handling time: 21. Response time: 1.
[NX v21.4.1 Daemon Server] - 2025-08-23T04:51:20.618Z - [REQUEST]: Responding to the client. handleGetEstimatedTaskTimings
[NX v21.4.1 Daemon Server] - 2025-08-23T04:51:20.619Z - Done responding to the client handleGetEstimatedTaskTimings
[NX v21.4.1 Daemon Server] - 2025-08-23T04:51:20.619Z - Handled GET_ESTIMATED_TASK_TIMINGS. Handling time: 0. Response time: 1.
[NX v21.4.1 Daemon Server] - 2025-08-23T04:51:21.928Z - Established a connection. Number of open connections: 2
[NX v21.4.1 Daemon Server] - 2025-08-23T04:51:21.928Z - Closed a connection. Number of open connections: 1
[NX v21.4.1 Daemon Server] - 2025-08-23T04:51:21.929Z - Established a connection. Number of open connections: 2
[NX v21.4.1 Daemon Server] - 2025-08-23T04:51:21.930Z - [REQUEST]: Client Request for Project Graph Received
[NX v21.4.1 Daemon Server] - 2025-08-23T04:51:21.930Z - Reusing in-memory cached project graph because no files changed.
[NX v21.4.1 Daemon Server] - 2025-08-23T04:51:21.931Z - [REQUEST]: Responding to the client. project-graph
[NX v21.4.1 Daemon Server] - 2025-08-23T04:51:21.932Z - Time taken for 'total for creating and serializing project graph' 0.312541000006604ms
[NX v21.4.1 Daemon Server] - 2025-08-23T04:51:21.940Z - Done responding to the client project-graph
[NX v21.4.1 Daemon Server] - 2025-08-23T04:51:21.940Z - Handled REQUEST_PROJECT_GRAPH. Handling time: 1. Response time: 9.
[NX v21.4.1 Daemon Server] - 2025-08-23T04:51:23.197Z - [WATCHER]: Processing file changes in outputs
[NX v21.4.1 Daemon Server] - 2025-08-23T04:51:23.807Z - [WATCHER]: Processing file changes in outputs
[NX v21.4.1 Daemon Server] - 2025-08-23T04:51:23.871Z - [WATCHER]: Processing file changes in outputs
[NX v21.4.1 Daemon Server] - 2025-08-23T04:51:23.949Z - [WATCHER]: Processing file changes in outputs
[NX v21.4.1 Daemon Server] - 2025-08-23T04:51:24.466Z - [WATCHER]: Processing file changes in outputs
[NX v21.4.1 Daemon Server] - 2025-08-23T04:51:24.837Z - Established a connection. Number of open connections: 3
[NX v21.4.1 Daemon Server] - 2025-08-23T04:51:24.837Z - Established a connection. Number of open connections: 4
[NX v21.4.1 Daemon Server] - 2025-08-23T04:51:24.837Z - Closed a connection. Number of open connections: 3
[NX v21.4.1 Daemon Server] - 2025-08-23T04:51:24.838Z - [REQUEST]: Client Request for Project Graph Received
[NX v21.4.1 Daemon Server] - 2025-08-23T04:51:24.838Z - Reusing in-memory cached project graph because no files changed.
[NX v21.4.1 Daemon Server] - 2025-08-23T04:51:24.839Z - [REQUEST]: Responding to the client. project-graph
[NX v21.4.1 Daemon Server] - 2025-08-23T04:51:24.840Z - Time taken for 'total for creating and serializing project graph' 0.32929199999489356ms
[NX v21.4.1 Daemon Server] - 2025-08-23T04:51:24.841Z - Done responding to the client project-graph
[NX v21.4.1 Daemon Server] - 2025-08-23T04:51:24.842Z - Handled REQUEST_PROJECT_GRAPH. Handling time: 1. Response time: 3.
[NX v21.4.1 Daemon Server] - 2025-08-23T04:51:25.605Z - [WATCHER]: Processing file changes in outputs
[NX v21.4.1 Daemon Server] - 2025-08-23T04:51:56.977Z - [REQUEST]: Client Request for Project Graph Received
[NX v21.4.1 Daemon Server] - 2025-08-23T04:51:56.980Z - Reusing in-memory cached project graph because no files changed.
[NX v21.4.1 Daemon Server] - 2025-08-23T04:51:56.980Z - [REQUEST]: Responding to the client. project-graph
[NX v21.4.1 Daemon Server] - 2025-08-23T04:51:56.986Z - Time taken for 'total for creating and serializing project graph' 3.4665830000012647ms
[NX v21.4.1 Daemon Server] - 2025-08-23T04:51:56.987Z - Closed a connection. Number of open connections: 2
Error: write EPIPE
    at WriteWrap.onWriteComplete [as oncomplete] (node:internal/stream_base_commons:87:19) {
  errno: -32,
  code: 'EPIPE',
  syscall: 'write'
}
[NX v21.4.1 Daemon Server] - 2025-08-23T04:51:56.989Z - Done responding to the client project-graph
[NX v21.4.1 Daemon Server] - 2025-08-23T04:51:56.991Z - Socket error
Error: write EPIPE
    at WriteWrap.onWriteComplete [as oncomplete] (node:internal/stream_base_commons:87:19) {
  errno: -32,
  code: 'EPIPE',
  syscall: 'write'
}
[NX v21.4.1 Daemon Server] - 2025-08-23T04:51:56.991Z - Handled REQUEST_PROJECT_GRAPH. Handling time: 3. Response time: 11.
[NX v21.4.1 Daemon Server] - 2025-08-23T04:51:56.991Z - Closed a connection. Number of open connections: 1
[NX v21.4.1 Daemon Server] - 2025-08-23T04:51:56.995Z - [REQUEST]: Responding to the client. handleRecordTaskRuns
[NX v21.4.1 Daemon Server] - 2025-08-23T04:51:56.995Z - Done responding to the client handleRecordTaskRuns
[NX v21.4.1 Daemon Server] - 2025-08-23T04:51:56.995Z - Handled RECORD_TASK_RUNS. Handling time: 0. Response time: 0.
[NX v21.4.1 Daemon Server] - 2025-08-23T04:51:56.998Z - [REQUEST]: Responding to the client. handleGetFlakyTasks
[NX v21.4.1 Daemon Server] - 2025-08-23T04:51:56.998Z - Done responding to the client handleGetFlakyTasks
[NX v21.4.1 Daemon Server] - 2025-08-23T04:51:56.998Z - Handled GET_FLAKY_TASKS. Handling time: 1. Response time: 0.
[NX v21.4.1 Daemon Server] - 2025-08-23T04:51:57.050Z - [WATCHER]: Processing file changes in outputs
[NX v21.4.1 Daemon Server] - 2025-08-23T04:51:57.319Z - [REQUEST]: Responding to the client. handleRunPostTasksExecution
[NX v21.4.1 Daemon Server] - 2025-08-23T04:51:57.319Z - Done responding to the client handleRunPostTasksExecution
[NX v21.4.1 Daemon Server] - 2025-08-23T04:51:57.320Z - Handled POST_TASKS_EXECUTION. Handling time: 0. Response time: 1.
[NX v21.4.1 Daemon Server] - 2025-08-23T04:51:57.320Z - Time taken for 'postTasksExecution' 0.09345899999607354ms
[NX v21.4.1 Daemon Server] - 2025-08-23T04:51:57.327Z - Closed a connection. Number of open connections: 0
[NX v21.4.1 Daemon Server] - 2025-08-23T04:52:18.698Z - Established a connection. Number of open connections: 1
[NX v21.4.1 Daemon Server] - 2025-08-23T04:52:18.699Z - Established a connection. Number of open connections: 2
[NX v21.4.1 Daemon Server] - 2025-08-23T04:52:18.699Z - Closed a connection. Number of open connections: 1
[NX v21.4.1 Daemon Server] - 2025-08-23T04:52:18.702Z - [REQUEST]: Client Request for Project Graph Received
[NX v21.4.1 Daemon Server] - 2025-08-23T04:52:18.702Z - Reusing in-memory cached project graph because no files changed.
[NX v21.4.1 Daemon Server] - 2025-08-23T04:52:18.702Z - [REQUEST]: Responding to the client. project-graph
[NX v21.4.1 Daemon Server] - 2025-08-23T04:52:18.704Z - Time taken for 'total for creating and serializing project graph' 0.4651670000166632ms
[NX v21.4.1 Daemon Server] - 2025-08-23T04:52:18.706Z - Done responding to the client project-graph
[NX v21.4.1 Daemon Server] - 2025-08-23T04:52:18.706Z - Handled REQUEST_PROJECT_GRAPH. Handling time: 0. Response time: 4.
[NX v21.4.1 Daemon Server] - 2025-08-23T04:52:18.712Z - [REQUEST]: Responding to the client. handleRunPreTasksExecution
[NX v21.4.1 Daemon Server] - 2025-08-23T04:52:18.712Z - Done responding to the client handleRunPreTasksExecution
[NX v21.4.1 Daemon Server] - 2025-08-23T04:52:18.712Z - Handled PRE_TASKS_EXECUTION. Handling time: 0. Response time: 0.
[NX v21.4.1 Daemon Server] - 2025-08-23T04:52:18.712Z - Time taken for 'preTasksExecution' 0.09391699999105185ms
[NX v21.4.1 Daemon Server] - 2025-08-23T04:52:18.784Z - Reusing in-memory cached project graph because no files changed.
DEBUG nx::native::tasks::task_hasher: plan length: 1
[NX v21.4.1 Daemon Server] - 2025-08-23T04:52:18.798Z - [REQUEST]: Responding to the client. handleHashTasks
[NX v21.4.1 Daemon Server] - 2025-08-23T04:52:18.799Z - Done responding to the client handleHashTasks
[NX v21.4.1 Daemon Server] - 2025-08-23T04:52:18.799Z - Handled HASH_TASKS. Handling time: 14. Response time: 1.
[NX v21.4.1 Daemon Server] - 2025-08-23T04:52:18.850Z - [REQUEST]: Responding to the client. handleGetEstimatedTaskTimings
[NX v21.4.1 Daemon Server] - 2025-08-23T04:52:18.850Z - Done responding to the client handleGetEstimatedTaskTimings
[NX v21.4.1 Daemon Server] - 2025-08-23T04:52:18.850Z - Handled GET_ESTIMATED_TASK_TIMINGS. Handling time: 0. Response time: 0.
[NX v21.4.1 Daemon Server] - 2025-08-23T04:52:20.364Z - Established a connection. Number of open connections: 2
[NX v21.4.1 Daemon Server] - 2025-08-23T04:52:20.366Z - Closed a connection. Number of open connections: 1
[NX v21.4.1 Daemon Server] - 2025-08-23T04:52:20.366Z - Established a connection. Number of open connections: 2
[NX v21.4.1 Daemon Server] - 2025-08-23T04:52:20.368Z - [REQUEST]: Client Request for Project Graph Received
[NX v21.4.1 Daemon Server] - 2025-08-23T04:52:20.368Z - Reusing in-memory cached project graph because no files changed.
[NX v21.4.1 Daemon Server] - 2025-08-23T04:52:20.368Z - [REQUEST]: Responding to the client. project-graph
[NX v21.4.1 Daemon Server] - 2025-08-23T04:52:20.369Z - Time taken for 'total for creating and serializing project graph' 0.16916699998546392ms
[NX v21.4.1 Daemon Server] - 2025-08-23T04:52:20.371Z - Done responding to the client project-graph
[NX v21.4.1 Daemon Server] - 2025-08-23T04:52:20.371Z - Handled REQUEST_PROJECT_GRAPH. Handling time: 0. Response time: 3.
[NX v21.4.1 Daemon Server] - 2025-08-23T04:52:21.987Z - [WATCHER]: Processing file changes in outputs
[NX v21.4.1 Daemon Server] - 2025-08-23T04:52:22.731Z - [WATCHER]: Processing file changes in outputs
[NX v21.4.1 Daemon Server] - 2025-08-23T04:52:22.783Z - [WATCHER]: Processing file changes in outputs
[NX v21.4.1 Daemon Server] - 2025-08-23T04:52:22.940Z - [WATCHER]: Processing file changes in outputs
[NX v21.4.1 Daemon Server] - 2025-08-23T04:52:23.416Z - [WATCHER]: Processing file changes in outputs
[NX v21.4.1 Daemon Server] - 2025-08-23T04:52:23.472Z - [WATCHER]: Processing file changes in outputs
[NX v21.4.1 Daemon Server] - 2025-08-23T04:52:23.537Z - [WATCHER]: Processing file changes in outputs
[NX v21.4.1 Daemon Server] - 2025-08-23T04:52:23.782Z - Established a connection. Number of open connections: 3
[NX v21.4.1 Daemon Server] - 2025-08-23T04:52:23.784Z - Closed a connection. Number of open connections: 2
[NX v21.4.1 Daemon Server] - 2025-08-23T04:52:23.784Z - Established a connection. Number of open connections: 3
[NX v21.4.1 Daemon Server] - 2025-08-23T04:52:23.786Z - [REQUEST]: Client Request for Project Graph Received
[NX v21.4.1 Daemon Server] - 2025-08-23T04:52:23.786Z - Reusing in-memory cached project graph because no files changed.
[NX v21.4.1 Daemon Server] - 2025-08-23T04:52:23.786Z - [REQUEST]: Responding to the client. project-graph
[NX v21.4.1 Daemon Server] - 2025-08-23T04:52:23.787Z - Time taken for 'total for creating and serializing project graph' 0.29308299999684095ms
[NX v21.4.1 Daemon Server] - 2025-08-23T04:52:23.791Z - Done responding to the client project-graph
[NX v21.4.1 Daemon Server] - 2025-08-23T04:52:23.791Z - Handled REQUEST_PROJECT_GRAPH. Handling time: 0. Response time: 5.
[NX v21.4.1 Daemon Server] - 2025-08-23T04:52:24.494Z - [WATCHER]: Processing file changes in outputs
[NX v21.4.1 Daemon Server] - 2025-08-23T04:54:59.895Z - Closed a connection. Number of open connections: 2
[NX v21.4.1 Daemon Server] - 2025-08-23T04:54:59.913Z - [REQUEST]: Responding to the client. handleRecordTaskRuns
[NX v21.4.1 Daemon Server] - 2025-08-23T04:54:59.913Z - Done responding to the client handleRecordTaskRuns
[NX v21.4.1 Daemon Server] - 2025-08-23T04:54:59.913Z - Handled RECORD_TASK_RUNS. Handling time: 0. Response time: 1.
[NX v21.4.1 Daemon Server] - 2025-08-23T04:54:59.914Z - Closed a connection. Number of open connections: 1
[NX v21.4.1 Daemon Server] - 2025-08-23T04:54:59.918Z - [REQUEST]: Responding to the client. handleGetFlakyTasks
[NX v21.4.1 Daemon Server] - 2025-08-23T04:54:59.918Z - Done responding to the client handleGetFlakyTasks
[NX v21.4.1 Daemon Server] - 2025-08-23T04:54:59.918Z - Handled GET_FLAKY_TASKS. Handling time: 2. Response time: 0.
[NX v21.4.1 Daemon Server] - 2025-08-23T04:54:59.955Z - [WATCHER]: Processing file changes in outputs
[NX v21.4.1 Daemon Server] - 2025-08-23T04:55:00.228Z - [REQUEST]: Responding to the client. handleRunPostTasksExecution
[NX v21.4.1 Daemon Server] - 2025-08-23T04:55:00.228Z - Done responding to the client handleRunPostTasksExecution
[NX v21.4.1 Daemon Server] - 2025-08-23T04:55:00.228Z - Handled POST_TASKS_EXECUTION. Handling time: 1. Response time: 0.
[NX v21.4.1 Daemon Server] - 2025-08-23T04:55:00.229Z - Time taken for 'postTasksExecution' 0.9863340000156313ms
[NX v21.4.1 Daemon Server] - 2025-08-23T04:55:00.234Z - Closed a connection. Number of open connections: 0
[NX v21.4.1 Daemon Server] - 2025-08-23T04:55:19.555Z - [WATCHER]: Processing file changes in outputs
[NX v21.4.1 Daemon Server] - 2025-08-23T04:55:19.605Z - [WATCHER]: Processing file changes in outputs
[NX v21.4.1 Daemon Server] - 2025-08-23T04:56:26.748Z - [WATCHER]: Processing file changes in outputs
[NX v21.4.1 Daemon Server] - 2025-08-23T04:56:35.015Z - [WATCHER]: Processing file changes in outputs
[NX v21.4.1 Daemon Server] - 2025-08-23T04:56:39.437Z - [WATCHER]: Processing file changes in outputs
[NX v21.4.1 Daemon Server] - 2025-08-23T04:56:39.444Z - [WATCHER]: .yarn/install-state.gz was modified
[NX v21.4.1 Daemon Server] - 2025-08-23T04:56:39.549Z - [REQUEST]: Updated workspace context based on watched changes, recomputing project graph...
[NX v21.4.1 Daemon Server] - 2025-08-23T04:56:39.550Z - [REQUEST]: .yarn/install-state.gz
[NX v21.4.1 Daemon Server] - 2025-08-23T04:56:39.550Z - [REQUEST]: 
[NX v21.4.1 Daemon Server] - 2025-08-23T04:56:39.557Z - Time taken for 'hash changed files from watcher' 2.744249999988824ms
Time for 'nx/core/package-json:createNodes' 2.4217919999500737
Time for 'nx/core/project-json:createNodes' 3.296916000021156
Time for 'nx/js/dependencies-and-lockfile:createNodes' 32.83916700002737
[NX v21.4.1 Daemon Server] - 2025-08-23T04:56:39.617Z - Time taken for 'build-project-configs' 50.11041700001806ms
Time for 'build typescript dependencies' 0.05812499998137355
[NX v21.4.1 Daemon Server] - 2025-08-23T04:56:39.682Z - Wrote project graph cache to /Users/3bird/Documents/personal/studycourse/education-site-frontend/.nx/workspace-data/project-graph.json
[NX v21.4.1 Daemon Server] - 2025-08-23T04:56:39.682Z - [SYNC]: collect registered sync generators
[NX v21.4.1 Daemon Server] - 2025-08-23T04:56:39.682Z - [SYNC]: project graph hash is the same, not collecting task sync generators
[NX v21.4.1 Daemon Server] - 2025-08-23T04:56:39.682Z - [SYNC]: nx.json hash is the same, not collecting global sync generators
[NX v21.4.1 Daemon Server] - 2025-08-23T04:56:39.682Z - Time taken for 'total execution time for createProjectGraph()' 56.44645799999125ms
[NX v21.4.1 Daemon Server] - 2025-08-23T04:56:39.683Z - [WATCHER]: Processing file changes in outputs
[NX v21.4.1 Daemon Server] - 2025-08-23T04:56:39.781Z - [WATCHER]: Processing file changes in outputs
[NX v21.4.1 Daemon Server] - 2025-08-23T04:56:43.535Z - [WATCHER]: Processing file changes in outputs
[NX v21.4.1 Daemon Server] - 2025-08-23T04:56:43.537Z - [WATCHER]: .yarn/install-state.gz was modified
[NX v21.4.1 Daemon Server] - 2025-08-23T04:56:43.739Z - [REQUEST]: Updated workspace context based on watched changes, recomputing project graph...
[NX v21.4.1 Daemon Server] - 2025-08-23T04:56:43.739Z - [REQUEST]: .yarn/install-state.gz
[NX v21.4.1 Daemon Server] - 2025-08-23T04:56:43.739Z - [REQUEST]: 
[NX v21.4.1 Daemon Server] - 2025-08-23T04:56:43.741Z - Time taken for 'hash changed files from watcher' 0.8065000000060536ms
Time for 'nx/core/package-json:createNodes' 1.0858750000479631
Time for 'nx/core/project-json:createNodes' 1.9239160000579432
Time for 'nx/js/dependencies-and-lockfile:createNodes' 7.96775000001071
[NX v21.4.1 Daemon Server] - 2025-08-23T04:56:43.763Z - Time taken for 'build-project-configs' 18.723915999988094ms
Time for 'build typescript dependencies' 0.024957999994512647
[NX v21.4.1 Daemon Server] - 2025-08-23T04:56:43.794Z - Wrote project graph cache to /Users/3bird/Documents/personal/studycourse/education-site-frontend/.nx/workspace-data/project-graph.json
[NX v21.4.1 Daemon Server] - 2025-08-23T04:56:43.794Z - [SYNC]: collect registered sync generators
[NX v21.4.1 Daemon Server] - 2025-08-23T04:56:43.794Z - [SYNC]: project graph hash is the same, not collecting task sync generators
[NX v21.4.1 Daemon Server] - 2025-08-23T04:56:43.794Z - [SYNC]: nx.json hash is the same, not collecting global sync generators
[NX v21.4.1 Daemon Server] - 2025-08-23T04:56:43.794Z - Time taken for 'total execution time for createProjectGraph()' 24.673750000016298ms
[NX v21.4.1 Daemon Server] - 2025-08-23T04:56:44.679Z - [WATCHER]: Processing file changes in outputs
[NX v21.4.1 Daemon Server] - 2025-08-23T04:56:46.657Z - [WATCHER]: Processing file changes in outputs
[NX v21.4.1 Daemon Server] - 2025-08-23T04:56:48.568Z - [WATCHER]: Processing file changes in outputs
[NX v21.4.1 Daemon Server] - 2025-08-23T04:56:54.044Z - Established a connection. Number of open connections: 1
[NX v21.4.1 Daemon Server] - 2025-08-23T04:56:54.045Z - Established a connection. Number of open connections: 2
[NX v21.4.1 Daemon Server] - 2025-08-23T04:56:54.045Z - Closed a connection. Number of open connections: 1
[NX v21.4.1 Daemon Server] - 2025-08-23T04:56:54.047Z - [REQUEST]: Client Request for Project Graph Received
[NX v21.4.1 Daemon Server] - 2025-08-23T04:56:54.047Z - Reusing in-memory cached project graph because no files changed.
[NX v21.4.1 Daemon Server] - 2025-08-23T04:56:54.047Z - [REQUEST]: Responding to the client. project-graph
[NX v21.4.1 Daemon Server] - 2025-08-23T04:56:54.050Z - Time taken for 'total for creating and serializing project graph' 0.5252500000060536ms
[NX v21.4.1 Daemon Server] - 2025-08-23T04:56:54.055Z - Done responding to the client project-graph
[NX v21.4.1 Daemon Server] - 2025-08-23T04:56:54.055Z - Handled REQUEST_PROJECT_GRAPH. Handling time: 0. Response time: 8.
[NX v21.4.1 Daemon Server] - 2025-08-23T04:56:54.062Z - [REQUEST]: Responding to the client. handleRunPreTasksExecution
[NX v21.4.1 Daemon Server] - 2025-08-23T04:56:54.062Z - Done responding to the client handleRunPreTasksExecution
[NX v21.4.1 Daemon Server] - 2025-08-23T04:56:54.062Z - Handled PRE_TASKS_EXECUTION. Handling time: 0. Response time: 0.
[NX v21.4.1 Daemon Server] - 2025-08-23T04:56:54.062Z - Time taken for 'preTasksExecution' 0.09508300002198666ms
[NX v21.4.1 Daemon Server] - 2025-08-23T04:56:54.170Z - Reusing in-memory cached project graph because no files changed.
DEBUG nx::native::tasks::task_hasher: plan length: 2
DEBUG nx::native::tasks::hashers::hash_workspace_files: Hashing workspace fileset{cache_key="nx.json,.gitignore,.nxignore"}: Adding "2913894268036001599" (".gitignore") to hash
DEBUG nx::native::tasks::hashers::hash_workspace_files: Hashing workspace fileset{cache_key="nx.json,.gitignore,.nxignore"}: Adding "3619439782444644385" ("nx.json") to hash
DEBUG nx::native::tasks::hashers::hash_workspace_files: Hashing workspace fileset{cache_key="nx.json,.gitignore,.nxignore"}: Hash Value: "12630403656253729768"
[NX v21.4.1 Daemon Server] - 2025-08-23T04:56:54.202Z - [REQUEST]: Responding to the client. handleHashTasks
[NX v21.4.1 Daemon Server] - 2025-08-23T04:56:54.202Z - Done responding to the client handleHashTasks
[NX v21.4.1 Daemon Server] - 2025-08-23T04:56:54.202Z - Handled HASH_TASKS. Handling time: 32. Response time: 0.
[NX v21.4.1 Daemon Server] - 2025-08-23T04:56:54.518Z - [REQUEST]: Responding to the client. handleGetEstimatedTaskTimings
[NX v21.4.1 Daemon Server] - 2025-08-23T04:56:54.518Z - Done responding to the client handleGetEstimatedTaskTimings
[NX v21.4.1 Daemon Server] - 2025-08-23T04:56:54.518Z - Handled GET_ESTIMATED_TASK_TIMINGS. Handling time: 1. Response time: 0.
[NX v21.4.1 Daemon Server] - 2025-08-23T04:56:56.767Z - Established a connection. Number of open connections: 2
[NX v21.4.1 Daemon Server] - 2025-08-23T04:56:56.768Z - Closed a connection. Number of open connections: 1
[NX v21.4.1 Daemon Server] - 2025-08-23T04:56:56.768Z - Established a connection. Number of open connections: 2
[NX v21.4.1 Daemon Server] - 2025-08-23T04:56:56.769Z - [REQUEST]: Client Request for Project Graph Received
[NX v21.4.1 Daemon Server] - 2025-08-23T04:56:56.769Z - Reusing in-memory cached project graph because no files changed.
[NX v21.4.1 Daemon Server] - 2025-08-23T04:56:56.770Z - [REQUEST]: Responding to the client. project-graph
[NX v21.4.1 Daemon Server] - 2025-08-23T04:56:56.771Z - Time taken for 'total for creating and serializing project graph' 0.2539579999865964ms
[NX v21.4.1 Daemon Server] - 2025-08-23T04:56:56.773Z - Done responding to the client project-graph
[NX v21.4.1 Daemon Server] - 2025-08-23T04:56:56.773Z - Handled REQUEST_PROJECT_GRAPH. Handling time: 1. Response time: 3.
[NX v21.4.1 Daemon Server] - 2025-08-23T04:56:57.144Z - [WATCHER]: Processing file changes in outputs
[NX v21.4.1 Daemon Server] - 2025-08-23T04:57:00.916Z - [WATCHER]: Processing file changes in outputs
[NX v21.4.1 Daemon Server] - 2025-08-23T04:57:10.708Z - [WATCHER]: Processing file changes in outputs
[NX v21.4.1 Daemon Server] - 2025-08-23T04:57:12.682Z - [WATCHER]: Processing file changes in outputs
[NX v21.4.1 Daemon Server] - 2025-08-23T04:57:12.735Z - [WATCHER]: Processing file changes in outputs
[NX v21.4.1 Daemon Server] - 2025-08-23T04:57:13.633Z - [WATCHER]: Processing file changes in outputs
[NX v21.4.1 Daemon Server] - 2025-08-23T04:57:15.411Z - [WATCHER]: Processing file changes in outputs
[NX v21.4.1 Daemon Server] - 2025-08-23T04:57:15.553Z - [WATCHER]: Processing file changes in outputs
[NX v21.4.1 Daemon Server] - 2025-08-23T04:57:15.606Z - [WATCHER]: Processing file changes in outputs
[NX v21.4.1 Daemon Server] - 2025-08-23T04:57:24.679Z - [WATCHER]: Processing file changes in outputs
[NX v21.4.1 Daemon Server] - 2025-08-23T04:57:26.637Z - [WATCHER]: Processing file changes in outputs
[NX v21.4.1 Daemon Server] - 2025-08-23T04:57:26.714Z - [WATCHER]: Processing file changes in outputs
[NX v21.4.1 Daemon Server] - 2025-08-23T04:57:33.093Z - [WATCHER]: Processing file changes in outputs
[NX v21.4.1 Daemon Server] - 2025-08-23T04:57:47.588Z - [WATCHER]: Processing file changes in outputs
[NX v21.4.1 Daemon Server] - 2025-08-23T04:57:47.704Z - [WATCHER]: Processing file changes in outputs
[NX v21.4.1 Daemon Server] - 2025-08-23T04:57:47.801Z - [WATCHER]: Processing file changes in outputs
[NX v21.4.1 Daemon Server] - 2025-08-23T04:57:47.999Z - [WATCHER]: Processing file changes in outputs
[NX v21.4.1 Daemon Server] - 2025-08-23T04:57:48.093Z - [WATCHER]: Processing file changes in outputs
[NX v21.4.1 Daemon Server] - 2025-08-23T04:57:48.145Z - [WATCHER]: Processing file changes in outputs
[NX v21.4.1 Daemon Server] - 2025-08-23T04:57:48.199Z - [WATCHER]: Processing file changes in outputs
[NX v21.4.1 Daemon Server] - 2025-08-23T04:57:48.701Z - Closed a connection. Number of open connections: 1
[NX v21.4.1 Daemon Server] - 2025-08-23T04:57:48.763Z - [WATCHER]: Processing file changes in outputs
[NX v21.4.1 Daemon Server] - 2025-08-23T04:57:48.823Z - [REQUEST]: Responding to the client. recordOutputsHash
[NX v21.4.1 Daemon Server] - 2025-08-23T04:57:48.823Z - Done responding to the client recordOutputsHash
[NX v21.4.1 Daemon Server] - 2025-08-23T04:57:48.823Z - Handled RECORD_OUTPUTS_HASH. Handling time: 8. Response time: 0.
[NX v21.4.1 Daemon Server] - 2025-08-23T04:57:48.823Z - [WATCHER]: Processing file changes in outputs
[NX v21.4.1 Daemon Server] - 2025-08-23T04:57:48.879Z - [WATCHER]: Processing file changes in outputs
[NX v21.4.1 Daemon Server] - 2025-08-23T04:57:48.938Z - [WATCHER]: Processing file changes in outputs
[NX v21.4.1 Daemon Server] - 2025-08-23T04:57:50.361Z - Established a connection. Number of open connections: 2
[NX v21.4.1 Daemon Server] - 2025-08-23T04:57:50.361Z - Closed a connection. Number of open connections: 1
[NX v21.4.1 Daemon Server] - 2025-08-23T04:57:50.362Z - Established a connection. Number of open connections: 2
[NX v21.4.1 Daemon Server] - 2025-08-23T04:57:50.363Z - [REQUEST]: Client Request for Project Graph Received
[NX v21.4.1 Daemon Server] - 2025-08-23T04:57:50.364Z - Reusing in-memory cached project graph because no files changed.
[NX v21.4.1 Daemon Server] - 2025-08-23T04:57:50.364Z - [REQUEST]: Responding to the client. project-graph
[NX v21.4.1 Daemon Server] - 2025-08-23T04:57:50.367Z - Time taken for 'total for creating and serializing project graph' 0.6058330000378191ms
[NX v21.4.1 Daemon Server] - 2025-08-23T04:57:50.369Z - Done responding to the client project-graph
[NX v21.4.1 Daemon Server] - 2025-08-23T04:57:50.369Z - Handled REQUEST_PROJECT_GRAPH. Handling time: 1. Response time: 5.
[NX v21.4.1 Daemon Server] - 2025-08-23T04:57:50.747Z - [WATCHER]: Processing file changes in outputs
[NX v21.4.1 Daemon Server] - 2025-08-23T04:57:55.015Z - [WATCHER]: Processing file changes in outputs
[NX v21.4.1 Daemon Server] - 2025-08-23T04:58:12.242Z - [WATCHER]: Processing file changes in outputs
[NX v21.4.1 Daemon Server] - 2025-08-23T04:58:12.301Z - [WATCHER]: Processing file changes in outputs
[NX v21.4.1 Daemon Server] - 2025-08-23T04:58:12.353Z - [WATCHER]: Processing file changes in outputs
[NX v21.4.1 Daemon Server] - 2025-08-23T04:58:16.050Z - [WATCHER]: Processing file changes in outputs
[NX v21.4.1 Daemon Server] - 2025-08-23T04:58:16.292Z - [WATCHER]: Processing file changes in outputs
[NX v21.4.1 Daemon Server] - 2025-08-23T04:58:16.362Z - [WATCHER]: Processing file changes in outputs
[NX v21.4.1 Daemon Server] - 2025-08-23T04:58:27.619Z - [WATCHER]: Processing file changes in outputs
[NX v21.4.1 Daemon Server] - 2025-08-23T04:58:27.686Z - [WATCHER]: Processing file changes in outputs
[NX v21.4.1 Daemon Server] - 2025-08-23T04:58:27.743Z - [WATCHER]: Processing file changes in outputs
[NX v21.4.1 Daemon Server] - 2025-08-23T04:58:27.796Z - [WATCHER]: Processing file changes in outputs
[NX v21.4.1 Daemon Server] - 2025-08-23T04:58:31.370Z - [WATCHER]: Processing file changes in outputs
[NX v21.4.1 Daemon Server] - 2025-08-23T04:58:31.491Z - [WATCHER]: Processing file changes in outputs
[NX v21.4.1 Daemon Server] - 2025-08-23T04:58:38.259Z - [WATCHER]: Processing file changes in outputs
[NX v21.4.1 Daemon Server] - 2025-08-23T04:58:53.429Z - [WATCHER]: Processing file changes in outputs
[NX v21.4.1 Daemon Server] - 2025-08-23T04:58:53.549Z - [WATCHER]: Processing file changes in outputs
[NX v21.4.1 Daemon Server] - 2025-08-23T04:58:53.931Z - [WATCHER]: Processing file changes in outputs
[NX v21.4.1 Daemon Server] - 2025-08-23T04:58:53.983Z - [WATCHER]: Processing file changes in outputs
[NX v21.4.1 Daemon Server] - 2025-08-23T04:58:54.051Z - [WATCHER]: Processing file changes in outputs
[NX v21.4.1 Daemon Server] - 2025-08-23T04:58:54.131Z - [WATCHER]: Processing file changes in outputs
[NX v21.4.1 Daemon Server] - 2025-08-23T04:58:54.186Z - [WATCHER]: Processing file changes in outputs
[NX v21.4.1 Daemon Server] - 2025-08-23T04:58:54.265Z - [WATCHER]: Processing file changes in outputs
[NX v21.4.1 Daemon Server] - 2025-08-23T04:58:54.342Z - [WATCHER]: Processing file changes in outputs
[NX v21.4.1 Daemon Server] - 2025-08-23T04:58:54.455Z - [WATCHER]: Processing file changes in outputs
[NX v21.4.1 Daemon Server] - 2025-08-23T04:58:54.896Z - Closed a connection. Number of open connections: 1
[NX v21.4.1 Daemon Server] - 2025-08-23T04:58:54.958Z - [WATCHER]: Processing file changes in outputs
[NX v21.4.1 Daemon Server] - 2025-08-23T04:58:55.025Z - [WATCHER]: Processing file changes in outputs
[NX v21.4.1 Daemon Server] - 2025-08-23T04:58:55.085Z - [REQUEST]: Responding to the client. recordOutputsHash
[NX v21.4.1 Daemon Server] - 2025-08-23T04:58:55.085Z - Done responding to the client recordOutputsHash
[NX v21.4.1 Daemon Server] - 2025-08-23T04:58:55.085Z - Handled RECORD_OUTPUTS_HASH. Handling time: 7. Response time: 0.
[NX v21.4.1 Daemon Server] - 2025-08-23T04:58:55.110Z - [WATCHER]: Processing file changes in outputs
[NX v21.4.1 Daemon Server] - 2025-08-23T04:58:55.166Z - [WATCHER]: Processing file changes in outputs
[NX v21.4.1 Daemon Server] - 2025-08-23T04:58:55.180Z - [REQUEST]: Responding to the client. handleRecordTaskRuns
[NX v21.4.1 Daemon Server] - 2025-08-23T04:58:55.180Z - Done responding to the client handleRecordTaskRuns
[NX v21.4.1 Daemon Server] - 2025-08-23T04:58:55.180Z - Handled RECORD_TASK_RUNS. Handling time: 1. Response time: 0.
[NX v21.4.1 Daemon Server] - 2025-08-23T04:58:55.181Z - [REQUEST]: Responding to the client. handleGetFlakyTasks
[NX v21.4.1 Daemon Server] - 2025-08-23T04:58:55.181Z - Done responding to the client handleGetFlakyTasks
[NX v21.4.1 Daemon Server] - 2025-08-23T04:58:55.181Z - Handled GET_FLAKY_TASKS. Handling time: 1. Response time: 0.
[NX v21.4.1 Daemon Server] - 2025-08-23T04:58:55.219Z - [WATCHER]: Processing file changes in outputs
[NX v21.4.1 Daemon Server] - 2025-08-23T04:58:58.476Z - [REQUEST]: Responding to the client. handleRunPostTasksExecution
[NX v21.4.1 Daemon Server] - 2025-08-23T04:58:58.476Z - Done responding to the client handleRunPostTasksExecution
[NX v21.4.1 Daemon Server] - 2025-08-23T04:58:58.476Z - Handled POST_TASKS_EXECUTION. Handling time: 0. Response time: 0.
[NX v21.4.1 Daemon Server] - 2025-08-23T04:58:58.477Z - Time taken for 'postTasksExecution' 0.35870899993460625ms
[NX v21.4.1 Daemon Server] - 2025-08-23T04:58:58.488Z - Closed a connection. Number of open connections: 0
[NX v21.4.1 Daemon Server] - 2025-08-23T04:59:12.135Z - Established a connection. Number of open connections: 1
[NX v21.4.1 Daemon Server] - 2025-08-23T04:59:12.136Z - Closed a connection. Number of open connections: 0
[NX v21.4.1 Daemon Server] - 2025-08-23T04:59:12.136Z - Established a connection. Number of open connections: 1
[NX v21.4.1 Daemon Server] - 2025-08-23T04:59:12.138Z - [REQUEST]: Client Request for Project Graph Received
[NX v21.4.1 Daemon Server] - 2025-08-23T04:59:12.138Z - Reusing in-memory cached project graph because no files changed.
[NX v21.4.1 Daemon Server] - 2025-08-23T04:59:12.138Z - [REQUEST]: Responding to the client. project-graph
[NX v21.4.1 Daemon Server] - 2025-08-23T04:59:12.140Z - Time taken for 'total for creating and serializing project graph' 0.2669160000514239ms
[NX v21.4.1 Daemon Server] - 2025-08-23T04:59:12.143Z - Done responding to the client project-graph
[NX v21.4.1 Daemon Server] - 2025-08-23T04:59:12.144Z - Handled REQUEST_PROJECT_GRAPH. Handling time: 0. Response time: 6.
[NX v21.4.1 Daemon Server] - 2025-08-23T04:59:12.150Z - [REQUEST]: Responding to the client. handleRunPreTasksExecution
[NX v21.4.1 Daemon Server] - 2025-08-23T04:59:12.150Z - Done responding to the client handleRunPreTasksExecution
[NX v21.4.1 Daemon Server] - 2025-08-23T04:59:12.150Z - Handled PRE_TASKS_EXECUTION. Handling time: 0. Response time: 0.
[NX v21.4.1 Daemon Server] - 2025-08-23T04:59:12.150Z - Time taken for 'preTasksExecution' 0.09441599994897842ms
[NX v21.4.1 Daemon Server] - 2025-08-23T04:59:12.219Z - Reusing in-memory cached project graph because no files changed.
DEBUG nx::native::tasks::task_hasher: plan length: 1
[NX v21.4.1 Daemon Server] - 2025-08-23T04:59:12.232Z - [REQUEST]: Responding to the client. handleHashTasks
[NX v21.4.1 Daemon Server] - 2025-08-23T04:59:12.232Z - Done responding to the client handleHashTasks
[NX v21.4.1 Daemon Server] - 2025-08-23T04:59:12.233Z - Handled HASH_TASKS. Handling time: 13. Response time: 1.
[NX v21.4.1 Daemon Server] - 2025-08-23T04:59:12.547Z - [REQUEST]: Responding to the client. handleGetEstimatedTaskTimings
[NX v21.4.1 Daemon Server] - 2025-08-23T04:59:12.547Z - Done responding to the client handleGetEstimatedTaskTimings
[NX v21.4.1 Daemon Server] - 2025-08-23T04:59:12.547Z - Handled GET_ESTIMATED_TASK_TIMINGS. Handling time: 1. Response time: 0.
[NX v21.4.1 Daemon Server] - 2025-08-23T04:59:14.004Z - Established a connection. Number of open connections: 2
[NX v21.4.1 Daemon Server] - 2025-08-23T04:59:14.004Z - Closed a connection. Number of open connections: 1
[NX v21.4.1 Daemon Server] - 2025-08-23T04:59:14.005Z - Established a connection. Number of open connections: 2
[NX v21.4.1 Daemon Server] - 2025-08-23T04:59:14.006Z - [REQUEST]: Client Request for Project Graph Received
[NX v21.4.1 Daemon Server] - 2025-08-23T04:59:14.006Z - Reusing in-memory cached project graph because no files changed.
[NX v21.4.1 Daemon Server] - 2025-08-23T04:59:14.006Z - [REQUEST]: Responding to the client. project-graph
[NX v21.4.1 Daemon Server] - 2025-08-23T04:59:14.007Z - Time taken for 'total for creating and serializing project graph' 0.14391700003761798ms
[NX v21.4.1 Daemon Server] - 2025-08-23T04:59:14.010Z - Done responding to the client project-graph
[NX v21.4.1 Daemon Server] - 2025-08-23T04:59:14.010Z - Handled REQUEST_PROJECT_GRAPH. Handling time: 0. Response time: 4.
[NX v21.4.1 Daemon Server] - 2025-08-23T04:59:15.406Z - [WATCHER]: Processing file changes in outputs
[NX v21.4.1 Daemon Server] - 2025-08-23T04:59:16.126Z - [WATCHER]: Processing file changes in outputs
[NX v21.4.1 Daemon Server] - 2025-08-23T04:59:16.178Z - [WATCHER]: Processing file changes in outputs
[NX v21.4.1 Daemon Server] - 2025-08-23T04:59:16.336Z - [WATCHER]: Processing file changes in outputs
[NX v21.4.1 Daemon Server] - 2025-08-23T04:59:16.860Z - [WATCHER]: Processing file changes in outputs
[NX v21.4.1 Daemon Server] - 2025-08-23T04:59:16.996Z - [WATCHER]: Processing file changes in outputs
[NX v21.4.1 Daemon Server] - 2025-08-23T04:59:17.265Z - Established a connection. Number of open connections: 3
[NX v21.4.1 Daemon Server] - 2025-08-23T04:59:17.269Z - Established a connection. Number of open connections: 4
[NX v21.4.1 Daemon Server] - 2025-08-23T04:59:17.269Z - Closed a connection. Number of open connections: 3
[NX v21.4.1 Daemon Server] - 2025-08-23T04:59:17.270Z - [REQUEST]: Client Request for Project Graph Received
[NX v21.4.1 Daemon Server] - 2025-08-23T04:59:17.270Z - Reusing in-memory cached project graph because no files changed.
[NX v21.4.1 Daemon Server] - 2025-08-23T04:59:17.270Z - [REQUEST]: Responding to the client. project-graph
[NX v21.4.1 Daemon Server] - 2025-08-23T04:59:17.272Z - Time taken for 'total for creating and serializing project graph' 0.23699999996460974ms
[NX v21.4.1 Daemon Server] - 2025-08-23T04:59:17.274Z - Done responding to the client project-graph
[NX v21.4.1 Daemon Server] - 2025-08-23T04:59:17.274Z - Handled REQUEST_PROJECT_GRAPH. Handling time: 0. Response time: 4.
[NX v21.4.1 Daemon Server] - 2025-08-23T04:59:17.975Z - [WATCHER]: Processing file changes in outputs
[NX v21.4.1 Daemon Server] - 2025-08-23T04:59:59.731Z - [WATCHER]: Processing file changes in outputs
[NX v21.4.1 Daemon Server] - 2025-08-23T05:00:01.693Z - [WATCHER]: Processing file changes in outputs
[NX v21.4.1 Daemon Server] - 2025-08-23T05:00:03.643Z - [WATCHER]: Processing file changes in outputs
[NX v21.4.1 Daemon Server] - 2025-08-23T05:00:16.036Z - [WATCHER]: Processing file changes in outputs
[NX v21.4.1 Daemon Server] - 2025-08-23T05:00:20.290Z - [WATCHER]: Processing file changes in outputs
[NX v21.4.1 Daemon Server] - 2025-08-23T05:00:22.406Z - [WATCHER]: Processing file changes in outputs
[NX v21.4.1 Daemon Server] - 2025-08-23T05:00:26.646Z - [WATCHER]: Processing file changes in outputs
[NX v21.4.1 Daemon Server] - 2025-08-23T05:00:28.813Z - [WATCHER]: Processing file changes in outputs
[NX v21.4.1 Daemon Server] - 2025-08-23T05:00:30.953Z - [WATCHER]: Processing file changes in outputs
[NX v21.4.1 Daemon Server] - 2025-08-23T05:00:43.737Z - [WATCHER]: Processing file changes in outputs
[NX v21.4.1 Daemon Server] - 2025-08-23T05:00:45.833Z - [WATCHER]: Processing file changes in outputs
[NX v21.4.1 Daemon Server] - 2025-08-23T05:07:37.553Z - Established a connection. Number of open connections: 4
[NX v21.4.1 Daemon Server] - 2025-08-23T05:07:37.558Z - Established a connection. Number of open connections: 5
[NX v21.4.1 Daemon Server] - 2025-08-23T05:07:37.559Z - Closed a connection. Number of open connections: 4
[NX v21.4.1 Daemon Server] - 2025-08-23T05:07:37.563Z - [REQUEST]: Client Request for Project Graph Received
[NX v21.4.1 Daemon Server] - 2025-08-23T05:07:37.564Z - Reusing in-memory cached project graph because no files changed.
[NX v21.4.1 Daemon Server] - 2025-08-23T05:07:37.568Z - [REQUEST]: Responding to the client. project-graph
[NX v21.4.1 Daemon Server] - 2025-08-23T05:07:37.573Z - Time taken for 'total for creating and serializing project graph' 4.753583000041544ms
[NX v21.4.1 Daemon Server] - 2025-08-23T05:07:37.577Z - Done responding to the client project-graph
[NX v21.4.1 Daemon Server] - 2025-08-23T05:07:37.577Z - Handled REQUEST_PROJECT_GRAPH. Handling time: 5. Response time: 9.
[NX v21.4.1 Daemon Server] - 2025-08-23T05:07:37.586Z - [REQUEST]: Responding to the client. handleRunPreTasksExecution
[NX v21.4.1 Daemon Server] - 2025-08-23T05:07:37.586Z - Done responding to the client handleRunPreTasksExecution
[NX v21.4.1 Daemon Server] - 2025-08-23T05:07:37.586Z - Handled PRE_TASKS_EXECUTION. Handling time: 1. Response time: 0.
[NX v21.4.1 Daemon Server] - 2025-08-23T05:07:37.586Z - Time taken for 'preTasksExecution' 0.31758300005458295ms
[NX v21.4.1 Daemon Server] - 2025-08-23T05:07:37.673Z - Reusing in-memory cached project graph because no files changed.
DEBUG nx::native::tasks::task_hasher: plan length: 1
[NX v21.4.1 Daemon Server] - 2025-08-23T05:07:37.694Z - [REQUEST]: Responding to the client. handleHashTasks
[NX v21.4.1 Daemon Server] - 2025-08-23T05:07:37.694Z - Done responding to the client handleHashTasks
[NX v21.4.1 Daemon Server] - 2025-08-23T05:07:37.695Z - Handled HASH_TASKS. Handling time: 21. Response time: 1.
[NX v21.4.1 Daemon Server] - 2025-08-23T05:07:37.935Z - [REQUEST]: Responding to the client. handleGetEstimatedTaskTimings
[NX v21.4.1 Daemon Server] - 2025-08-23T05:07:37.935Z - Done responding to the client handleGetEstimatedTaskTimings
[NX v21.4.1 Daemon Server] - 2025-08-23T05:07:37.935Z - Handled GET_ESTIMATED_TASK_TIMINGS. Handling time: 1. Response time: 0.
[NX v21.4.1 Daemon Server] - 2025-08-23T05:08:12.759Z - Closed a connection. Number of open connections: 3
[NX v21.4.1 Daemon Server] - 2025-08-23T05:08:12.763Z - Closed a connection. Number of open connections: 2
[NX v21.4.1 Daemon Server] - 2025-08-23T05:08:12.782Z - [REQUEST]: Responding to the client. handleRecordTaskRuns
[NX v21.4.1 Daemon Server] - 2025-08-23T05:08:12.783Z - Done responding to the client handleRecordTaskRuns
[NX v21.4.1 Daemon Server] - 2025-08-23T05:08:12.783Z - Handled RECORD_TASK_RUNS. Handling time: 1. Response time: 1.
[NX v21.4.1 Daemon Server] - 2025-08-23T05:08:12.786Z - [REQUEST]: Responding to the client. handleGetFlakyTasks
[NX v21.4.1 Daemon Server] - 2025-08-23T05:08:12.786Z - Done responding to the client handleGetFlakyTasks
[NX v21.4.1 Daemon Server] - 2025-08-23T05:08:12.786Z - Handled GET_FLAKY_TASKS. Handling time: 2. Response time: 0.
[NX v21.4.1 Daemon Server] - 2025-08-23T05:08:12.835Z - [WATCHER]: Processing file changes in outputs
[NX v21.4.1 Daemon Server] - 2025-08-23T05:08:12.867Z - [REQUEST]: Responding to the client. handleRecordTaskRuns
[NX v21.4.1 Daemon Server] - 2025-08-23T05:08:12.867Z - Done responding to the client handleRecordTaskRuns
[NX v21.4.1 Daemon Server] - 2025-08-23T05:08:12.867Z - Handled RECORD_TASK_RUNS. Handling time: 0. Response time: 0.
[NX v21.4.1 Daemon Server] - 2025-08-23T05:08:12.869Z - [REQUEST]: Responding to the client. handleGetFlakyTasks
[NX v21.4.1 Daemon Server] - 2025-08-23T05:08:12.869Z - Done responding to the client handleGetFlakyTasks
[NX v21.4.1 Daemon Server] - 2025-08-23T05:08:12.870Z - Handled GET_FLAKY_TASKS. Handling time: 0. Response time: 1.
[NX v21.4.1 Daemon Server] - 2025-08-23T05:08:13.138Z - [REQUEST]: Responding to the client. handleRunPostTasksExecution
[NX v21.4.1 Daemon Server] - 2025-08-23T05:08:13.138Z - Done responding to the client handleRunPostTasksExecution
[NX v21.4.1 Daemon Server] - 2025-08-23T05:08:13.138Z - Handled POST_TASKS_EXECUTION. Handling time: 1. Response time: 0.
[NX v21.4.1 Daemon Server] - 2025-08-23T05:08:13.139Z - Time taken for 'postTasksExecution' 0.9722499998752028ms
[NX v21.4.1 Daemon Server] - 2025-08-23T05:08:13.145Z - Closed a connection. Number of open connections: 1
[NX v21.4.1 Daemon Server] - 2025-08-23T05:08:13.919Z - [REQUEST]: Responding to the client. handleRunPostTasksExecution
[NX v21.4.1 Daemon Server] - 2025-08-23T05:08:13.919Z - Done responding to the client handleRunPostTasksExecution
[NX v21.4.1 Daemon Server] - 2025-08-23T05:08:13.919Z - Handled POST_TASKS_EXECUTION. Handling time: 0. Response time: 0.
[NX v21.4.1 Daemon Server] - 2025-08-23T05:08:13.920Z - Time taken for 'postTasksExecution' 0.1883330000564456ms
[NX v21.4.1 Daemon Server] - 2025-08-23T05:08:13.927Z - Closed a connection. Number of open connections: 0
[NX v21.4.1 Daemon Server] - 2025-08-23T05:08:18.753Z - Established a connection. Number of open connections: 1
[NX v21.4.1 Daemon Server] - 2025-08-23T05:08:18.755Z - Closed a connection. Number of open connections: 0
[NX v21.4.1 Daemon Server] - 2025-08-23T05:08:18.756Z - Established a connection. Number of open connections: 1
[NX v21.4.1 Daemon Server] - 2025-08-23T05:08:18.757Z - [REQUEST]: Client Request for Project Graph Received
[NX v21.4.1 Daemon Server] - 2025-08-23T05:08:18.758Z - Reusing in-memory cached project graph because no files changed.
[NX v21.4.1 Daemon Server] - 2025-08-23T05:08:18.758Z - [REQUEST]: Responding to the client. project-graph
[NX v21.4.1 Daemon Server] - 2025-08-23T05:08:18.760Z - Time taken for 'total for creating and serializing project graph' 0.4603329999372363ms
[NX v21.4.1 Daemon Server] - 2025-08-23T05:08:18.763Z - Done responding to the client project-graph
[NX v21.4.1 Daemon Server] - 2025-08-23T05:08:18.763Z - Handled REQUEST_PROJECT_GRAPH. Handling time: 1. Response time: 5.
[NX v21.4.1 Daemon Server] - 2025-08-23T05:08:18.771Z - [REQUEST]: Responding to the client. handleRunPreTasksExecution
[NX v21.4.1 Daemon Server] - 2025-08-23T05:08:18.771Z - Done responding to the client handleRunPreTasksExecution
[NX v21.4.1 Daemon Server] - 2025-08-23T05:08:18.771Z - Handled PRE_TASKS_EXECUTION. Handling time: 0. Response time: 0.
[NX v21.4.1 Daemon Server] - 2025-08-23T05:08:18.771Z - Time taken for 'preTasksExecution' 0.1201250001322478ms
[NX v21.4.1 Daemon Server] - 2025-08-23T05:08:18.843Z - Reusing in-memory cached project graph because no files changed.
DEBUG nx::native::tasks::task_hasher: plan length: 1
[NX v21.4.1 Daemon Server] - 2025-08-23T05:08:18.862Z - [REQUEST]: Responding to the client. handleHashTasks
[NX v21.4.1 Daemon Server] - 2025-08-23T05:08:18.862Z - Done responding to the client handleHashTasks
[NX v21.4.1 Daemon Server] - 2025-08-23T05:08:18.862Z - Handled HASH_TASKS. Handling time: 19. Response time: 0.
[NX v21.4.1 Daemon Server] - 2025-08-23T05:08:18.916Z - [REQUEST]: Responding to the client. handleGetEstimatedTaskTimings
[NX v21.4.1 Daemon Server] - 2025-08-23T05:08:18.916Z - Done responding to the client handleGetEstimatedTaskTimings
[NX v21.4.1 Daemon Server] - 2025-08-23T05:08:18.917Z - Handled GET_ESTIMATED_TASK_TIMINGS. Handling time: 1. Response time: 1.
[NX v21.4.1 Daemon Server] - 2025-08-23T05:08:20.553Z - Established a connection. Number of open connections: 2
[NX v21.4.1 Daemon Server] - 2025-08-23T05:08:20.554Z - Closed a connection. Number of open connections: 1
[NX v21.4.1 Daemon Server] - 2025-08-23T05:08:20.554Z - Established a connection. Number of open connections: 2
[NX v21.4.1 Daemon Server] - 2025-08-23T05:08:20.555Z - [REQUEST]: Client Request for Project Graph Received
[NX v21.4.1 Daemon Server] - 2025-08-23T05:08:20.556Z - Reusing in-memory cached project graph because no files changed.
[NX v21.4.1 Daemon Server] - 2025-08-23T05:08:20.556Z - [REQUEST]: Responding to the client. project-graph
[NX v21.4.1 Daemon Server] - 2025-08-23T05:08:20.557Z - Time taken for 'total for creating and serializing project graph' 0.18454100005328655ms
[NX v21.4.1 Daemon Server] - 2025-08-23T05:08:20.559Z - Done responding to the client project-graph
[NX v21.4.1 Daemon Server] - 2025-08-23T05:08:20.559Z - Handled REQUEST_PROJECT_GRAPH. Handling time: 1. Response time: 3.
[NX v21.4.1 Daemon Server] - 2025-08-23T05:08:22.026Z - [WATCHER]: Processing file changes in outputs
[NX v21.4.1 Daemon Server] - 2025-08-23T05:08:22.824Z - [WATCHER]: Processing file changes in outputs
[NX v21.4.1 Daemon Server] - 2025-08-23T05:08:22.885Z - [WATCHER]: Processing file changes in outputs
[NX v21.4.1 Daemon Server] - 2025-08-23T05:08:23.041Z - [WATCHER]: Processing file changes in outputs
[NX v21.4.1 Daemon Server] - 2025-08-23T05:08:23.553Z - [WATCHER]: Processing file changes in outputs
[NX v21.4.1 Daemon Server] - 2025-08-23T05:08:23.686Z - [WATCHER]: Processing file changes in outputs
[NX v21.4.1 Daemon Server] - 2025-08-23T05:08:24.004Z - Established a connection. Number of open connections: 3
[NX v21.4.1 Daemon Server] - 2025-08-23T05:08:24.007Z - Closed a connection. Number of open connections: 2
[NX v21.4.1 Daemon Server] - 2025-08-23T05:08:24.007Z - Established a connection. Number of open connections: 3
[NX v21.4.1 Daemon Server] - 2025-08-23T05:08:24.008Z - [REQUEST]: Client Request for Project Graph Received
[NX v21.4.1 Daemon Server] - 2025-08-23T05:08:24.008Z - Reusing in-memory cached project graph because no files changed.
[NX v21.4.1 Daemon Server] - 2025-08-23T05:08:24.008Z - [REQUEST]: Responding to the client. project-graph
[NX v21.4.1 Daemon Server] - 2025-08-23T05:08:24.010Z - Time taken for 'total for creating and serializing project graph' 0.28666600002907217ms
[NX v21.4.1 Daemon Server] - 2025-08-23T05:08:24.012Z - Done responding to the client project-graph
[NX v21.4.1 Daemon Server] - 2025-08-23T05:08:24.012Z - Handled REQUEST_PROJECT_GRAPH. Handling time: 0. Response time: 4.
[NX v21.4.1 Daemon Server] - 2025-08-23T05:08:24.631Z - [WATCHER]: Processing file changes in outputs
[NX v21.4.1 Daemon Server] - 2025-08-23T06:04:51.092Z - Closed a connection. Number of open connections: 2
[NX v21.4.1 Daemon Server] - 2025-08-23T06:04:51.114Z - Closed a connection. Number of open connections: 1
[NX v21.4.1 Daemon Server] - 2025-08-23T06:04:51.130Z - [REQUEST]: Responding to the client. handleRecordTaskRuns
[NX v21.4.1 Daemon Server] - 2025-08-23T06:04:51.131Z - Done responding to the client handleRecordTaskRuns
[NX v21.4.1 Daemon Server] - 2025-08-23T06:04:51.131Z - Handled RECORD_TASK_RUNS. Handling time: 1. Response time: 1.
[NX v21.4.1 Daemon Server] - 2025-08-23T06:04:51.135Z - [REQUEST]: Responding to the client. handleGetFlakyTasks
[NX v21.4.1 Daemon Server] - 2025-08-23T06:04:51.135Z - Done responding to the client handleGetFlakyTasks
[NX v21.4.1 Daemon Server] - 2025-08-23T06:04:51.135Z - Handled GET_FLAKY_TASKS. Handling time: 1. Response time: 0.
[NX v21.4.1 Daemon Server] - 2025-08-23T06:04:51.151Z - [WATCHER]: Processing file changes in outputs
[NX v21.4.1 Daemon Server] - 2025-08-23T06:04:51.446Z - [REQUEST]: Responding to the client. handleRunPostTasksExecution
[NX v21.4.1 Daemon Server] - 2025-08-23T06:04:51.446Z - Done responding to the client handleRunPostTasksExecution
[NX v21.4.1 Daemon Server] - 2025-08-23T06:04:51.446Z - Handled POST_TASKS_EXECUTION. Handling time: 2. Response time: 0.
[NX v21.4.1 Daemon Server] - 2025-08-23T06:04:51.447Z - Time taken for 'postTasksExecution' 0.5398329999297857ms
[NX v21.4.1 Daemon Server] - 2025-08-23T06:04:51.460Z - Closed a connection. Number of open connections: 0
[NX v21.4.1 Daemon Server] - 2025-08-23T09:05:23.007Z - [WATCHER]: Stopping the watcher for /Users/3bird/Documents/personal/studycourse/education-site-frontend (sources)
[NX v21.4.1 Daemon Server] - 2025-08-23T09:05:23.025Z - [WATCHER]: Stopping the watcher for /Users/3bird/Documents/personal/studycourse/education-site-frontend (outputs)
[NX v21.4.1 Daemon Server] - 2025-08-23T09:05:23.049Z - Server stopped because: "10800000ms of inactivity"
[NX v21.4.1 Daemon Server] - 2025-09-13T15:29:20.321Z - Started listening on: /var/folders/qd/6ycsymv110361t3k9bsgfr9h0000gn/T/5f4c7286d2718379663c/d.sock
[NX v21.4.1 Daemon Server] - 2025-09-13T15:29:20.326Z - [WATCHER]: Subscribed to changes within: /Users/3bird/Documents/personal/studycourse/education-site-frontend (native)
[NX v21.4.1 Daemon Server] - 2025-09-13T15:29:20.327Z - Established a connection. Number of open connections: 1
[NX v21.4.1 Daemon Server] - 2025-09-13T15:29:20.328Z - Established a connection. Number of open connections: 2
[NX v21.4.1 Daemon Server] - 2025-09-13T15:29:20.328Z - Closed a connection. Number of open connections: 1
[NX v21.4.1 Daemon Server] - 2025-09-13T15:29:20.329Z - [REQUEST]: Client Request for Project Graph Received
[NX v21.4.1 Daemon Server] - 2025-09-13T15:29:20.332Z - Time taken for 'loadSpecifiedNxPlugins' 1.0995419999999996ms
Time for 'plugin worker 51743 code loading' 2.375584
Time for 'plugin worker 51745 code loading' 2.318416000000001
Time for 'plugin worker 51744 code loading' 2.449541999999999
[NX v21.4.1 Daemon Server] - 2025-09-13T15:29:20.383Z - [WATCHER]: Processing file changes in outputs
[NX v21.4.1 Daemon Server] - 2025-09-13T15:29:20.435Z - Time taken for 'Load Nx Plugin: /Users/3bird/Documents/personal/studycourse/education-site-frontend/node_modules/nx/src/plugins/package-json' 104.683666ms
[NX v21.4.1 Daemon Server] - 2025-09-13T15:29:20.437Z - Time taken for 'Load Nx Plugin: /Users/3bird/Documents/personal/studycourse/education-site-frontend/node_modules/nx/src/plugins/project-json/build-nodes/project-json' 107.21891699999999ms
[NX v21.4.1 Daemon Server] - 2025-09-13T15:29:20.447Z - [REQUEST]: Updated workspace context based on watched changes, recomputing project graph...
[NX v21.4.1 Daemon Server] - 2025-09-13T15:29:20.447Z - [REQUEST]: 
[NX v21.4.1 Daemon Server] - 2025-09-13T15:29:20.447Z - [REQUEST]: 
[NX v21.4.1 Daemon Server] - 2025-09-13T15:29:20.447Z - No files changed, but no in-memory cached project graph found. Recomputing it...
[NX v21.4.1 Daemon Server] - 2025-09-13T15:29:20.450Z - Time taken for 'loadDefaultNxPlugins' 116.837958ms
Time for 'nx/core/package-json:createNodes' 0.48416699999999935
Time for 'nx/core/project-json:createNodes' 1.107666000000009
Time for 'nx/js/dependencies-and-lockfile:createNodes' 6.036667000000008
[NX v21.4.1 Daemon Server] - 2025-09-13T15:29:20.493Z - Time taken for 'build-project-configs' 23.434458000000006ms
Time for 'build typescript dependencies' 0.13258400000000847
[NX v21.4.1 Daemon Server] - 2025-09-13T15:29:20.520Z - Wrote project graph cache to /Users/3bird/Documents/personal/studycourse/education-site-frontend/.nx/workspace-data/project-graph.json
[NX v21.4.1 Daemon Server] - 2025-09-13T15:29:20.520Z - [SYNC]: collect registered sync generators
[NX v21.4.1 Daemon Server] - 2025-09-13T15:29:20.520Z - [REQUEST]: Responding to the client. project-graph
[NX v21.4.1 Daemon Server] - 2025-09-13T15:29:20.521Z - Time taken for 'total for creating and serializing project graph' 191.47775000000001ms
[NX v21.4.1 Daemon Server] - 2025-09-13T15:29:20.523Z - Done responding to the client project-graph
[NX v21.4.1 Daemon Server] - 2025-09-13T15:29:20.523Z - Handled REQUEST_PROJECT_GRAPH. Handling time: 191. Response time: 3.
[NX v21.4.1 Daemon Server] - 2025-09-13T15:29:20.528Z - [REQUEST]: Responding to the client. handleRunPreTasksExecution
[NX v21.4.1 Daemon Server] - 2025-09-13T15:29:20.529Z - Done responding to the client handleRunPreTasksExecution
[NX v21.4.1 Daemon Server] - 2025-09-13T15:29:20.529Z - Handled PRE_TASKS_EXECUTION. Handling time: 0. Response time: 1.
[NX v21.4.1 Daemon Server] - 2025-09-13T15:29:20.529Z - Time taken for 'preTasksExecution' 0.23858300000000554ms
[NX v21.4.1 Daemon Server] - 2025-09-13T15:29:20.597Z - Reusing in-memory cached project graph because no files changed.
DEBUG nx::native::tasks::task_hasher: plan length: 1
DEBUG nx::native::tasks::hashers::hash_workspace_files: Hashing workspace fileset{cache_key="nx.json,.gitignore,.nxignore"}: Adding "2913894268036001599" (".gitignore") to hash
DEBUG nx::native::tasks::hashers::hash_workspace_files: Hashing workspace fileset{cache_key="nx.json,.gitignore,.nxignore"}: Adding "3619439782444644385" ("nx.json") to hash
DEBUG nx::native::tasks::hashers::hash_workspace_files: Hashing workspace fileset{cache_key="nx.json,.gitignore,.nxignore"}: Hash Value: "12630403656253729768"
[NX v21.4.1 Daemon Server] - 2025-09-13T15:29:20.611Z - [REQUEST]: Responding to the client. handleHashTasks
[NX v21.4.1 Daemon Server] - 2025-09-13T15:29:20.612Z - Done responding to the client handleHashTasks
[NX v21.4.1 Daemon Server] - 2025-09-13T15:29:20.612Z - Handled HASH_TASKS. Handling time: 14. Response time: 1.
[NX v21.4.1 Daemon Server] - 2025-09-13T15:29:20.859Z - [REQUEST]: Responding to the client. handleGetEstimatedTaskTimings
[NX v21.4.1 Daemon Server] - 2025-09-13T15:29:20.859Z - Done responding to the client handleGetEstimatedTaskTimings
[NX v21.4.1 Daemon Server] - 2025-09-13T15:29:20.859Z - Handled GET_ESTIMATED_TASK_TIMINGS. Handling time: 15. Response time: 0.
[NX v21.4.1 Daemon Server] - 2025-09-13T15:29:22.417Z - Established a connection. Number of open connections: 2
[NX v21.4.1 Daemon Server] - 2025-09-13T15:29:22.417Z - Closed a connection. Number of open connections: 1
[NX v21.4.1 Daemon Server] - 2025-09-13T15:29:22.418Z - Established a connection. Number of open connections: 2
[NX v21.4.1 Daemon Server] - 2025-09-13T15:29:22.419Z - [REQUEST]: Client Request for Project Graph Received
[NX v21.4.1 Daemon Server] - 2025-09-13T15:29:22.419Z - Reusing in-memory cached project graph because no files changed.
[NX v21.4.1 Daemon Server] - 2025-09-13T15:29:22.419Z - [REQUEST]: Responding to the client. project-graph
[NX v21.4.1 Daemon Server] - 2025-09-13T15:29:22.421Z - Time taken for 'total for creating and serializing project graph' 0.21541700000034325ms
[NX v21.4.1 Daemon Server] - 2025-09-13T15:29:22.492Z - Done responding to the client project-graph
[NX v21.4.1 Daemon Server] - 2025-09-13T15:29:22.492Z - Handled REQUEST_PROJECT_GRAPH. Handling time: 0. Response time: 73.
[NX v21.4.1 Daemon Server] - 2025-09-13T15:29:24.384Z - [WATCHER]: Processing file changes in outputs
[NX v21.4.1 Daemon Server] - 2025-09-13T15:29:25.789Z - [WATCHER]: Processing file changes in outputs
[NX v21.4.1 Daemon Server] - 2025-09-13T15:29:26.174Z - [WATCHER]: Processing file changes in outputs
[NX v21.4.1 Daemon Server] - 2025-09-13T15:29:26.235Z - [WATCHER]: Processing file changes in outputs
[NX v21.4.1 Daemon Server] - 2025-09-13T15:29:26.645Z - [WATCHER]: Processing file changes in outputs
[NX v21.4.1 Daemon Server] - 2025-09-13T15:29:26.720Z - [WATCHER]: Processing file changes in outputs
[NX v21.4.1 Daemon Server] - 2025-09-13T15:29:27.318Z - Established a connection. Number of open connections: 3
[NX v21.4.1 Daemon Server] - 2025-09-13T15:29:27.318Z - Established a connection. Number of open connections: 4
[NX v21.4.1 Daemon Server] - 2025-09-13T15:29:27.319Z - Closed a connection. Number of open connections: 3
[NX v21.4.1 Daemon Server] - 2025-09-13T15:29:27.320Z - [REQUEST]: Client Request for Project Graph Received
[NX v21.4.1 Daemon Server] - 2025-09-13T15:29:27.320Z - Reusing in-memory cached project graph because no files changed.
[NX v21.4.1 Daemon Server] - 2025-09-13T15:29:27.320Z - [REQUEST]: Responding to the client. project-graph
[NX v21.4.1 Daemon Server] - 2025-09-13T15:29:27.321Z - Time taken for 'total for creating and serializing project graph' 0.3429999999998472ms
[NX v21.4.1 Daemon Server] - 2025-09-13T15:29:27.323Z - Done responding to the client project-graph
[NX v21.4.1 Daemon Server] - 2025-09-13T15:29:27.323Z - Handled REQUEST_PROJECT_GRAPH. Handling time: 0. Response time: 3.
[NX v21.4.1 Daemon Server] - 2025-09-13T15:29:27.756Z - [WATCHER]: Processing file changes in outputs
[NX v21.4.1 Daemon Server] - 2025-09-13T15:37:22.304Z - Closed a connection. Number of open connections: 2
[NX v21.4.1 Daemon Server] - 2025-09-13T15:37:22.308Z - Closed a connection. Number of open connections: 1
[NX v21.4.1 Daemon Server] - 2025-09-13T15:37:22.367Z - [WATCHER]: Processing file changes in outputs
[NX v21.4.1 Daemon Server] - 2025-09-13T15:37:22.404Z - [REQUEST]: Responding to the client. handleRecordTaskRuns
[NX v21.4.1 Daemon Server] - 2025-09-13T15:37:22.404Z - Done responding to the client handleRecordTaskRuns
[NX v21.4.1 Daemon Server] - 2025-09-13T15:37:22.404Z - Handled RECORD_TASK_RUNS. Handling time: 1. Response time: 0.
[NX v21.4.1 Daemon Server] - 2025-09-13T15:37:22.409Z - [REQUEST]: Responding to the client. handleGetFlakyTasks
[NX v21.4.1 Daemon Server] - 2025-09-13T15:37:22.409Z - Done responding to the client handleGetFlakyTasks
[NX v21.4.1 Daemon Server] - 2025-09-13T15:37:22.409Z - Handled GET_FLAKY_TASKS. Handling time: 1. Response time: 1.
[NX v21.4.1 Daemon Server] - 2025-09-13T15:37:22.775Z - [REQUEST]: Responding to the client. handleRunPostTasksExecution
[NX v21.4.1 Daemon Server] - 2025-09-13T15:37:22.775Z - Done responding to the client handleRunPostTasksExecution
[NX v21.4.1 Daemon Server] - 2025-09-13T15:37:22.775Z - Handled POST_TASKS_EXECUTION. Handling time: 0. Response time: 0.
[NX v21.4.1 Daemon Server] - 2025-09-13T15:37:22.776Z - Time taken for 'postTasksExecution' 0.1407500000204891ms
[NX v21.4.1 Daemon Server] - 2025-09-13T15:37:22.782Z - Closed a connection. Number of open connections: 0
[NX v21.4.1 Daemon Server] - 2025-09-13T15:37:24.172Z - Established a connection. Number of open connections: 1
[NX v21.4.1 Daemon Server] - 2025-09-13T15:37:24.173Z - Closed a connection. Number of open connections: 0
[NX v21.4.1 Daemon Server] - 2025-09-13T15:37:24.173Z - Established a connection. Number of open connections: 1
[NX v21.4.1 Daemon Server] - 2025-09-13T15:37:24.175Z - [REQUEST]: Client Request for Project Graph Received
[NX v21.4.1 Daemon Server] - 2025-09-13T15:37:24.175Z - Reusing in-memory cached project graph because no files changed.
[NX v21.4.1 Daemon Server] - 2025-09-13T15:37:24.175Z - [REQUEST]: Responding to the client. project-graph
[NX v21.4.1 Daemon Server] - 2025-09-13T15:37:24.177Z - Time taken for 'total for creating and serializing project graph' 0.31179200002225116ms
[NX v21.4.1 Daemon Server] - 2025-09-13T15:37:24.179Z - Done responding to the client project-graph
[NX v21.4.1 Daemon Server] - 2025-09-13T15:37:24.179Z - Handled REQUEST_PROJECT_GRAPH. Handling time: 0. Response time: 4.
[NX v21.4.1 Daemon Server] - 2025-09-13T15:37:24.183Z - [REQUEST]: Responding to the client. handleRunPreTasksExecution
[NX v21.4.1 Daemon Server] - 2025-09-13T15:37:24.183Z - Done responding to the client handleRunPreTasksExecution
[NX v21.4.1 Daemon Server] - 2025-09-13T15:37:24.183Z - Handled PRE_TASKS_EXECUTION. Handling time: 0. Response time: 0.
[NX v21.4.1 Daemon Server] - 2025-09-13T15:37:24.183Z - Time taken for 'preTasksExecution' 0.06733300001360476ms
[NX v21.4.1 Daemon Server] - 2025-09-13T15:37:24.217Z - Reusing in-memory cached project graph because no files changed.
DEBUG nx::native::tasks::task_hasher: plan length: 1
[NX v21.4.1 Daemon Server] - 2025-09-13T15:37:24.231Z - [REQUEST]: Responding to the client. handleHashTasks
[NX v21.4.1 Daemon Server] - 2025-09-13T15:37:24.232Z - Done responding to the client handleHashTasks
[NX v21.4.1 Daemon Server] - 2025-09-13T15:37:24.232Z - Handled HASH_TASKS. Handling time: 14. Response time: 1.
[NX v21.4.1 Daemon Server] - 2025-09-13T15:37:24.499Z - [REQUEST]: Responding to the client. handleGetEstimatedTaskTimings
[NX v21.4.1 Daemon Server] - 2025-09-13T15:37:24.499Z - Done responding to the client handleGetEstimatedTaskTimings
[NX v21.4.1 Daemon Server] - 2025-09-13T15:37:24.499Z - Handled GET_ESTIMATED_TASK_TIMINGS. Handling time: 0. Response time: 0.
[NX v21.4.1 Daemon Server] - 2025-09-13T15:37:25.457Z - Established a connection. Number of open connections: 2
[NX v21.4.1 Daemon Server] - 2025-09-13T15:37:25.458Z - Established a connection. Number of open connections: 3
[NX v21.4.1 Daemon Server] - 2025-09-13T15:37:25.458Z - Closed a connection. Number of open connections: 2
[NX v21.4.1 Daemon Server] - 2025-09-13T15:37:25.459Z - [REQUEST]: Client Request for Project Graph Received
[NX v21.4.1 Daemon Server] - 2025-09-13T15:37:25.459Z - Reusing in-memory cached project graph because no files changed.
[NX v21.4.1 Daemon Server] - 2025-09-13T15:37:25.460Z - [REQUEST]: Responding to the client. project-graph
[NX v21.4.1 Daemon Server] - 2025-09-13T15:37:25.461Z - Time taken for 'total for creating and serializing project graph' 0.24266699998406693ms
[NX v21.4.1 Daemon Server] - 2025-09-13T15:37:25.474Z - Done responding to the client project-graph
[NX v21.4.1 Daemon Server] - 2025-09-13T15:37:25.474Z - Handled REQUEST_PROJECT_GRAPH. Handling time: 1. Response time: 14.
[NX v21.4.1 Daemon Server] - 2025-09-13T15:37:26.872Z - [WATCHER]: Processing file changes in outputs
[NX v21.4.1 Daemon Server] - 2025-09-13T15:37:27.495Z - [WATCHER]: Processing file changes in outputs
[NX v21.4.1 Daemon Server] - 2025-09-13T15:37:27.547Z - [WATCHER]: Processing file changes in outputs
[NX v21.4.1 Daemon Server] - 2025-09-13T15:37:27.629Z - [WATCHER]: Processing file changes in outputs
[NX v21.4.1 Daemon Server] - 2025-09-13T15:37:27.689Z - [WATCHER]: Processing file changes in outputs
[NX v21.4.1 Daemon Server] - 2025-09-13T15:37:28.133Z - [WATCHER]: Processing file changes in outputs
[NX v21.4.1 Daemon Server] - 2025-09-13T15:37:28.217Z - [WATCHER]: Processing file changes in outputs
[NX v21.4.1 Daemon Server] - 2025-09-13T15:37:28.590Z - Established a connection. Number of open connections: 3
[NX v21.4.1 Daemon Server] - 2025-09-13T15:37:28.590Z - Established a connection. Number of open connections: 4
[NX v21.4.1 Daemon Server] - 2025-09-13T15:37:28.590Z - Closed a connection. Number of open connections: 3
[NX v21.4.1 Daemon Server] - 2025-09-13T15:37:28.592Z - [REQUEST]: Client Request for Project Graph Received
[NX v21.4.1 Daemon Server] - 2025-09-13T15:37:28.592Z - Reusing in-memory cached project graph because no files changed.
[NX v21.4.1 Daemon Server] - 2025-09-13T15:37:28.592Z - [REQUEST]: Responding to the client. project-graph
[NX v21.4.1 Daemon Server] - 2025-09-13T15:37:28.593Z - Time taken for 'total for creating and serializing project graph' 0.3134169999975711ms
[NX v21.4.1 Daemon Server] - 2025-09-13T15:37:28.595Z - Done responding to the client project-graph
[NX v21.4.1 Daemon Server] - 2025-09-13T15:37:28.595Z - Handled REQUEST_PROJECT_GRAPH. Handling time: 1. Response time: 3.
[NX v21.4.1 Daemon Server] - 2025-09-13T15:37:29.252Z - [WATCHER]: Processing file changes in outputs
[NX v21.4.1 Daemon Server] - 2025-09-13T15:40:14.845Z - [REQUEST]: Client Request for Project Graph Received
[NX v21.4.1 Daemon Server] - 2025-09-13T15:40:14.849Z - Reusing in-memory cached project graph because no files changed.
[NX v21.4.1 Daemon Server] - 2025-09-13T15:40:14.849Z - [REQUEST]: Responding to the client. project-graph
[NX v21.4.1 Daemon Server] - 2025-09-13T15:40:14.852Z - Time taken for 'total for creating and serializing project graph' 4.555749999941327ms
[NX v21.4.1 Daemon Server] - 2025-09-13T15:40:14.853Z - Closed a connection. Number of open connections: 2
[NX v21.4.1 Daemon Server] - 2025-09-13T15:40:14.853Z - Closed a connection. Number of open connections: 1
[NX v21.4.1 Daemon Server] - 2025-09-13T15:40:14.866Z - Done responding to the client project-graph
[NX v21.4.1 Daemon Server] - 2025-09-13T15:40:14.866Z - Handled REQUEST_PROJECT_GRAPH. Handling time: 5. Response time: 17.
[NX v21.4.1 Daemon Server] - 2025-09-13T15:40:14.901Z - [WATCHER]: Processing file changes in outputs
[NX v21.4.1 Daemon Server] - 2025-09-13T15:40:14.994Z - Closed a connection. Number of open connections: 0
[NX v21.4.1 Daemon Server] - 2025-09-13T15:40:15.044Z - [WATCHER]: Processing file changes in outputs
[NX v21.4.1 Daemon Server] - 2025-09-13T15:40:15.620Z - Established a connection. Number of open connections: 1
[NX v21.4.1 Daemon Server] - 2025-09-13T15:40:15.621Z - Closed a connection. Number of open connections: 0
[NX v21.4.1 Daemon Server] - 2025-09-13T15:40:15.622Z - Established a connection. Number of open connections: 1
[NX v21.4.1 Daemon Server] - 2025-09-13T15:40:15.624Z - [REQUEST]: Client Request for Project Graph Received
[NX v21.4.1 Daemon Server] - 2025-09-13T15:40:15.625Z - Reusing in-memory cached project graph because no files changed.
[NX v21.4.1 Daemon Server] - 2025-09-13T15:40:15.625Z - [REQUEST]: Responding to the client. project-graph
[NX v21.4.1 Daemon Server] - 2025-09-13T15:40:15.626Z - Time taken for 'total for creating and serializing project graph' 0.5360409999266267ms
[NX v21.4.1 Daemon Server] - 2025-09-13T15:40:15.629Z - Done responding to the client project-graph
[NX v21.4.1 Daemon Server] - 2025-09-13T15:40:15.629Z - Handled REQUEST_PROJECT_GRAPH. Handling time: 1. Response time: 4.
[NX v21.4.1 Daemon Server] - 2025-09-13T15:40:16.365Z - Closed a connection. Number of open connections: 0
[NX v21.4.1 Daemon Server] - 2025-09-13T15:40:16.420Z - [WATCHER]: Processing file changes in outputs
[NX v21.4.1 Daemon Server] - 2025-09-13T15:41:51.010Z - [WATCHER]: Processing file changes in outputs
[NX v21.4.1 Daemon Server] - 2025-09-13T15:41:51.145Z - [WATCHER]: Stopping the watcher for /Users/3bird/Documents/personal/studycourse/education-site-frontend (sources)
[NX v21.4.1 Daemon Server] - 2025-09-13T15:41:51.146Z - [WATCHER]: Stopping the watcher for /Users/3bird/Documents/personal/studycourse/education-site-frontend (outputs)
[NX v21.4.1 Daemon Server] - 2025-09-13T15:41:51.223Z - Server stopped because: "LOCK_FILES_CHANGED"
[NX v21.4.1 Daemon Server] - 2025-09-13T15:42:58.466Z - Started listening on: /var/folders/qd/6ycsymv110361t3k9bsgfr9h0000gn/T/5f4c7286d2718379663c/d.sock
[NX v21.4.1 Daemon Server] - 2025-09-13T15:42:58.473Z - [WATCHER]: Subscribed to changes within: /Users/3bird/Documents/personal/studycourse/education-site-frontend (native)
[NX v21.4.1 Daemon Server] - 2025-09-13T15:42:58.475Z - Established a connection. Number of open connections: 1
[NX v21.4.1 Daemon Server] - 2025-09-13T15:42:58.475Z - Established a connection. Number of open connections: 2
[NX v21.4.1 Daemon Server] - 2025-09-13T15:42:58.477Z - Closed a connection. Number of open connections: 1
[NX v21.4.1 Daemon Server] - 2025-09-13T15:42:58.478Z - [REQUEST]: Client Request for Project Graph Received
[NX v21.4.1 Daemon Server] - 2025-09-13T15:42:58.482Z - Time taken for 'loadSpecifiedNxPlugins' 1.4440000000000026ms
Time for 'plugin worker 55932 code loading' 2.8398749999999993
Time for 'plugin worker 55931 code loading' 2.4864590000000035
Time for 'plugin worker 55930 code loading' 2.903958000000003
[NX v21.4.1 Daemon Server] - 2025-09-13T15:42:58.603Z - Time taken for 'Load Nx Plugin: /Users/3bird/Documents/personal/studycourse/education-site-frontend/node_modules/nx/src/plugins/project-json/build-nodes/project-json' 122.794417ms
[NX v21.4.1 Daemon Server] - 2025-09-13T15:42:58.614Z - Time taken for 'Load Nx Plugin: /Users/3bird/Documents/personal/studycourse/education-site-frontend/node_modules/nx/src/plugins/package-json' 135.282666ms
[NX v21.4.1 Daemon Server] - 2025-09-13T15:42:58.626Z - [REQUEST]: Updated workspace context based on watched changes, recomputing project graph...
[NX v21.4.1 Daemon Server] - 2025-09-13T15:42:58.626Z - [REQUEST]: 
[NX v21.4.1 Daemon Server] - 2025-09-13T15:42:58.626Z - [REQUEST]: 
[NX v21.4.1 Daemon Server] - 2025-09-13T15:42:58.627Z - No files changed, but no in-memory cached project graph found. Recomputing it...
[NX v21.4.1 Daemon Server] - 2025-09-13T15:42:58.630Z - Time taken for 'loadDefaultNxPlugins' 146.37287500000002ms
Time for 'nx/core/package-json:createNodes' 0.5364999999999895
Time for 'nx/core/project-json:createNodes' 1.2176249999999982
Time for 'nx/js/dependencies-and-lockfile:createNodes' 684.682917
[NX v21.4.1 Daemon Server] - 2025-09-13T15:42:59.353Z - Time taken for 'build-project-configs' 698.101625ms
Time for 'build typescript dependencies' 7.109207999999967
[NX v21.4.1 Daemon Server] - 2025-09-13T15:42:59.399Z - Wrote project graph cache to /Users/3bird/Documents/personal/studycourse/education-site-frontend/.nx/workspace-data/project-graph.json
[NX v21.4.1 Daemon Server] - 2025-09-13T15:42:59.400Z - [SYNC]: collect registered sync generators
[NX v21.4.1 Daemon Server] - 2025-09-13T15:42:59.400Z - [REQUEST]: Responding to the client. project-graph
[NX v21.4.1 Daemon Server] - 2025-09-13T15:42:59.401Z - Time taken for 'total for creating and serializing project graph' 921.92625ms
[NX v21.4.1 Daemon Server] - 2025-09-13T15:42:59.403Z - Done responding to the client project-graph
[NX v21.4.1 Daemon Server] - 2025-09-13T15:42:59.403Z - Handled REQUEST_PROJECT_GRAPH. Handling time: 922. Response time: 3.
[NX v21.4.1 Daemon Server] - 2025-09-13T15:42:59.408Z - [REQUEST]: Responding to the client. handleRunPreTasksExecution
[NX v21.4.1 Daemon Server] - 2025-09-13T15:42:59.409Z - Done responding to the client handleRunPreTasksExecution
[NX v21.4.1 Daemon Server] - 2025-09-13T15:42:59.409Z - Handled PRE_TASKS_EXECUTION. Handling time: 0. Response time: 1.
[NX v21.4.1 Daemon Server] - 2025-09-13T15:42:59.409Z - Time taken for 'preTasksExecution' 0.28779099999997015ms
[NX v21.4.1 Daemon Server] - 2025-09-13T15:42:59.462Z - Reusing in-memory cached project graph because no files changed.
DEBUG nx::native::tasks::task_hasher: plan length: 1
DEBUG nx::native::tasks::hashers::hash_workspace_files: Hashing workspace fileset{cache_key="nx.json,.gitignore,.nxignore"}: Adding "2913894268036001599" (".gitignore") to hash
DEBUG nx::native::tasks::hashers::hash_workspace_files: Hashing workspace fileset{cache_key="nx.json,.gitignore,.nxignore"}: Adding "3619439782444644385" ("nx.json") to hash
DEBUG nx::native::tasks::hashers::hash_workspace_files: Hashing workspace fileset{cache_key="nx.json,.gitignore,.nxignore"}: Hash Value: "12630403656253729768"
[NX v21.4.1 Daemon Server] - 2025-09-13T15:42:59.482Z - [REQUEST]: Responding to the client. handleHashTasks
[NX v21.4.1 Daemon Server] - 2025-09-13T15:42:59.482Z - Done responding to the client handleHashTasks
[NX v21.4.1 Daemon Server] - 2025-09-13T15:42:59.482Z - Handled HASH_TASKS. Handling time: 20. Response time: 0.
[NX v21.4.1 Daemon Server] - 2025-09-13T15:42:59.549Z - [REQUEST]: Responding to the client. handleGetEstimatedTaskTimings
[NX v21.4.1 Daemon Server] - 2025-09-13T15:42:59.549Z - Done responding to the client handleGetEstimatedTaskTimings
[NX v21.4.1 Daemon Server] - 2025-09-13T15:42:59.549Z - Handled GET_ESTIMATED_TASK_TIMINGS. Handling time: 13. Response time: 0.
[NX v21.4.1 Daemon Server] - 2025-09-13T15:43:00.597Z - Established a connection. Number of open connections: 2
[NX v21.4.1 Daemon Server] - 2025-09-13T15:43:00.600Z - Closed a connection. Number of open connections: 1
[NX v21.4.1 Daemon Server] - 2025-09-13T15:43:00.600Z - Established a connection. Number of open connections: 2
[NX v21.4.1 Daemon Server] - 2025-09-13T15:43:00.601Z - [REQUEST]: Client Request for Project Graph Received
[NX v21.4.1 Daemon Server] - 2025-09-13T15:43:00.601Z - Reusing in-memory cached project graph because no files changed.
[NX v21.4.1 Daemon Server] - 2025-09-13T15:43:00.601Z - [REQUEST]: Responding to the client. project-graph
[NX v21.4.1 Daemon Server] - 2025-09-13T15:43:00.603Z - Time taken for 'total for creating and serializing project graph' 0.2148339999998825ms
[NX v21.4.1 Daemon Server] - 2025-09-13T15:43:00.604Z - Done responding to the client project-graph
[NX v21.4.1 Daemon Server] - 2025-09-13T15:43:00.604Z - Handled REQUEST_PROJECT_GRAPH. Handling time: 0. Response time: 3.
[NX v21.4.1 Daemon Server] - 2025-09-13T15:43:01.595Z - Established a connection. Number of open connections: 3
[NX v21.4.1 Daemon Server] - 2025-09-13T15:43:01.597Z - Closed a connection. Number of open connections: 2
[NX v21.4.1 Daemon Server] - 2025-09-13T15:43:01.602Z - Established a connection. Number of open connections: 3
[NX v21.4.1 Daemon Server] - 2025-09-13T15:43:01.606Z - [REQUEST]: Client Request for Project Graph Received
[NX v21.4.1 Daemon Server] - 2025-09-13T15:43:01.606Z - Reusing in-memory cached project graph because no files changed.
[NX v21.4.1 Daemon Server] - 2025-09-13T15:43:01.606Z - [REQUEST]: Responding to the client. project-graph
[NX v21.4.1 Daemon Server] - 2025-09-13T15:43:01.608Z - Time taken for 'total for creating and serializing project graph' 0.4984169999997903ms
[NX v21.4.1 Daemon Server] - 2025-09-13T15:43:01.610Z - Done responding to the client project-graph
[NX v21.4.1 Daemon Server] - 2025-09-13T15:43:01.610Z - Handled REQUEST_PROJECT_GRAPH. Handling time: 0. Response time: 4.
[NX v21.4.1 Daemon Server] - 2025-09-13T15:43:02.121Z - [WATCHER]: Processing file changes in outputs
[NX v21.4.1 Daemon Server] - 2025-09-13T15:43:02.551Z - [WATCHER]: Processing file changes in outputs
[NX v21.4.1 Daemon Server] - 2025-09-13T15:43:04.007Z - [WATCHER]: Processing file changes in outputs
[NX v21.4.1 Daemon Server] - 2025-09-13T15:43:04.044Z - [WATCHER]: apps/admin/next-env.d.ts was modified
[NX v21.4.1 Daemon Server] - 2025-09-13T15:43:04.145Z - [REQUEST]: Updated workspace context based on watched changes, recomputing project graph...
[NX v21.4.1 Daemon Server] - 2025-09-13T15:43:04.145Z - [REQUEST]: apps/admin/next-env.d.ts
[NX v21.4.1 Daemon Server] - 2025-09-13T15:43:04.145Z - [REQUEST]: 
[NX v21.4.1 Daemon Server] - 2025-09-13T15:43:04.147Z - Time taken for 'hash changed files from watcher' 0.39441700000043056ms
Time for 'nx/core/package-json:createNodes' 0.9248749999997017
Time for 'nx/core/project-json:createNodes' 2.327749999999469
Time for 'nx/js/dependencies-and-lockfile:createNodes' 9.911957999999686
[NX v21.4.1 Daemon Server] - 2025-09-13T15:43:04.173Z - Time taken for 'build-project-configs' 21.9834579999997ms
Time for 'build typescript dependencies' 4.510084000000461
[NX v21.4.1 Daemon Server] - 2025-09-13T15:43:04.207Z - Wrote project graph cache to /Users/3bird/Documents/personal/studycourse/education-site-frontend/.nx/workspace-data/project-graph.json
[NX v21.4.1 Daemon Server] - 2025-09-13T15:43:04.207Z - [SYNC]: collect registered sync generators
[NX v21.4.1 Daemon Server] - 2025-09-13T15:43:04.207Z - [SYNC]: project graph hash is the same, not collecting task sync generators
[NX v21.4.1 Daemon Server] - 2025-09-13T15:43:04.207Z - [SYNC]: nx.json hash is the same, not collecting global sync generators
[NX v21.4.1 Daemon Server] - 2025-09-13T15:43:04.207Z - Time taken for 'total execution time for createProjectGraph()' 30.21362500000032ms
[NX v21.4.1 Daemon Server] - 2025-09-13T15:43:04.269Z - [WATCHER]: Processing file changes in outputs
[NX v21.4.1 Daemon Server] - 2025-09-13T15:43:04.377Z - [WATCHER]: Processing file changes in outputs
[NX v21.4.1 Daemon Server] - 2025-09-13T15:43:05.680Z - [WATCHER]: Processing file changes in outputs
[NX v21.4.1 Daemon Server] - 2025-09-13T15:43:16.403Z - [WATCHER]: Processing file changes in outputs
[NX v21.4.1 Daemon Server] - 2025-09-13T15:43:16.457Z - [WATCHER]: Processing file changes in outputs
[NX v21.4.1 Daemon Server] - 2025-09-13T15:43:19.071Z - [WATCHER]: Processing file changes in outputs
[NX v21.4.1 Daemon Server] - 2025-09-13T15:43:19.207Z - [WATCHER]: Processing file changes in outputs
[NX v21.4.1 Daemon Server] - 2025-09-13T15:43:20.009Z - [WATCHER]: Processing file changes in outputs
[NX v21.4.1 Daemon Server] - 2025-09-13T15:43:21.374Z - [WATCHER]: Processing file changes in outputs
[NX v21.4.1 Daemon Server] - 2025-09-13T15:43:21.449Z - [WATCHER]: Processing file changes in outputs
[NX v21.4.1 Daemon Server] - 2025-09-13T15:43:21.959Z - [WATCHER]: Processing file changes in outputs
[NX v21.4.1 Daemon Server] - 2025-09-13T15:43:22.512Z - [WATCHER]: Processing file changes in outputs
[NX v21.4.1 Daemon Server] - 2025-09-13T15:43:31.541Z - [WATCHER]: apps/admin/tsconfig.json was modified
[NX v21.4.1 Daemon Server] - 2025-09-13T15:43:31.542Z - [WATCHER]: Processing file changes in outputs
[NX v21.4.1 Daemon Server] - 2025-09-13T15:43:31.744Z - [REQUEST]: Updated workspace context based on watched changes, recomputing project graph...
[NX v21.4.1 Daemon Server] - 2025-09-13T15:43:31.744Z - [REQUEST]: apps/admin/tsconfig.json
[NX v21.4.1 Daemon Server] - 2025-09-13T15:43:31.744Z - [REQUEST]: 
[NX v21.4.1 Daemon Server] - 2025-09-13T15:43:31.748Z - Time taken for 'hash changed files from watcher' 0.8499579999988782ms
Time for 'nx/core/package-json:createNodes' 1.0794589999932214
Time for 'nx/core/project-json:createNodes' 2.368916999999783
Time for 'nx/js/dependencies-and-lockfile:createNodes' 11.212874999997439
[NX v21.4.1 Daemon Server] - 2025-09-13T15:43:31.778Z - Time taken for 'build-project-configs' 27.78933299999335ms
[NX v21.4.1 Daemon Server] - 2025-09-13T15:43:31.780Z - [WATCHER]: Processing file changes in outputs
Time for 'build typescript dependencies' 0.026665999997931067
[NX v21.4.1 Daemon Server] - 2025-09-13T15:43:31.868Z - Wrote project graph cache to /Users/3bird/Documents/personal/studycourse/education-site-frontend/.nx/workspace-data/project-graph.json
[NX v21.4.1 Daemon Server] - 2025-09-13T15:43:31.868Z - [SYNC]: collect registered sync generators
[NX v21.4.1 Daemon Server] - 2025-09-13T15:43:31.869Z - [SYNC]: project graph hash is the same, not collecting task sync generators
[NX v21.4.1 Daemon Server] - 2025-09-13T15:43:31.869Z - [SYNC]: nx.json hash is the same, not collecting global sync generators
[NX v21.4.1 Daemon Server] - 2025-09-13T15:43:31.869Z - Time taken for 'total execution time for createProjectGraph()' 79.34012500000244ms
[NX v21.4.1 Daemon Server] - 2025-09-13T15:43:32.050Z - [WATCHER]: Processing file changes in outputs
[NX v21.4.1 Daemon Server] - 2025-09-13T15:43:32.303Z - [WATCHER]: Processing file changes in outputs
[NX v21.4.1 Daemon Server] - 2025-09-13T15:43:33.302Z - Established a connection. Number of open connections: 4
[NX v21.4.1 Daemon Server] - 2025-09-13T15:43:33.303Z - Closed a connection. Number of open connections: 3
[NX v21.4.1 Daemon Server] - 2025-09-13T15:43:33.303Z - Established a connection. Number of open connections: 4
[NX v21.4.1 Daemon Server] - 2025-09-13T15:43:33.304Z - [REQUEST]: Client Request for Project Graph Received
[NX v21.4.1 Daemon Server] - 2025-09-13T15:43:33.304Z - Reusing in-memory cached project graph because no files changed.
[NX v21.4.1 Daemon Server] - 2025-09-13T15:43:33.304Z - [REQUEST]: Responding to the client. project-graph
[NX v21.4.1 Daemon Server] - 2025-09-13T15:43:33.305Z - Time taken for 'total for creating and serializing project graph' 0.240750000004482ms
[NX v21.4.1 Daemon Server] - 2025-09-13T15:43:33.307Z - Done responding to the client project-graph
[NX v21.4.1 Daemon Server] - 2025-09-13T15:43:33.307Z - Handled REQUEST_PROJECT_GRAPH. Handling time: 0. Response time: 3.
[NX v21.4.1 Daemon Server] - 2025-09-13T15:43:33.312Z - [REQUEST]: Responding to the client. handleRunPreTasksExecution
[NX v21.4.1 Daemon Server] - 2025-09-13T15:43:33.312Z - Done responding to the client handleRunPreTasksExecution
[NX v21.4.1 Daemon Server] - 2025-09-13T15:43:33.312Z - Handled PRE_TASKS_EXECUTION. Handling time: 0. Response time: 0.
[NX v21.4.1 Daemon Server] - 2025-09-13T15:43:33.312Z - Time taken for 'preTasksExecution' 0.05516699999861885ms
[NX v21.4.1 Daemon Server] - 2025-09-13T15:43:33.387Z - Reusing in-memory cached project graph because no files changed.
DEBUG nx::native::tasks::task_hasher: plan length: 1
DEBUG nx::native::tasks::hashers::hash_workspace_files: Hashing workspace fileset{cache_key="nx.json,.gitignore,.nxignore"}: Adding "2913894268036001599" (".gitignore") to hash
DEBUG nx::native::tasks::hashers::hash_workspace_files: Hashing workspace fileset{cache_key="nx.json,.gitignore,.nxignore"}: Adding "3619439782444644385" ("nx.json") to hash
DEBUG nx::native::tasks::hashers::hash_workspace_files: Hashing workspace fileset{cache_key="nx.json,.gitignore,.nxignore"}: Hash Value: "12630403656253729768"
[NX v21.4.1 Daemon Server] - 2025-09-13T15:43:33.404Z - [REQUEST]: Responding to the client. handleHashTasks
[NX v21.4.1 Daemon Server] - 2025-09-13T15:43:33.404Z - Done responding to the client handleHashTasks
[NX v21.4.1 Daemon Server] - 2025-09-13T15:43:33.404Z - Handled HASH_TASKS. Handling time: 17. Response time: 0.
[NX v21.4.1 Daemon Server] - 2025-09-13T15:43:33.466Z - [REQUEST]: Responding to the client. handleGetEstimatedTaskTimings
[NX v21.4.1 Daemon Server] - 2025-09-13T15:43:33.466Z - Done responding to the client handleGetEstimatedTaskTimings
[NX v21.4.1 Daemon Server] - 2025-09-13T15:43:33.466Z - Handled GET_ESTIMATED_TASK_TIMINGS. Handling time: 1. Response time: 0.
[NX v21.4.1 Daemon Server] - 2025-09-13T15:43:41.698Z - Closed a connection. Number of open connections: 3
[NX v21.4.1 Daemon Server] - 2025-09-13T15:43:41.732Z - [REQUEST]: Responding to the client. handleRecordTaskRuns
[NX v21.4.1 Daemon Server] - 2025-09-13T15:43:41.732Z - Done responding to the client handleRecordTaskRuns
[NX v21.4.1 Daemon Server] - 2025-09-13T15:43:41.732Z - Handled RECORD_TASK_RUNS. Handling time: 1. Response time: 0.
[NX v21.4.1 Daemon Server] - 2025-09-13T15:43:41.733Z - [REQUEST]: Responding to the client. handleGetFlakyTasks
[NX v21.4.1 Daemon Server] - 2025-09-13T15:43:41.733Z - Done responding to the client handleGetFlakyTasks
[NX v21.4.1 Daemon Server] - 2025-09-13T15:43:41.733Z - Handled GET_FLAKY_TASKS. Handling time: 0. Response time: 0.
[NX v21.4.1 Daemon Server] - 2025-09-13T15:43:41.743Z - Closed a connection. Number of open connections: 2
[NX v21.4.1 Daemon Server] - 2025-09-13T15:43:41.806Z - [WATCHER]: Processing file changes in outputs
[NX v21.4.1 Daemon Server] - 2025-09-13T15:43:42.334Z - [REQUEST]: Responding to the client. handleRunPostTasksExecution
[NX v21.4.1 Daemon Server] - 2025-09-13T15:43:42.334Z - Done responding to the client handleRunPostTasksExecution
[NX v21.4.1 Daemon Server] - 2025-09-13T15:43:42.334Z - Handled POST_TASKS_EXECUTION. Handling time: 1. Response time: 0.
[NX v21.4.1 Daemon Server] - 2025-09-13T15:43:42.334Z - Time taken for 'postTasksExecution' 0.1472090000024764ms
[NX v21.4.1 Daemon Server] - 2025-09-13T15:43:42.340Z - Closed a connection. Number of open connections: 1
[NX v21.4.1 Daemon Server] - 2025-09-13T15:43:44.435Z - Established a connection. Number of open connections: 2
[NX v21.4.1 Daemon Server] - 2025-09-13T15:43:44.436Z - Closed a connection. Number of open connections: 1
[NX v21.4.1 Daemon Server] - 2025-09-13T15:43:44.436Z - Established a connection. Number of open connections: 2
[NX v21.4.1 Daemon Server] - 2025-09-13T15:43:44.437Z - [REQUEST]: Client Request for Project Graph Received
[NX v21.4.1 Daemon Server] - 2025-09-13T15:43:44.437Z - Reusing in-memory cached project graph because no files changed.
[NX v21.4.1 Daemon Server] - 2025-09-13T15:43:44.437Z - [REQUEST]: Responding to the client. project-graph
[NX v21.4.1 Daemon Server] - 2025-09-13T15:43:44.439Z - Time taken for 'total for creating and serializing project graph' 0.21000000000640284ms
[NX v21.4.1 Daemon Server] - 2025-09-13T15:43:44.441Z - Done responding to the client project-graph
[NX v21.4.1 Daemon Server] - 2025-09-13T15:43:44.441Z - Handled REQUEST_PROJECT_GRAPH. Handling time: 0. Response time: 4.
[NX v21.4.1 Daemon Server] - 2025-09-13T15:43:44.445Z - [REQUEST]: Responding to the client. handleRunPreTasksExecution
[NX v21.4.1 Daemon Server] - 2025-09-13T15:43:44.445Z - Done responding to the client handleRunPreTasksExecution
[NX v21.4.1 Daemon Server] - 2025-09-13T15:43:44.445Z - Handled PRE_TASKS_EXECUTION. Handling time: 0. Response time: 0.
[NX v21.4.1 Daemon Server] - 2025-09-13T15:43:44.445Z - Time taken for 'preTasksExecution' 0.07495899999776157ms
[NX v21.4.1 Daemon Server] - 2025-09-13T15:43:44.511Z - Reusing in-memory cached project graph because no files changed.
DEBUG nx::native::tasks::task_hasher: plan length: 1
[NX v21.4.1 Daemon Server] - 2025-09-13T15:43:44.521Z - [REQUEST]: Responding to the client. handleHashTasks
[NX v21.4.1 Daemon Server] - 2025-09-13T15:43:44.522Z - Done responding to the client handleHashTasks
[NX v21.4.1 Daemon Server] - 2025-09-13T15:43:44.522Z - Handled HASH_TASKS. Handling time: 10. Response time: 1.
[NX v21.4.1 Daemon Server] - 2025-09-13T15:43:44.564Z - [REQUEST]: Responding to the client. handleGetEstimatedTaskTimings
[NX v21.4.1 Daemon Server] - 2025-09-13T15:43:44.564Z - Done responding to the client handleGetEstimatedTaskTimings
[NX v21.4.1 Daemon Server] - 2025-09-13T15:43:44.564Z - Handled GET_ESTIMATED_TASK_TIMINGS. Handling time: 0. Response time: 0.
[NX v21.4.1 Daemon Server] - 2025-09-13T15:43:45.424Z - Established a connection. Number of open connections: 3
[NX v21.4.1 Daemon Server] - 2025-09-13T15:43:45.426Z - Closed a connection. Number of open connections: 2
[NX v21.4.1 Daemon Server] - 2025-09-13T15:43:45.426Z - Established a connection. Number of open connections: 3
[NX v21.4.1 Daemon Server] - 2025-09-13T15:43:45.427Z - [REQUEST]: Client Request for Project Graph Received
[NX v21.4.1 Daemon Server] - 2025-09-13T15:43:45.427Z - Reusing in-memory cached project graph because no files changed.
[NX v21.4.1 Daemon Server] - 2025-09-13T15:43:45.427Z - [REQUEST]: Responding to the client. project-graph
[NX v21.4.1 Daemon Server] - 2025-09-13T15:43:45.429Z - Time taken for 'total for creating and serializing project graph' 0.17700000000331784ms
[NX v21.4.1 Daemon Server] - 2025-09-13T15:43:45.430Z - Done responding to the client project-graph
[NX v21.4.1 Daemon Server] - 2025-09-13T15:43:45.430Z - Handled REQUEST_PROJECT_GRAPH. Handling time: 0. Response time: 3.
[NX v21.4.1 Daemon Server] - 2025-09-13T15:43:46.175Z - Established a connection. Number of open connections: 4
[NX v21.4.1 Daemon Server] - 2025-09-13T15:43:46.177Z - Closed a connection. Number of open connections: 3
[NX v21.4.1 Daemon Server] - 2025-09-13T15:43:46.178Z - Established a connection. Number of open connections: 4
[NX v21.4.1 Daemon Server] - 2025-09-13T15:43:46.179Z - [REQUEST]: Client Request for Project Graph Received
[NX v21.4.1 Daemon Server] - 2025-09-13T15:43:46.180Z - Reusing in-memory cached project graph because no files changed.
[NX v21.4.1 Daemon Server] - 2025-09-13T15:43:46.180Z - [REQUEST]: Responding to the client. project-graph
[NX v21.4.1 Daemon Server] - 2025-09-13T15:43:46.182Z - Time taken for 'total for creating and serializing project graph' 0.501416999999492ms
[NX v21.4.1 Daemon Server] - 2025-09-13T15:43:46.187Z - Done responding to the client project-graph
[NX v21.4.1 Daemon Server] - 2025-09-13T15:43:46.187Z - Handled REQUEST_PROJECT_GRAPH. Handling time: 1. Response time: 7.
[NX v21.4.1 Daemon Server] - 2025-09-13T15:43:47.301Z - [WATCHER]: Processing file changes in outputs
[NX v21.4.1 Daemon Server] - 2025-09-13T15:43:47.608Z - [WATCHER]: Processing file changes in outputs
[NX v21.4.1 Daemon Server] - 2025-09-13T15:43:47.878Z - [WATCHER]: Processing file changes in outputs
[NX v21.4.1 Daemon Server] - 2025-09-13T15:43:48.000Z - [WATCHER]: Processing file changes in outputs
[NX v21.4.1 Daemon Server] - 2025-09-13T15:44:01.259Z - [WATCHER]: Processing file changes in outputs
[NX v21.4.1 Daemon Server] - 2025-09-13T15:44:03.209Z - [WATCHER]: Processing file changes in outputs
[NX v21.4.1 Daemon Server] - 2025-09-13T15:44:04.146Z - [WATCHER]: Processing file changes in outputs
[NX v21.4.1 Daemon Server] - 2025-09-13T15:44:05.963Z - [WATCHER]: Processing file changes in outputs
[NX v21.4.1 Daemon Server] - 2025-09-13T15:44:06.073Z - [WATCHER]: Processing file changes in outputs
[NX v21.4.1 Daemon Server] - 2025-09-13T15:44:06.577Z - [WATCHER]: Processing file changes in outputs
[NX v21.4.1 Daemon Server] - 2025-09-13T15:44:30.076Z - [WATCHER]: Processing file changes in outputs
[NX v21.4.1 Daemon Server] - 2025-09-13T15:44:30.283Z - [WATCHER]: Processing file changes in outputs
[NX v21.4.1 Daemon Server] - 2025-09-13T15:44:31.828Z - [WATCHER]: Processing file changes in outputs
[NX v21.4.1 Daemon Server] - 2025-09-13T15:44:31.880Z - [WATCHER]: Processing file changes in outputs
[NX v21.4.1 Daemon Server] - 2025-09-13T15:44:32.340Z - [WATCHER]: Processing file changes in outputs
[NX v21.4.1 Daemon Server] - 2025-09-13T15:44:56.843Z - [WATCHER]: Processing file changes in outputs
[NX v21.4.1 Daemon Server] - 2025-09-13T15:44:56.850Z - [WATCHER]: .env was created or restored
[NX v21.4.1 Daemon Server] - 2025-09-13T15:44:56.953Z - [REQUEST]: Updated workspace context based on watched changes, recomputing project graph...
[NX v21.4.1 Daemon Server] - 2025-09-13T15:44:56.953Z - [REQUEST]: .env
[NX v21.4.1 Daemon Server] - 2025-09-13T15:44:56.954Z - [REQUEST]: 
[NX v21.4.1 Daemon Server] - 2025-09-13T15:44:56.974Z - Time taken for 'hash changed files from watcher' 0.6874580000003334ms
Time for 'nx/core/package-json:createNodes' 5.542082999992999
Time for 'nx/core/project-json:createNodes' 11.676999999996042
Time for 'nx/js/dependencies-and-lockfile:createNodes' 46.109542000005604
[NX v21.4.1 Daemon Server] - 2025-09-13T15:44:57.032Z - Time taken for 'build-project-configs' 71.48920799999905ms
Time for 'build typescript dependencies' 0.025875000006635673
[NX v21.4.1 Daemon Server] - 2025-09-13T15:44:57.080Z - Wrote project graph cache to /Users/3bird/Documents/personal/studycourse/education-site-frontend/.nx/workspace-data/project-graph.json
[NX v21.4.1 Daemon Server] - 2025-09-13T15:44:57.080Z - [SYNC]: collect registered sync generators
[NX v21.4.1 Daemon Server] - 2025-09-13T15:44:57.080Z - [SYNC]: project graph hash is the same, not collecting task sync generators
[NX v21.4.1 Daemon Server] - 2025-09-13T15:44:57.080Z - [SYNC]: nx.json hash is the same, not collecting global sync generators
[NX v21.4.1 Daemon Server] - 2025-09-13T15:44:57.080Z - Time taken for 'total execution time for createProjectGraph()' 40.275416999997105ms
[NX v21.4.1 Daemon Server] - 2025-09-13T15:45:30.279Z - [WATCHER]: Processing file changes in outputs
[NX v21.4.1 Daemon Server] - 2025-09-13T15:45:30.342Z - [WATCHER]: Processing file changes in outputs
[NX v21.4.1 Daemon Server] - 2025-09-13T15:45:30.439Z - [WATCHER]: Processing file changes in outputs
[NX v21.4.1 Daemon Server] - 2025-09-13T15:46:58.799Z - [WATCHER]: .env was modified
[NX v21.4.1 Daemon Server] - 2025-09-13T15:46:58.800Z - [WATCHER]: Processing file changes in outputs
[NX v21.4.1 Daemon Server] - 2025-09-13T15:46:59.002Z - [REQUEST]: Updated workspace context based on watched changes, recomputing project graph...
[NX v21.4.1 Daemon Server] - 2025-09-13T15:46:59.002Z - [REQUEST]: .env
[NX v21.4.1 Daemon Server] - 2025-09-13T15:46:59.002Z - [REQUEST]: 
[NX v21.4.1 Daemon Server] - 2025-09-13T15:46:59.005Z - Time taken for 'hash changed files from watcher' 0.5699999999778811ms
Time for 'nx/core/package-json:createNodes' 1.113958999980241
Time for 'nx/core/project-json:createNodes' 2.4680840000219177
Time for 'nx/js/dependencies-and-lockfile:createNodes' 14.201624999986961
[NX v21.4.1 Daemon Server] - 2025-09-13T15:46:59.109Z - Time taken for 'build-project-configs' 83.8095420000027ms
Time for 'build typescript dependencies' 0.039874999987659976
[NX v21.4.1 Daemon Server] - 2025-09-13T15:46:59.188Z - Wrote project graph cache to /Users/3bird/Documents/personal/studycourse/education-site-frontend/.nx/workspace-data/project-graph.json
[NX v21.4.1 Daemon Server] - 2025-09-13T15:46:59.188Z - [SYNC]: collect registered sync generators
[NX v21.4.1 Daemon Server] - 2025-09-13T15:46:59.188Z - [SYNC]: project graph hash is the same, not collecting task sync generators
[NX v21.4.1 Daemon Server] - 2025-09-13T15:46:59.188Z - [SYNC]: nx.json hash is the same, not collecting global sync generators
[NX v21.4.1 Daemon Server] - 2025-09-13T15:46:59.188Z - Time taken for 'total execution time for createProjectGraph()' 84.70683399998234ms
[NX v21.4.1 Daemon Server] - 2025-09-13T15:47:05.491Z - [WATCHER]: .env was deleted
[NX v21.4.1 Daemon Server] - 2025-09-13T15:47:05.491Z - [WATCHER]: Processing file changes in outputs
[NX v21.4.1 Daemon Server] - 2025-09-13T15:47:05.892Z - [REQUEST]: Updated workspace context based on watched changes, recomputing project graph...
[NX v21.4.1 Daemon Server] - 2025-09-13T15:47:05.892Z - [REQUEST]: 
[NX v21.4.1 Daemon Server] - 2025-09-13T15:47:05.892Z - [REQUEST]: .env
[NX v21.4.1 Daemon Server] - 2025-09-13T15:47:05.895Z - Time taken for 'hash changed files from watcher' 0.4369580000056885ms
Time for 'nx/core/package-json:createNodes' 2.461875000008149
Time for 'nx/core/project-json:createNodes' 2.447541999979876
Time for 'nx/js/dependencies-and-lockfile:createNodes' 9.346500000014203
[NX v21.4.1 Daemon Server] - 2025-09-13T15:47:05.919Z - Time taken for 'build-project-configs' 20.653083999990486ms
Time for 'build typescript dependencies' 0.020707999996375293
[NX v21.4.1 Daemon Server] - 2025-09-13T15:47:05.959Z - Wrote project graph cache to /Users/3bird/Documents/personal/studycourse/education-site-frontend/.nx/workspace-data/project-graph.json
[NX v21.4.1 Daemon Server] - 2025-09-13T15:47:05.960Z - [SYNC]: collect registered sync generators
[NX v21.4.1 Daemon Server] - 2025-09-13T15:47:05.960Z - [SYNC]: project graph hash is the same, not collecting task sync generators
[NX v21.4.1 Daemon Server] - 2025-09-13T15:47:05.960Z - [SYNC]: nx.json hash is the same, not collecting global sync generators
[NX v21.4.1 Daemon Server] - 2025-09-13T15:47:05.960Z - Time taken for 'total execution time for createProjectGraph()' 34.572291000018595ms
[NX v21.4.1 Daemon Server] - 2025-09-13T15:47:06.685Z - [WATCHER]: Processing file changes in outputs
[NX v21.4.1 Daemon Server] - 2025-09-13T15:47:08.075Z - Closed a connection. Number of open connections: 3
[NX v21.4.1 Daemon Server] - 2025-09-13T15:47:08.091Z - [REQUEST]: Responding to the client. handleRecordTaskRuns
[NX v21.4.1 Daemon Server] - 2025-09-13T15:47:08.091Z - Done responding to the client handleRecordTaskRuns
[NX v21.4.1 Daemon Server] - 2025-09-13T15:47:08.091Z - Handled RECORD_TASK_RUNS. Handling time: 0. Response time: 0.
[NX v21.4.1 Daemon Server] - 2025-09-13T15:47:08.093Z - [REQUEST]: Responding to the client. handleGetFlakyTasks
[NX v21.4.1 Daemon Server] - 2025-09-13T15:47:08.093Z - Done responding to the client handleGetFlakyTasks
[NX v21.4.1 Daemon Server] - 2025-09-13T15:47:08.093Z - Handled GET_FLAKY_TASKS. Handling time: 0. Response time: 0.
[NX v21.4.1 Daemon Server] - 2025-09-13T15:47:08.142Z - Closed a connection. Number of open connections: 2
[NX v21.4.1 Daemon Server] - 2025-09-13T15:47:08.199Z - [WATCHER]: Processing file changes in outputs
[NX v21.4.1 Daemon Server] - 2025-09-13T15:47:08.880Z - [REQUEST]: Responding to the client. handleRunPostTasksExecution
[NX v21.4.1 Daemon Server] - 2025-09-13T15:47:08.880Z - Done responding to the client handleRunPostTasksExecution
[NX v21.4.1 Daemon Server] - 2025-09-13T15:47:08.880Z - Handled POST_TASKS_EXECUTION. Handling time: 0. Response time: 0.
[NX v21.4.1 Daemon Server] - 2025-09-13T15:47:08.880Z - Time taken for 'postTasksExecution' 0.1224999999976717ms
[NX v21.4.1 Daemon Server] - 2025-09-13T15:47:08.887Z - Closed a connection. Number of open connections: 1
[NX v21.4.1 Daemon Server] - 2025-09-13T15:47:11.308Z - Established a connection. Number of open connections: 2
[NX v21.4.1 Daemon Server] - 2025-09-13T15:47:11.308Z - Closed a connection. Number of open connections: 1
[NX v21.4.1 Daemon Server] - 2025-09-13T15:47:11.308Z - Established a connection. Number of open connections: 2
[NX v21.4.1 Daemon Server] - 2025-09-13T15:47:11.310Z - [REQUEST]: Client Request for Project Graph Received
[NX v21.4.1 Daemon Server] - 2025-09-13T15:47:11.310Z - Reusing in-memory cached project graph because no files changed.
[NX v21.4.1 Daemon Server] - 2025-09-13T15:47:11.310Z - [REQUEST]: Responding to the client. project-graph
[NX v21.4.1 Daemon Server] - 2025-09-13T15:47:11.311Z - Time taken for 'total for creating and serializing project graph' 0.3094580000033602ms
[NX v21.4.1 Daemon Server] - 2025-09-13T15:47:11.313Z - Done responding to the client project-graph
[NX v21.4.1 Daemon Server] - 2025-09-13T15:47:11.313Z - Handled REQUEST_PROJECT_GRAPH. Handling time: 0. Response time: 3.
[NX v21.4.1 Daemon Server] - 2025-09-13T15:47:11.318Z - [REQUEST]: Responding to the client. handleRunPreTasksExecution
[NX v21.4.1 Daemon Server] - 2025-09-13T15:47:11.318Z - Done responding to the client handleRunPreTasksExecution
[NX v21.4.1 Daemon Server] - 2025-09-13T15:47:11.318Z - Handled PRE_TASKS_EXECUTION. Handling time: 0. Response time: 0.
[NX v21.4.1 Daemon Server] - 2025-09-13T15:47:11.318Z - Time taken for 'preTasksExecution' 0.0694999999832362ms
[NX v21.4.1 Daemon Server] - 2025-09-13T15:47:11.382Z - Reusing in-memory cached project graph because no files changed.
DEBUG nx::native::tasks::task_hasher: plan length: 1
DEBUG nx::native::tasks::hashers::hash_workspace_files: Hashing workspace fileset{cache_key="nx.json,.gitignore,.nxignore"}: Adding "2913894268036001599" (".gitignore") to hash
DEBUG nx::native::tasks::hashers::hash_workspace_files: Hashing workspace fileset{cache_key="nx.json,.gitignore,.nxignore"}: Adding "3619439782444644385" ("nx.json") to hash
DEBUG nx::native::tasks::hashers::hash_workspace_files: Hashing workspace fileset{cache_key="nx.json,.gitignore,.nxignore"}: Hash Value: "12630403656253729768"
[NX v21.4.1 Daemon Server] - 2025-09-13T15:47:11.400Z - [REQUEST]: Responding to the client. handleHashTasks
[NX v21.4.1 Daemon Server] - 2025-09-13T15:47:11.400Z - Done responding to the client handleHashTasks
[NX v21.4.1 Daemon Server] - 2025-09-13T15:47:11.400Z - Handled HASH_TASKS. Handling time: 18. Response time: 0.
[NX v21.4.1 Daemon Server] - 2025-09-13T15:47:11.451Z - [REQUEST]: Responding to the client. handleGetEstimatedTaskTimings
[NX v21.4.1 Daemon Server] - 2025-09-13T15:47:11.452Z - Done responding to the client handleGetEstimatedTaskTimings
[NX v21.4.1 Daemon Server] - 2025-09-13T15:47:11.452Z - Handled GET_ESTIMATED_TASK_TIMINGS. Handling time: 0. Response time: 1.
[NX v21.4.1 Daemon Server] - 2025-09-13T15:47:12.308Z - Established a connection. Number of open connections: 3
[NX v21.4.1 Daemon Server] - 2025-09-13T15:47:12.310Z - Closed a connection. Number of open connections: 2
[NX v21.4.1 Daemon Server] - 2025-09-13T15:47:12.310Z - Established a connection. Number of open connections: 3
[NX v21.4.1 Daemon Server] - 2025-09-13T15:47:12.311Z - [REQUEST]: Client Request for Project Graph Received
[NX v21.4.1 Daemon Server] - 2025-09-13T15:47:12.311Z - Reusing in-memory cached project graph because no files changed.
[NX v21.4.1 Daemon Server] - 2025-09-13T15:47:12.311Z - [REQUEST]: Responding to the client. project-graph
[NX v21.4.1 Daemon Server] - 2025-09-13T15:47:12.312Z - Time taken for 'total for creating and serializing project graph' 0.16062500001862645ms
[NX v21.4.1 Daemon Server] - 2025-09-13T15:47:12.314Z - Done responding to the client project-graph
[NX v21.4.1 Daemon Server] - 2025-09-13T15:47:12.314Z - Handled REQUEST_PROJECT_GRAPH. Handling time: 0. Response time: 3.
[NX v21.4.1 Daemon Server] - 2025-09-13T15:47:13.159Z - Established a connection. Number of open connections: 4
[NX v21.4.1 Daemon Server] - 2025-09-13T15:47:13.160Z - Closed a connection. Number of open connections: 3
[NX v21.4.1 Daemon Server] - 2025-09-13T15:47:13.160Z - Established a connection. Number of open connections: 4
[NX v21.4.1 Daemon Server] - 2025-09-13T15:47:13.162Z - [REQUEST]: Client Request for Project Graph Received
[NX v21.4.1 Daemon Server] - 2025-09-13T15:47:13.163Z - Reusing in-memory cached project graph because no files changed.
[NX v21.4.1 Daemon Server] - 2025-09-13T15:47:13.163Z - [REQUEST]: Responding to the client. project-graph
[NX v21.4.1 Daemon Server] - 2025-09-13T15:47:13.165Z - Time taken for 'total for creating and serializing project graph' 0.4122499999939464ms
[NX v21.4.1 Daemon Server] - 2025-09-13T15:47:13.170Z - Done responding to the client project-graph
[NX v21.4.1 Daemon Server] - 2025-09-13T15:47:13.170Z - Handled REQUEST_PROJECT_GRAPH. Handling time: 1. Response time: 7.
[NX v21.4.1 Daemon Server] - 2025-09-13T15:47:14.050Z - [WATCHER]: Processing file changes in outputs
[NX v21.4.1 Daemon Server] - 2025-09-13T15:47:14.377Z - [WATCHER]: Processing file changes in outputs
[NX v21.4.1 Daemon Server] - 2025-09-13T15:47:14.651Z - [WATCHER]: Processing file changes in outputs
[NX v21.4.1 Daemon Server] - 2025-09-13T15:47:14.757Z - [WATCHER]: Processing file changes in outputs
[NX v21.4.1 Daemon Server] - 2025-09-13T15:47:27.467Z - [WATCHER]: Processing file changes in outputs
[NX v21.4.1 Daemon Server] - 2025-09-13T15:47:28.486Z - [WATCHER]: Processing file changes in outputs
[NX v21.4.1 Daemon Server] - 2025-09-13T15:47:28.545Z - [WATCHER]: Processing file changes in outputs
[NX v21.4.1 Daemon Server] - 2025-09-13T15:47:28.896Z - [WATCHER]: Processing file changes in outputs
[NX v21.4.1 Daemon Server] - 2025-09-13T15:47:28.973Z - [WATCHER]: Processing file changes in outputs
[NX v21.4.1 Daemon Server] - 2025-09-13T15:47:29.168Z - [WATCHER]: Processing file changes in outputs
[NX v21.4.1 Daemon Server] - 2025-09-13T15:47:29.235Z - [WATCHER]: Processing file changes in outputs
[NX v21.4.1 Daemon Server] - 2025-09-13T15:47:30.551Z - [WATCHER]: Processing file changes in outputs
[NX v21.4.1 Daemon Server] - 2025-09-13T15:47:30.759Z - [WATCHER]: Processing file changes in outputs
[NX v21.4.1 Daemon Server] - 2025-09-13T15:47:31.002Z - [WATCHER]: Processing file changes in outputs
[NX v21.4.1 Daemon Server] - 2025-09-13T15:47:31.089Z - [WATCHER]: Processing file changes in outputs
[NX v21.4.1 Daemon Server] - 2025-09-13T15:47:31.181Z - [WATCHER]: Processing file changes in outputs
[NX v21.4.1 Daemon Server] - 2025-09-13T15:47:31.304Z - [WATCHER]: Processing file changes in outputs
[NX v21.4.1 Daemon Server] - 2025-09-13T15:47:31.377Z - [WATCHER]: Processing file changes in outputs
[NX v21.4.1 Daemon Server] - 2025-09-13T15:47:32.501Z - [WATCHER]: Processing file changes in outputs
[NX v21.4.1 Daemon Server] - 2025-09-13T15:47:32.581Z - [WATCHER]: Processing file changes in outputs
[NX v21.4.1 Daemon Server] - 2025-09-13T15:47:32.672Z - [WATCHER]: Processing file changes in outputs
[NX v21.4.1 Daemon Server] - 2025-09-13T15:47:32.731Z - [WATCHER]: Processing file changes in outputs
[NX v21.4.1 Daemon Server] - 2025-09-13T15:47:32.896Z - [WATCHER]: Processing file changes in outputs
[NX v21.4.1 Daemon Server] - 2025-09-13T15:47:36.730Z - [WATCHER]: Processing file changes in outputs
[NX v21.4.1 Daemon Server] - 2025-09-13T15:47:38.234Z - [WATCHER]: Processing file changes in outputs
[NX v21.4.1 Daemon Server] - 2025-09-13T15:48:37.671Z - [WATCHER]: Processing file changes in outputs
[NX v21.4.1 Daemon Server] - 2025-09-13T15:48:37.760Z - [WATCHER]: Processing file changes in outputs
[NX v21.4.1 Daemon Server] - 2025-09-13T15:48:37.858Z - [WATCHER]: Processing file changes in outputs
[NX v21.4.1 Daemon Server] - 2025-09-13T15:48:37.990Z - [WATCHER]: Processing file changes in outputs
[NX v21.4.1 Daemon Server] - 2025-09-13T15:48:38.115Z - [WATCHER]: Processing file changes in outputs
[NX v21.4.1 Daemon Server] - 2025-09-13T15:48:39.173Z - [WATCHER]: Processing file changes in outputs
[NX v21.4.1 Daemon Server] - 2025-09-13T15:48:39.260Z - [WATCHER]: Processing file changes in outputs
[NX v21.4.1 Daemon Server] - 2025-09-13T15:48:39.344Z - [WATCHER]: Processing file changes in outputs
[NX v21.4.1 Daemon Server] - 2025-09-13T15:48:39.589Z - [WATCHER]: Processing file changes in outputs
[NX v21.4.1 Daemon Server] - 2025-09-13T15:48:51.060Z - [WATCHER]: Processing file changes in outputs
[NX v21.4.1 Daemon Server] - 2025-09-13T15:48:51.064Z - Closed a connection. Number of open connections: 3
[NX v21.4.1 Daemon Server] - 2025-09-13T15:48:51.067Z - Closed a connection. Number of open connections: 2
[NX v21.4.1 Daemon Server] - 2025-09-13T15:48:51.067Z - Closed a connection. Number of open connections: 1
[NX v21.4.1 Daemon Server] - 2025-09-13T15:48:51.067Z - Closed a connection. Number of open connections: 0
[NX v21.4.1 Daemon Server] - 2025-09-13T15:48:51.068Z - [WATCHER]: Stopping the watcher for /Users/3bird/Documents/personal/studycourse/education-site-frontend (sources)
[NX v21.4.1 Daemon Server] - 2025-09-13T15:48:51.069Z - [WATCHER]: Stopping the watcher for /Users/3bird/Documents/personal/studycourse/education-site-frontend (outputs)
[NX v21.4.1 Daemon Server] - 2025-09-13T15:48:51.088Z - Server stopped because: "LOCK_FILES_CHANGED"
[NX v21.4.1 Daemon Server] - 2025-09-13T15:49:42.575Z - Started listening on: /var/folders/qd/6ycsymv110361t3k9bsgfr9h0000gn/T/5f4c7286d2718379663c/d.sock
[NX v21.4.1 Daemon Server] - 2025-09-13T15:49:42.582Z - [WATCHER]: Subscribed to changes within: /Users/3bird/Documents/personal/studycourse/education-site-frontend (native)
[NX v21.4.1 Daemon Server] - 2025-09-13T15:49:42.583Z - Established a connection. Number of open connections: 1
[NX v21.4.1 Daemon Server] - 2025-09-13T15:49:42.583Z - Established a connection. Number of open connections: 2
[NX v21.4.1 Daemon Server] - 2025-09-13T15:49:42.584Z - Closed a connection. Number of open connections: 1
[NX v21.4.1 Daemon Server] - 2025-09-13T15:49:42.585Z - [REQUEST]: Client Request for Project Graph Received
[NX v21.4.1 Daemon Server] - 2025-09-13T15:49:42.589Z - Time taken for 'loadSpecifiedNxPlugins' 0.8251249999999999ms
Time for 'plugin worker 58749 code loading' 3.4774579999999986
Time for 'plugin worker 58751 code loading' 3.3345000000000002
Time for 'plugin worker 58750 code loading' 3.4155830000000016
[NX v21.4.1 Daemon Server] - 2025-09-13T15:49:42.701Z - Time taken for 'Load Nx Plugin: /Users/3bird/Documents/personal/studycourse/education-site-frontend/node_modules/nx/src/plugins/package-json' 114.79587500000001ms
[NX v21.4.1 Daemon Server] - 2025-09-13T15:49:42.703Z - Time taken for 'Load Nx Plugin: /Users/3bird/Documents/personal/studycourse/education-site-frontend/node_modules/nx/src/plugins/project-json/build-nodes/project-json' 116.08945899999999ms
[NX v21.4.1 Daemon Server] - 2025-09-13T15:49:42.718Z - [REQUEST]: Updated workspace context based on watched changes, recomputing project graph...
[NX v21.4.1 Daemon Server] - 2025-09-13T15:49:42.718Z - [REQUEST]: 
[NX v21.4.1 Daemon Server] - 2025-09-13T15:49:42.718Z - [REQUEST]: 
[NX v21.4.1 Daemon Server] - 2025-09-13T15:49:42.719Z - No files changed, but no in-memory cached project graph found. Recomputing it...
[NX v21.4.1 Daemon Server] - 2025-09-13T15:49:42.722Z - Time taken for 'loadDefaultNxPlugins' 131.019833ms
Time for 'nx/core/package-json:createNodes' 0.5739999999999981
Time for 'nx/core/project-json:createNodes' 1.362791999999999
Time for 'nx/js/dependencies-and-lockfile:createNodes' 366.878959
[NX v21.4.1 Daemon Server] - 2025-09-13T15:49:43.123Z - Time taken for 'build-project-configs' 380.45208299999996ms
Time for 'build typescript dependencies' 0.11208299999998417
[NX v21.4.1 Daemon Server] - 2025-09-13T15:49:43.157Z - Wrote project graph cache to /Users/3bird/Documents/personal/studycourse/education-site-frontend/.nx/workspace-data/project-graph.json
[NX v21.4.1 Daemon Server] - 2025-09-13T15:49:43.157Z - [SYNC]: collect registered sync generators
[NX v21.4.1 Daemon Server] - 2025-09-13T15:49:43.157Z - [REQUEST]: Responding to the client. project-graph
[NX v21.4.1 Daemon Server] - 2025-09-13T15:49:43.158Z - Time taken for 'total for creating and serializing project graph' 571.672292ms
[NX v21.4.1 Daemon Server] - 2025-09-13T15:49:43.160Z - Done responding to the client project-graph
[NX v21.4.1 Daemon Server] - 2025-09-13T15:49:43.160Z - Handled REQUEST_PROJECT_GRAPH. Handling time: 572. Response time: 3.
[NX v21.4.1 Daemon Server] - 2025-09-13T15:49:43.166Z - [REQUEST]: Responding to the client. handleRunPreTasksExecution
[NX v21.4.1 Daemon Server] - 2025-09-13T15:49:43.166Z - Done responding to the client handleRunPreTasksExecution
[NX v21.4.1 Daemon Server] - 2025-09-13T15:49:43.166Z - Handled PRE_TASKS_EXECUTION. Handling time: 1. Response time: 0.
[NX v21.4.1 Daemon Server] - 2025-09-13T15:49:43.166Z - Time taken for 'preTasksExecution' 0.21783399999992525ms
[NX v21.4.1 Daemon Server] - 2025-09-13T15:49:43.206Z - Reusing in-memory cached project graph because no files changed.
DEBUG nx::native::tasks::task_hasher: plan length: 1
DEBUG nx::native::tasks::hashers::hash_workspace_files: Hashing workspace fileset{cache_key="nx.json,.gitignore,.nxignore"}: Adding "2913894268036001599" (".gitignore") to hash
DEBUG nx::native::tasks::hashers::hash_workspace_files: Hashing workspace fileset{cache_key="nx.json,.gitignore,.nxignore"}: Adding "3619439782444644385" ("nx.json") to hash
DEBUG nx::native::tasks::hashers::hash_workspace_files: Hashing workspace fileset{cache_key="nx.json,.gitignore,.nxignore"}: Hash Value: "12630403656253729768"
[NX v21.4.1 Daemon Server] - 2025-09-13T15:49:43.224Z - [REQUEST]: Responding to the client. handleHashTasks
[NX v21.4.1 Daemon Server] - 2025-09-13T15:49:43.224Z - Done responding to the client handleHashTasks
[NX v21.4.1 Daemon Server] - 2025-09-13T15:49:43.224Z - Handled HASH_TASKS. Handling time: 19. Response time: 0.
[NX v21.4.1 Daemon Server] - 2025-09-13T15:49:43.301Z - [REQUEST]: Responding to the client. handleGetEstimatedTaskTimings
[NX v21.4.1 Daemon Server] - 2025-09-13T15:49:43.302Z - Done responding to the client handleGetEstimatedTaskTimings
[NX v21.4.1 Daemon Server] - 2025-09-13T15:49:43.302Z - Handled GET_ESTIMATED_TASK_TIMINGS. Handling time: 13. Response time: 1.
[NX v21.4.1 Daemon Server] - 2025-09-13T15:50:07.646Z - [WATCHER]: Processing file changes in outputs
[NX v21.4.1 Daemon Server] - 2025-09-13T15:50:32.639Z - [WATCHER]: Processing file changes in outputs
[NX v21.4.1 Daemon Server] - 2025-09-13T15:50:32.696Z - [WATCHER]: Processing file changes in outputs
[NX v21.4.1 Daemon Server] - 2025-09-13T15:50:32.869Z - [WATCHER]: Processing file changes in outputs
[NX v21.4.1 Daemon Server] - 2025-09-13T15:50:33.186Z - [WATCHER]: Processing file changes in outputs
[NX v21.4.1 Daemon Server] - 2025-09-13T15:50:33.257Z - [WATCHER]: Processing file changes in outputs
[NX v21.4.1 Daemon Server] - 2025-09-13T15:50:33.336Z - [WATCHER]: Processing file changes in outputs
[NX v21.4.1 Daemon Server] - 2025-09-13T15:50:33.489Z - [WATCHER]: Processing file changes in outputs
[NX v21.4.1 Daemon Server] - 2025-09-13T15:53:15.268Z - [WATCHER]: package.json was modified
[NX v21.4.1 Daemon Server] - 2025-09-13T15:53:15.269Z - [WATCHER]: Processing file changes in outputs
[NX v21.4.1 Daemon Server] - 2025-09-13T15:53:15.338Z - [WATCHER]: Processing file changes in outputs
[NX v21.4.1 Daemon Server] - 2025-09-13T15:53:15.338Z - Closed a connection. Number of open connections: 0
[NX v21.4.1 Daemon Server] - 2025-09-13T15:53:15.339Z - [WATCHER]: Stopping the watcher for /Users/3bird/Documents/personal/studycourse/education-site-frontend (sources)
[NX v21.4.1 Daemon Server] - 2025-09-13T15:53:15.339Z - [WATCHER]: Stopping the watcher for /Users/3bird/Documents/personal/studycourse/education-site-frontend (outputs)
[NX v21.4.1 Daemon Server] - 2025-09-13T15:53:15.342Z - Server stopped because: "LOCK_FILES_CHANGED"
[NX v21.4.1 Daemon Server] - 2025-09-13T15:55:19.543Z - Started listening on: /var/folders/qd/6ycsymv110361t3k9bsgfr9h0000gn/T/5f4c7286d2718379663c/d.sock
[NX v21.4.1 Daemon Server] - 2025-09-13T15:55:19.550Z - [WATCHER]: Subscribed to changes within: /Users/3bird/Documents/personal/studycourse/education-site-frontend (native)
[NX v21.4.1 Daemon Server] - 2025-09-13T15:55:19.554Z - Established a connection. Number of open connections: 1
[NX v21.4.1 Daemon Server] - 2025-09-13T15:55:19.554Z - Established a connection. Number of open connections: 2
[NX v21.4.1 Daemon Server] - 2025-09-13T15:55:19.555Z - Closed a connection. Number of open connections: 1
[NX v21.4.1 Daemon Server] - 2025-09-13T15:55:19.557Z - [REQUEST]: Client Request for Project Graph Received
[NX v21.4.1 Daemon Server] - 2025-09-13T15:55:19.560Z - Time taken for 'loadSpecifiedNxPlugins' 0.6137080000000026ms
Time for 'plugin worker 62013 code loading' 3.593
Time for 'plugin worker 62012 code loading' 5.234875000000002
Time for 'plugin worker 62014 code loading' 3.9702079999999995
[NX v21.4.1 Daemon Server] - 2025-09-13T15:55:19.738Z - Time taken for 'Load Nx Plugin: /Users/3bird/Documents/personal/studycourse/education-site-frontend/node_modules/nx/src/plugins/project-json/build-nodes/project-json' 180.45529100000002ms
[NX v21.4.1 Daemon Server] - 2025-09-13T15:55:19.742Z - Time taken for 'Load Nx Plugin: /Users/3bird/Documents/personal/studycourse/education-site-frontend/node_modules/nx/src/plugins/package-json' 184.69937499999997ms
[NX v21.4.1 Daemon Server] - 2025-09-13T15:55:19.751Z - [REQUEST]: Updated workspace context based on watched changes, recomputing project graph...
[NX v21.4.1 Daemon Server] - 2025-09-13T15:55:19.752Z - [REQUEST]: 
[NX v21.4.1 Daemon Server] - 2025-09-13T15:55:19.752Z - [REQUEST]: 
[NX v21.4.1 Daemon Server] - 2025-09-13T15:55:19.752Z - No files changed, but no in-memory cached project graph found. Recomputing it...
[NX v21.4.1 Daemon Server] - 2025-09-13T15:55:19.761Z - Time taken for 'loadDefaultNxPlugins' 193.76545800000002ms
Time for 'nx/core/package-json:createNodes' 1.4476659999999981
Time for 'nx/core/project-json:createNodes' 2.4600840000000233
Time for 'nx/js/dependencies-and-lockfile:createNodes' 466.96512500000006
[NX v21.4.1 Daemon Server] - 2025-09-13T15:55:20.303Z - Time taken for 'build-project-configs' 484.185625ms
DEBUG nx::native::plugins::js::ts_import_locators: /Users/3bird/Documents/personal/studycourse/education-site-frontend/apps/admin/app/features/Blogs/List/index.tsx:176:13 Unexpected token. Did you mean `{'>'}` or `&gt;`?
DEBUG nx::native::plugins::js::ts_import_locators: /Users/3bird/Documents/personal/studycourse/education-site-frontend/apps/admin/app/features/Blogs/List/index.tsx:182:0 Unexpected token. Did you mean `{'}'}` or `&rbrace;`?
DEBUG nx::native::plugins::js::ts_import_locators: /Users/3bird/Documents/personal/studycourse/education-site-frontend/apps/admin/components/SCForm/SCUpload/index.tsx:58:47 Unexpected token. Did you mean `{'>'}` or `&gt;`?
DEBUG nx::native::plugins::js::ts_import_locators: /Users/3bird/Documents/personal/studycourse/education-site-frontend/apps/admin/components/SCForm/SCUpload/index.tsx:73:22 Unexpected token. Did you mean `{'>'}` or `&gt;`?
DEBUG nx::native::plugins::js::ts_import_locators: /Users/3bird/Documents/personal/studycourse/education-site-frontend/apps/admin/app/features/about/List/index.tsx:290:15 Unexpected token. Did you mean `{'>'}` or `&gt;`?
DEBUG nx::native::plugins::js::ts_import_locators: /Users/3bird/Documents/personal/studycourse/education-site-frontend/apps/admin/app/features/about/List/index.tsx:297:0 Unexpected token. Did you mean `{'}'}` or `&rbrace;`?
DEBUG nx::native::plugins::js::ts_import_locators: /Users/3bird/Documents/personal/studycourse/education-site-frontend/apps/admin/app/features/faq/List/index.tsx:206:15 Unexpected token. Did you mean `{'>'}` or `&gt;`?
DEBUG nx::native::plugins::js::ts_import_locators: /Users/3bird/Documents/personal/studycourse/education-site-frontend/apps/admin/app/features/faq/List/index.tsx:213:0 Unexpected token. Did you mean `{'}'}` or `&rbrace;`?
Time for 'build typescript dependencies' 160.40833399999997
[NX v21.4.1 Daemon Server] - 2025-09-13T15:55:20.533Z - Wrote project graph cache to /Users/3bird/Documents/personal/studycourse/education-site-frontend/.nx/workspace-data/project-graph.json
[NX v21.4.1 Daemon Server] - 2025-09-13T15:55:20.533Z - [SYNC]: collect registered sync generators
[NX v21.4.1 Daemon Server] - 2025-09-13T15:55:20.534Z - [REQUEST]: Responding to the client. project-graph
[NX v21.4.1 Daemon Server] - 2025-09-13T15:55:20.535Z - Time taken for 'total for creating and serializing project graph' 976.742666ms
[NX v21.4.1 Daemon Server] - 2025-09-13T15:55:20.540Z - Done responding to the client project-graph
[NX v21.4.1 Daemon Server] - 2025-09-13T15:55:20.540Z - Handled REQUEST_PROJECT_GRAPH. Handling time: 977. Response time: 6.
[NX v21.4.1 Daemon Server] - 2025-09-13T15:55:20.550Z - [REQUEST]: Responding to the client. handleRunPreTasksExecution
[NX v21.4.1 Daemon Server] - 2025-09-13T15:55:20.550Z - Done responding to the client handleRunPreTasksExecution
[NX v21.4.1 Daemon Server] - 2025-09-13T15:55:20.550Z - Handled PRE_TASKS_EXECUTION. Handling time: 0. Response time: 1.
[NX v21.4.1 Daemon Server] - 2025-09-13T15:55:20.550Z - Time taken for 'preTasksExecution' 0.38229200000000674ms
[NX v21.4.1 Daemon Server] - 2025-09-13T15:55:20.595Z - Reusing in-memory cached project graph because no files changed.
DEBUG nx::native::tasks::task_hasher: plan length: 1
DEBUG nx::native::tasks::hashers::hash_workspace_files: Hashing workspace fileset{cache_key="nx.json,.gitignore,.nxignore"}: Adding "2913894268036001599" (".gitignore") to hash
DEBUG nx::native::tasks::hashers::hash_workspace_files: Hashing workspace fileset{cache_key="nx.json,.gitignore,.nxignore"}: Adding "3619439782444644385" ("nx.json") to hash
DEBUG nx::native::tasks::hashers::hash_workspace_files: Hashing workspace fileset{cache_key="nx.json,.gitignore,.nxignore"}: Hash Value: "12630403656253729768"
[NX v21.4.1 Daemon Server] - 2025-09-13T15:55:20.610Z - [REQUEST]: Responding to the client. handleHashTasks
[NX v21.4.1 Daemon Server] - 2025-09-13T15:55:20.611Z - Done responding to the client handleHashTasks
[NX v21.4.1 Daemon Server] - 2025-09-13T15:55:20.611Z - Handled HASH_TASKS. Handling time: 15. Response time: 1.
[NX v21.4.1 Daemon Server] - 2025-09-13T15:55:20.683Z - [REQUEST]: Responding to the client. handleGetEstimatedTaskTimings
[NX v21.4.1 Daemon Server] - 2025-09-13T15:55:20.683Z - Done responding to the client handleGetEstimatedTaskTimings
[NX v21.4.1 Daemon Server] - 2025-09-13T15:55:20.683Z - Handled GET_ESTIMATED_TASK_TIMINGS. Handling time: 13. Response time: 0.
[NX v21.4.1 Daemon Server] - 2025-09-13T15:56:13.134Z - [WATCHER]: Processing file changes in outputs
[NX v21.4.1 Daemon Server] - 2025-09-13T15:56:13.850Z - [WATCHER]: Processing file changes in outputs
[NX v21.4.1 Daemon Server] - 2025-09-13T15:56:14.123Z - [WATCHER]: Processing file changes in outputs
[NX v21.4.1 Daemon Server] - 2025-09-13T15:56:14.322Z - [WATCHER]: Processing file changes in outputs
[NX v21.4.1 Daemon Server] - 2025-09-13T15:56:14.643Z - [WATCHER]: Processing file changes in outputs
[NX v21.4.1 Daemon Server] - 2025-09-13T15:56:14.916Z - [WATCHER]: Processing file changes in outputs
[NX v21.4.1 Daemon Server] - 2025-09-13T15:56:20.597Z - [WATCHER]: Processing file changes in outputs
[NX v21.4.1 Daemon Server] - 2025-09-13T15:56:20.765Z - [WATCHER]: Processing file changes in outputs
[NX v21.4.1 Daemon Server] - 2025-09-13T15:56:20.859Z - [WATCHER]: Processing file changes in outputs
[NX v21.4.1 Daemon Server] - 2025-09-13T15:56:20.937Z - [WATCHER]: Processing file changes in outputs
[NX v21.4.1 Daemon Server] - 2025-09-13T15:56:21.005Z - [WATCHER]: Processing file changes in outputs
[NX v21.4.1 Daemon Server] - 2025-09-13T15:56:21.436Z - [WATCHER]: Processing file changes in outputs
[NX v21.4.1 Daemon Server] - 2025-09-13T15:56:21.560Z - [WATCHER]: Processing file changes in outputs
[NX v21.4.1 Daemon Server] - 2025-09-13T15:56:21.628Z - [WATCHER]: Processing file changes in outputs
[NX v21.4.1 Daemon Server] - 2025-09-13T15:56:21.743Z - [WATCHER]: Processing file changes in outputs
[NX v21.4.1 Daemon Server] - 2025-09-13T15:56:21.864Z - [WATCHER]: Processing file changes in outputs
[NX v21.4.1 Daemon Server] - 2025-09-13T15:56:21.978Z - [WATCHER]: Processing file changes in outputs
[NX v21.4.1 Daemon Server] - 2025-09-13T15:56:22.143Z - [WATCHER]: Processing file changes in outputs
[NX v21.4.1 Daemon Server] - 2025-09-13T15:56:22.347Z - [WATCHER]: Processing file changes in outputs
[NX v21.4.1 Daemon Server] - 2025-09-13T15:56:22.840Z - [WATCHER]: Processing file changes in outputs
[NX v21.4.1 Daemon Server] - 2025-09-13T15:59:07.522Z - [WATCHER]: Processing file changes in outputs
[NX v21.4.1 Daemon Server] - 2025-09-13T15:59:07.533Z - [WATCHER]: apps/admin/next.config.js was modified
[NX v21.4.1 Daemon Server] - 2025-09-13T15:59:07.643Z - [REQUEST]: Updated workspace context based on watched changes, recomputing project graph...
[NX v21.4.1 Daemon Server] - 2025-09-13T15:59:07.643Z - [REQUEST]: apps/admin/next.config.js
[NX v21.4.1 Daemon Server] - 2025-09-13T15:59:07.643Z - [REQUEST]: 
[NX v21.4.1 Daemon Server] - 2025-09-13T15:59:07.652Z - Time taken for 'hash changed files from watcher' 2.0193750000034925ms
Time for 'nx/js/dependencies-and-lockfile:createNodes' 17.51295800000662
Time for 'nx/core/project-json:createNodes' 10.646833000006154
Time for 'nx/core/package-json:createNodes' 10.83170800001244
[NX v21.4.1 Daemon Server] - 2025-09-13T15:59:07.701Z - Time taken for 'build-project-configs' 44.73583299998427ms
Time for 'build typescript dependencies' 10.247166999994079
[NX v21.4.1 Daemon Server] - 2025-09-13T15:59:07.778Z - Wrote project graph cache to /Users/3bird/Documents/personal/studycourse/education-site-frontend/.nx/workspace-data/project-graph.json
[NX v21.4.1 Daemon Server] - 2025-09-13T15:59:07.778Z - [SYNC]: collect registered sync generators
[NX v21.4.1 Daemon Server] - 2025-09-13T15:59:07.779Z - [SYNC]: project graph hash is the same, not collecting task sync generators
[NX v21.4.1 Daemon Server] - 2025-09-13T15:59:07.779Z - [SYNC]: nx.json hash is the same, not collecting global sync generators
[NX v21.4.1 Daemon Server] - 2025-09-13T15:59:07.779Z - Time taken for 'total execution time for createProjectGraph()' 68.25183299998753ms
[NX v21.4.1 Daemon Server] - 2025-09-13T15:59:07.836Z - [WATCHER]: Processing file changes in outputs
[NX v21.4.1 Daemon Server] - 2025-09-13T15:59:08.806Z - Established a connection. Number of open connections: 2
[NX v21.4.1 Daemon Server] - 2025-09-13T15:59:08.807Z - Closed a connection. Number of open connections: 1
[NX v21.4.1 Daemon Server] - 2025-09-13T15:59:08.807Z - Established a connection. Number of open connections: 2
[NX v21.4.1 Daemon Server] - 2025-09-13T15:59:08.809Z - [REQUEST]: Client Request for Project Graph Received
[NX v21.4.1 Daemon Server] - 2025-09-13T15:59:08.810Z - Reusing in-memory cached project graph because no files changed.
[NX v21.4.1 Daemon Server] - 2025-09-13T15:59:08.810Z - [REQUEST]: Responding to the client. project-graph
[NX v21.4.1 Daemon Server] - 2025-09-13T15:59:08.811Z - Time taken for 'total for creating and serializing project graph' 0.2524999999732245ms
[NX v21.4.1 Daemon Server] - 2025-09-13T15:59:08.816Z - Done responding to the client project-graph
[NX v21.4.1 Daemon Server] - 2025-09-13T15:59:08.816Z - Handled REQUEST_PROJECT_GRAPH. Handling time: 1. Response time: 6.
[NX v21.4.1 Daemon Server] - 2025-09-13T15:59:09.847Z - [WATCHER]: Processing file changes in outputs
[NX v21.4.1 Daemon Server] - 2025-09-13T15:59:10.706Z - [WATCHER]: Processing file changes in outputs
[NX v21.4.1 Daemon Server] - 2025-09-13T15:59:10.995Z - [WATCHER]: Processing file changes in outputs
[NX v21.4.1 Daemon Server] - 2025-09-13T15:59:11.123Z - [WATCHER]: Processing file changes in outputs
[NX v21.4.1 Daemon Server] - 2025-09-13T15:59:12.175Z - Closed a connection. Number of open connections: 1
[NX v21.4.1 Daemon Server] - 2025-09-13T15:59:12.187Z - [WATCHER]: apps/admin/next.config.js was modified
[NX v21.4.1 Daemon Server] - 2025-09-13T15:59:12.193Z - [WATCHER]: Processing file changes in outputs
[NX v21.4.1 Daemon Server] - 2025-09-13T15:59:12.288Z - [REQUEST]: Updated workspace context based on watched changes, recomputing project graph...
[NX v21.4.1 Daemon Server] - 2025-09-13T15:59:12.288Z - [REQUEST]: apps/admin/next.config.js
[NX v21.4.1 Daemon Server] - 2025-09-13T15:59:12.288Z - [REQUEST]: 
[NX v21.4.1 Daemon Server] - 2025-09-13T15:59:12.289Z - Time taken for 'hash changed files from watcher' 0.37170799999148585ms
Time for 'nx/core/package-json:createNodes' 0.40258300001733005
Time for 'nx/core/project-json:createNodes' 0.5069580000126734
Time for 'nx/js/dependencies-and-lockfile:createNodes' 6.191542000015033
[NX v21.4.1 Daemon Server] - 2025-09-13T15:59:12.308Z - Time taken for 'build-project-configs' 14.81212499999674ms
Time for 'build typescript dependencies' 0.020124999980907887
[NX v21.4.1 Daemon Server] - 2025-09-13T15:59:12.354Z - Wrote project graph cache to /Users/3bird/Documents/personal/studycourse/education-site-frontend/.nx/workspace-data/project-graph.json
[NX v21.4.1 Daemon Server] - 2025-09-13T15:59:12.354Z - [SYNC]: collect registered sync generators
[NX v21.4.1 Daemon Server] - 2025-09-13T15:59:12.354Z - [SYNC]: project graph hash is the same, not collecting task sync generators
[NX v21.4.1 Daemon Server] - 2025-09-13T15:59:12.354Z - [SYNC]: nx.json hash is the same, not collecting global sync generators
[NX v21.4.1 Daemon Server] - 2025-09-13T15:59:12.355Z - Time taken for 'total execution time for createProjectGraph()' 28.61929199998849ms
[NX v21.4.1 Daemon Server] - 2025-09-13T15:59:12.825Z - Established a connection. Number of open connections: 2
[NX v21.4.1 Daemon Server] - 2025-09-13T15:59:12.826Z - Closed a connection. Number of open connections: 1
[NX v21.4.1 Daemon Server] - 2025-09-13T15:59:12.826Z - Established a connection. Number of open connections: 2
[NX v21.4.1 Daemon Server] - 2025-09-13T15:59:12.827Z - [REQUEST]: Client Request for Project Graph Received
[NX v21.4.1 Daemon Server] - 2025-09-13T15:59:12.828Z - Reusing in-memory cached project graph because no files changed.
[NX v21.4.1 Daemon Server] - 2025-09-13T15:59:12.828Z - [REQUEST]: Responding to the client. project-graph
[NX v21.4.1 Daemon Server] - 2025-09-13T15:59:12.829Z - Time taken for 'total for creating and serializing project graph' 0.23149999999441206ms
[NX v21.4.1 Daemon Server] - 2025-09-13T15:59:12.841Z - Done responding to the client project-graph
[NX v21.4.1 Daemon Server] - 2025-09-13T15:59:12.841Z - Handled REQUEST_PROJECT_GRAPH. Handling time: 1. Response time: 13.
[NX v21.4.1 Daemon Server] - 2025-09-13T15:59:13.618Z - [WATCHER]: Processing file changes in outputs
[NX v21.4.1 Daemon Server] - 2025-09-13T15:59:14.466Z - [WATCHER]: Processing file changes in outputs
[NX v21.4.1 Daemon Server] - 2025-09-13T15:59:14.726Z - [WATCHER]: Processing file changes in outputs
[NX v21.4.1 Daemon Server] - 2025-09-13T15:59:14.794Z - [WATCHER]: Processing file changes in outputs
[NX v21.4.1 Daemon Server] - 2025-09-13T15:59:16.078Z - [WATCHER]: Processing file changes in outputs
[NX v21.4.1 Daemon Server] - 2025-09-13T15:59:53.004Z - [WATCHER]: Processing file changes in outputs
[NX v21.4.1 Daemon Server] - 2025-09-13T15:59:53.008Z - [WATCHER]: apps/admin/tsconfig.json was modified
[NX v21.4.1 Daemon Server] - 2025-09-13T15:59:53.109Z - [REQUEST]: Updated workspace context based on watched changes, recomputing project graph...
[NX v21.4.1 Daemon Server] - 2025-09-13T15:59:53.109Z - [REQUEST]: apps/admin/tsconfig.json
[NX v21.4.1 Daemon Server] - 2025-09-13T15:59:53.109Z - [REQUEST]: 
[NX v21.4.1 Daemon Server] - 2025-09-13T15:59:53.111Z - Time taken for 'hash changed files from watcher' 0.46233299997402355ms
Time for 'nx/core/package-json:createNodes' 1.392915999982506
Time for 'nx/core/project-json:createNodes' 2.4011670000036247
Time for 'nx/js/dependencies-and-lockfile:createNodes' 11.45454200002132
[NX v21.4.1 Daemon Server] - 2025-09-13T15:59:53.139Z - Time taken for 'build-project-configs' 23.304750000010245ms
Time for 'build typescript dependencies' 3.8793750000186265
[NX v21.4.1 Daemon Server] - 2025-09-13T15:59:53.193Z - Wrote project graph cache to /Users/3bird/Documents/personal/studycourse/education-site-frontend/.nx/workspace-data/project-graph.json
[NX v21.4.1 Daemon Server] - 2025-09-13T15:59:53.193Z - [SYNC]: collect registered sync generators
[NX v21.4.1 Daemon Server] - 2025-09-13T15:59:53.193Z - [SYNC]: project graph hash is the same, not collecting task sync generators
[NX v21.4.1 Daemon Server] - 2025-09-13T15:59:53.193Z - [SYNC]: nx.json hash is the same, not collecting global sync generators
[NX v21.4.1 Daemon Server] - 2025-09-13T15:59:53.193Z - Time taken for 'total execution time for createProjectGraph()' 45.28404199995566ms
[NX v21.4.1 Daemon Server] - 2025-09-13T15:59:53.246Z - [WATCHER]: Processing file changes in outputs
[NX v21.4.1 Daemon Server] - 2025-09-13T16:00:00.167Z - [WATCHER]: apps/admin/tsconfig.json was modified
[NX v21.4.1 Daemon Server] - 2025-09-13T16:00:00.167Z - [WATCHER]: Processing file changes in outputs
[NX v21.4.1 Daemon Server] - 2025-09-13T16:00:00.399Z - [REQUEST]: Updated workspace context based on watched changes, recomputing project graph...
[NX v21.4.1 Daemon Server] - 2025-09-13T16:00:00.407Z - [REQUEST]: apps/admin/tsconfig.json
[NX v21.4.1 Daemon Server] - 2025-09-13T16:00:00.413Z - [REQUEST]: 
[NX v21.4.1 Daemon Server] - 2025-09-13T16:00:00.440Z - Time taken for 'hash changed files from watcher' 1.741875000006985ms
Time for 'nx/core/package-json:createNodes' 2.163457999995444
Time for 'nx/core/project-json:createNodes' 24.777834000007715
Time for 'nx/js/dependencies-and-lockfile:createNodes' 40.95429199998034
[NX v21.4.1 Daemon Server] - 2025-09-13T16:00:00.505Z - Time taken for 'build-project-configs' 61.99204199999804ms
[NX v21.4.1 Daemon Server] - 2025-09-13T16:00:00.519Z - [WATCHER]: Processing file changes in outputs
Time for 'build typescript dependencies' 0.040250000020023435
[NX v21.4.1 Daemon Server] - 2025-09-13T16:00:00.535Z - Wrote project graph cache to /Users/3bird/Documents/personal/studycourse/education-site-frontend/.nx/workspace-data/project-graph.json
[NX v21.4.1 Daemon Server] - 2025-09-13T16:00:00.535Z - [SYNC]: collect registered sync generators
[NX v21.4.1 Daemon Server] - 2025-09-13T16:00:00.536Z - [SYNC]: project graph hash is the same, not collecting task sync generators
[NX v21.4.1 Daemon Server] - 2025-09-13T16:00:00.536Z - [SYNC]: nx.json hash is the same, not collecting global sync generators
[NX v21.4.1 Daemon Server] - 2025-09-13T16:00:00.536Z - Time taken for 'total execution time for createProjectGraph()' 27.723332999972627ms
[NX v21.4.1 Daemon Server] - 2025-09-13T16:00:09.743Z - [WATCHER]: Processing file changes in outputs
[NX v21.4.1 Daemon Server] - 2025-09-13T16:00:09.744Z - Closed a connection. Number of open connections: 1
[NX v21.4.1 Daemon Server] - 2025-09-13T16:00:09.744Z - Closed a connection. Number of open connections: 0
[NX v21.4.1 Daemon Server] - 2025-09-13T16:00:09.744Z - [WATCHER]: Stopping the watcher for /Users/3bird/Documents/personal/studycourse/education-site-frontend (sources)
[NX v21.4.1 Daemon Server] - 2025-09-13T16:00:09.744Z - [WATCHER]: Stopping the watcher for /Users/3bird/Documents/personal/studycourse/education-site-frontend (outputs)
[NX v21.4.1 Daemon Server] - 2025-09-13T16:00:09.748Z - Server stopped because: "LOCK_FILES_CHANGED"
[NX v21.4.1 Daemon Server] - 2025-09-13T16:00:42.874Z - Started listening on: /var/folders/qd/6ycsymv110361t3k9bsgfr9h0000gn/T/5f4c7286d2718379663c/d.sock
[NX v21.4.1 Daemon Server] - 2025-09-13T16:00:42.880Z - [WATCHER]: Subscribed to changes within: /Users/3bird/Documents/personal/studycourse/education-site-frontend (native)
[NX v21.4.1 Daemon Server] - 2025-09-13T16:00:42.881Z - Established a connection. Number of open connections: 1
[NX v21.4.1 Daemon Server] - 2025-09-13T16:00:42.882Z - Established a connection. Number of open connections: 2
[NX v21.4.1 Daemon Server] - 2025-09-13T16:00:42.883Z - Closed a connection. Number of open connections: 1
[NX v21.4.1 Daemon Server] - 2025-09-13T16:00:42.883Z - [REQUEST]: Client Request for Project Graph Received
[NX v21.4.1 Daemon Server] - 2025-09-13T16:00:42.889Z - Time taken for 'loadSpecifiedNxPlugins' 0.6888330000000025ms
Time for 'plugin worker 64242 code loading' 2.656917
Time for 'plugin worker 64243 code loading' 2.6576660000000007
Time for 'plugin worker 64244 code loading' 2.2195420000000006
[NX v21.4.1 Daemon Server] - 2025-09-13T16:00:43.002Z - Time taken for 'Load Nx Plugin: /Users/3bird/Documents/personal/studycourse/education-site-frontend/node_modules/nx/src/plugins/project-json/build-nodes/project-json' 117.117333ms
[NX v21.4.1 Daemon Server] - 2025-09-13T16:00:43.006Z - Time taken for 'Load Nx Plugin: /Users/3bird/Documents/personal/studycourse/education-site-frontend/node_modules/nx/src/plugins/package-json' 120.72875ms
[NX v21.4.1 Daemon Server] - 2025-09-13T16:00:43.012Z - [REQUEST]: Updated workspace context based on watched changes, recomputing project graph...
[NX v21.4.1 Daemon Server] - 2025-09-13T16:00:43.012Z - [REQUEST]: 
[NX v21.4.1 Daemon Server] - 2025-09-13T16:00:43.012Z - [REQUEST]: 
[NX v21.4.1 Daemon Server] - 2025-09-13T16:00:43.013Z - No files changed, but no in-memory cached project graph found. Recomputing it...
[NX v21.4.1 Daemon Server] - 2025-09-13T16:00:43.016Z - Time taken for 'loadDefaultNxPlugins' 127.208542ms
Time for 'nx/core/package-json:createNodes' 0.49799999999999045
Time for 'nx/core/project-json:createNodes' 1.1802499999999867
Time for 'nx/js/dependencies-and-lockfile:createNodes' 477.56766700000003
[NX v21.4.1 Daemon Server] - 2025-09-13T16:00:43.532Z - Time taken for 'build-project-configs' 492.37858300000005ms
Time for 'build typescript dependencies' 0.29824999999993906
[NX v21.4.1 Daemon Server] - 2025-09-13T16:00:43.568Z - Wrote project graph cache to /Users/3bird/Documents/personal/studycourse/education-site-frontend/.nx/workspace-data/project-graph.json
[NX v21.4.1 Daemon Server] - 2025-09-13T16:00:43.568Z - [SYNC]: collect registered sync generators
[NX v21.4.1 Daemon Server] - 2025-09-13T16:00:43.568Z - [REQUEST]: Responding to the client. project-graph
[NX v21.4.1 Daemon Server] - 2025-09-13T16:00:43.570Z - Time taken for 'total for creating and serializing project graph' 685.0452499999999ms
[NX v21.4.1 Daemon Server] - 2025-09-13T16:00:43.572Z - Done responding to the client project-graph
[NX v21.4.1 Daemon Server] - 2025-09-13T16:00:43.572Z - Handled REQUEST_PROJECT_GRAPH. Handling time: 685. Response time: 4.
[NX v21.4.1 Daemon Server] - 2025-09-13T16:00:43.577Z - [REQUEST]: Responding to the client. handleRunPreTasksExecution
[NX v21.4.1 Daemon Server] - 2025-09-13T16:00:43.577Z - Done responding to the client handleRunPreTasksExecution
[NX v21.4.1 Daemon Server] - 2025-09-13T16:00:43.577Z - Handled PRE_TASKS_EXECUTION. Handling time: 0. Response time: 0.
[NX v21.4.1 Daemon Server] - 2025-09-13T16:00:43.577Z - Time taken for 'preTasksExecution' 0.2097919999999931ms
[NX v21.4.1 Daemon Server] - 2025-09-13T16:00:43.613Z - Reusing in-memory cached project graph because no files changed.
DEBUG nx::native::tasks::task_hasher: plan length: 1
DEBUG nx::native::tasks::hashers::hash_workspace_files: Hashing workspace fileset{cache_key="nx.json,.gitignore,.nxignore"}: Adding "2913894268036001599" (".gitignore") to hash
DEBUG nx::native::tasks::hashers::hash_workspace_files: Hashing workspace fileset{cache_key="nx.json,.gitignore,.nxignore"}: Adding "3619439782444644385" ("nx.json") to hash
DEBUG nx::native::tasks::hashers::hash_workspace_files: Hashing workspace fileset{cache_key="nx.json,.gitignore,.nxignore"}: Hash Value: "12630403656253729768"
[NX v21.4.1 Daemon Server] - 2025-09-13T16:00:43.629Z - [REQUEST]: Responding to the client. handleHashTasks
[NX v21.4.1 Daemon Server] - 2025-09-13T16:00:43.630Z - Done responding to the client handleHashTasks
[NX v21.4.1 Daemon Server] - 2025-09-13T16:00:43.630Z - Handled HASH_TASKS. Handling time: 16. Response time: 1.
[NX v21.4.1 Daemon Server] - 2025-09-13T16:00:43.696Z - [REQUEST]: Responding to the client. handleGetEstimatedTaskTimings
[NX v21.4.1 Daemon Server] - 2025-09-13T16:00:43.696Z - Done responding to the client handleGetEstimatedTaskTimings
[NX v21.4.1 Daemon Server] - 2025-09-13T16:00:43.696Z - Handled GET_ESTIMATED_TASK_TIMINGS. Handling time: 14. Response time: 0.
[NX v21.4.1 Daemon Server] - 2025-09-13T16:00:48.316Z - Established a connection. Number of open connections: 2
[NX v21.4.1 Daemon Server] - 2025-09-13T16:00:48.318Z - Established a connection. Number of open connections: 3
[NX v21.4.1 Daemon Server] - 2025-09-13T16:00:48.318Z - Closed a connection. Number of open connections: 2
[NX v21.4.1 Daemon Server] - 2025-09-13T16:00:48.320Z - [REQUEST]: Client Request for Project Graph Received
[NX v21.4.1 Daemon Server] - 2025-09-13T16:00:48.320Z - Reusing in-memory cached project graph because no files changed.
[NX v21.4.1 Daemon Server] - 2025-09-13T16:00:48.320Z - [REQUEST]: Responding to the client. project-graph
[NX v21.4.1 Daemon Server] - 2025-09-13T16:00:48.322Z - Time taken for 'total for creating and serializing project graph' 0.7380410000005213ms
[NX v21.4.1 Daemon Server] - 2025-09-13T16:00:48.324Z - Done responding to the client project-graph
[NX v21.4.1 Daemon Server] - 2025-09-13T16:00:48.324Z - Handled REQUEST_PROJECT_GRAPH. Handling time: 0. Response time: 4.
[NX v21.4.1 Daemon Server] - 2025-09-13T16:00:48.329Z - [REQUEST]: Responding to the client. handleRunPreTasksExecution
[NX v21.4.1 Daemon Server] - 2025-09-13T16:00:48.329Z - Done responding to the client handleRunPreTasksExecution
[NX v21.4.1 Daemon Server] - 2025-09-13T16:00:48.329Z - Handled PRE_TASKS_EXECUTION. Handling time: 1. Response time: 0.
[NX v21.4.1 Daemon Server] - 2025-09-13T16:00:48.329Z - Time taken for 'preTasksExecution' 0.09195799999997689ms
[NX v21.4.1 Daemon Server] - 2025-09-13T16:00:48.361Z - Reusing in-memory cached project graph because no files changed.
DEBUG nx::native::tasks::task_hasher: plan length: 1
[NX v21.4.1 Daemon Server] - 2025-09-13T16:00:48.372Z - [REQUEST]: Responding to the client. handleHashTasks
[NX v21.4.1 Daemon Server] - 2025-09-13T16:00:48.372Z - Done responding to the client handleHashTasks
[NX v21.4.1 Daemon Server] - 2025-09-13T16:00:48.372Z - Handled HASH_TASKS. Handling time: 11. Response time: 0.
[NX v21.4.1 Daemon Server] - 2025-09-13T16:00:48.413Z - [REQUEST]: Responding to the client. handleGetEstimatedTaskTimings
[NX v21.4.1 Daemon Server] - 2025-09-13T16:00:48.413Z - Done responding to the client handleGetEstimatedTaskTimings
[NX v21.4.1 Daemon Server] - 2025-09-13T16:00:48.413Z - Handled GET_ESTIMATED_TASK_TIMINGS. Handling time: 0. Response time: 0.
[NX v21.4.1 Daemon Server] - 2025-09-13T16:00:49.599Z - Established a connection. Number of open connections: 3
[NX v21.4.1 Daemon Server] - 2025-09-13T16:00:49.602Z - Closed a connection. Number of open connections: 2
[NX v21.4.1 Daemon Server] - 2025-09-13T16:00:49.603Z - Established a connection. Number of open connections: 3
[NX v21.4.1 Daemon Server] - 2025-09-13T16:00:49.604Z - [REQUEST]: Client Request for Project Graph Received
[NX v21.4.1 Daemon Server] - 2025-09-13T16:00:49.604Z - Reusing in-memory cached project graph because no files changed.
[NX v21.4.1 Daemon Server] - 2025-09-13T16:00:49.604Z - [REQUEST]: Responding to the client. project-graph
[NX v21.4.1 Daemon Server] - 2025-09-13T16:00:49.605Z - Time taken for 'total for creating and serializing project graph' 0.3933340000003227ms
[NX v21.4.1 Daemon Server] - 2025-09-13T16:00:49.607Z - Done responding to the client project-graph
[NX v21.4.1 Daemon Server] - 2025-09-13T16:00:49.607Z - Handled REQUEST_PROJECT_GRAPH. Handling time: 0. Response time: 3.
[NX v21.4.1 Daemon Server] - 2025-09-13T16:00:50.603Z - Established a connection. Number of open connections: 4
[NX v21.4.1 Daemon Server] - 2025-09-13T16:00:50.605Z - Established a connection. Number of open connections: 5
[NX v21.4.1 Daemon Server] - 2025-09-13T16:00:50.606Z - Closed a connection. Number of open connections: 4
[NX v21.4.1 Daemon Server] - 2025-09-13T16:00:50.609Z - [REQUEST]: Client Request for Project Graph Received
[NX v21.4.1 Daemon Server] - 2025-09-13T16:00:50.610Z - Reusing in-memory cached project graph because no files changed.
[NX v21.4.1 Daemon Server] - 2025-09-13T16:00:50.610Z - [REQUEST]: Responding to the client. project-graph
[NX v21.4.1 Daemon Server] - 2025-09-13T16:00:50.611Z - Time taken for 'total for creating and serializing project graph' 0.48766599999999016ms
[NX v21.4.1 Daemon Server] - 2025-09-13T16:00:50.623Z - Done responding to the client project-graph
[NX v21.4.1 Daemon Server] - 2025-09-13T16:00:50.623Z - Handled REQUEST_PROJECT_GRAPH. Handling time: 1. Response time: 13.
[NX v21.4.1 Daemon Server] - 2025-09-13T16:00:51.083Z - [WATCHER]: Processing file changes in outputs
[NX v21.4.1 Daemon Server] - 2025-09-13T16:00:51.664Z - [WATCHER]: Processing file changes in outputs
[NX v21.4.1 Daemon Server] - 2025-09-13T16:00:51.875Z - [WATCHER]: Processing file changes in outputs
[NX v21.4.1 Daemon Server] - 2025-09-13T16:00:51.901Z - [WATCHER]: 0 file(s) created or restored, 2 file(s) modified, 0 file(s) deleted
[NX v21.4.1 Daemon Server] - 2025-09-13T16:00:52.002Z - [REQUEST]: Updated workspace context based on watched changes, recomputing project graph...
[NX v21.4.1 Daemon Server] - 2025-09-13T16:00:52.002Z - [REQUEST]: apps/student/next-env.d.ts,apps/student/tsconfig.json
[NX v21.4.1 Daemon Server] - 2025-09-13T16:00:52.002Z - [REQUEST]: 
[NX v21.4.1 Daemon Server] - 2025-09-13T16:00:52.006Z - Time taken for 'hash changed files from watcher' 0.40991699999904085ms
Time for 'nx/core/package-json:createNodes' 1.0930830000015703
Time for 'nx/core/project-json:createNodes' 1.7472500000003492
Time for 'nx/js/dependencies-and-lockfile:createNodes' 8.620291999999608
[NX v21.4.1 Daemon Server] - 2025-09-13T16:00:52.033Z - Time taken for 'build-project-configs' 23.572375000001557ms
Time for 'build typescript dependencies' 6.333334000000832
[NX v21.4.1 Daemon Server] - 2025-09-13T16:00:52.065Z - Wrote project graph cache to /Users/3bird/Documents/personal/studycourse/education-site-frontend/.nx/workspace-data/project-graph.json
[NX v21.4.1 Daemon Server] - 2025-09-13T16:00:52.065Z - [SYNC]: collect registered sync generators
[NX v21.4.1 Daemon Server] - 2025-09-13T16:00:52.065Z - [SYNC]: project graph hash is the same, not collecting task sync generators
[NX v21.4.1 Daemon Server] - 2025-09-13T16:00:52.065Z - [SYNC]: nx.json hash is the same, not collecting global sync generators
[NX v21.4.1 Daemon Server] - 2025-09-13T16:00:52.066Z - Time taken for 'total execution time for createProjectGraph()' 29.546916999999667ms
[NX v21.4.1 Daemon Server] - 2025-09-13T16:00:52.134Z - [WATCHER]: Processing file changes in outputs
[NX v21.4.1 Daemon Server] - 2025-09-13T16:00:52.274Z - [WATCHER]: Processing file changes in outputs
[NX v21.4.1 Daemon Server] - 2025-09-13T16:00:53.539Z - [WATCHER]: Processing file changes in outputs
[NX v21.4.1 Daemon Server] - 2025-09-13T16:01:13.541Z - [WATCHER]: Processing file changes in outputs
[NX v21.4.1 Daemon Server] - 2025-09-13T16:01:17.946Z - [WATCHER]: Processing file changes in outputs
[NX v21.4.1 Daemon Server] - 2025-09-13T16:01:18.060Z - [WATCHER]: Processing file changes in outputs
[NX v21.4.1 Daemon Server] - 2025-09-13T16:01:19.263Z - [WATCHER]: Processing file changes in outputs
[NX v21.4.1 Daemon Server] - 2025-09-13T16:01:22.521Z - [WATCHER]: Processing file changes in outputs
[NX v21.4.1 Daemon Server] - 2025-09-13T16:01:22.915Z - [WATCHER]: Processing file changes in outputs
[NX v21.4.1 Daemon Server] - 2025-09-13T16:01:22.997Z - [WATCHER]: Processing file changes in outputs
[NX v21.4.1 Daemon Server] - 2025-09-13T16:01:23.049Z - [WATCHER]: Processing file changes in outputs
[NX v21.4.1 Daemon Server] - 2025-09-13T16:01:23.108Z - [WATCHER]: Processing file changes in outputs
[NX v21.4.1 Daemon Server] - 2025-09-13T16:01:24.010Z - [WATCHER]: Processing file changes in outputs
[NX v21.4.1 Daemon Server] - 2025-09-13T16:01:24.091Z - [WATCHER]: Processing file changes in outputs
[NX v21.4.1 Daemon Server] - 2025-09-13T16:01:25.125Z - [WATCHER]: Processing file changes in outputs
[NX v21.4.1 Daemon Server] - 2025-09-13T16:01:25.182Z - [WATCHER]: Processing file changes in outputs
[NX v21.4.1 Daemon Server] - 2025-09-13T16:01:26.091Z - [WATCHER]: Processing file changes in outputs
[NX v21.4.1 Daemon Server] - 2025-09-13T16:01:26.147Z - [WATCHER]: Processing file changes in outputs
[NX v21.4.1 Daemon Server] - 2025-09-13T16:01:27.127Z - [WATCHER]: Processing file changes in outputs
[NX v21.4.1 Daemon Server] - 2025-09-13T16:01:28.294Z - [WATCHER]: Processing file changes in outputs
[NX v21.4.1 Daemon Server] - 2025-09-13T16:01:28.959Z - [WATCHER]: Processing file changes in outputs
[NX v21.4.1 Daemon Server] - 2025-09-13T16:01:29.034Z - [WATCHER]: Processing file changes in outputs
[NX v21.4.1 Daemon Server] - 2025-09-13T16:01:30.105Z - [WATCHER]: Processing file changes in outputs
[NX v21.4.1 Daemon Server] - 2025-09-13T16:01:39.145Z - [WATCHER]: Processing file changes in outputs
[NX v21.4.1 Daemon Server] - 2025-09-13T16:01:39.264Z - [WATCHER]: Processing file changes in outputs
[NX v21.4.1 Daemon Server] - 2025-09-13T16:01:39.342Z - [WATCHER]: Processing file changes in outputs
[NX v21.4.1 Daemon Server] - 2025-09-13T16:01:42.518Z - [WATCHER]: Processing file changes in outputs
[NX v21.4.1 Daemon Server] - 2025-09-13T16:01:42.680Z - [WATCHER]: Processing file changes in outputs
[NX v21.4.1 Daemon Server] - 2025-09-13T16:01:43.919Z - [WATCHER]: Processing file changes in outputs
[NX v21.4.1 Daemon Server] - 2025-09-13T16:01:47.541Z - [WATCHER]: 0 file(s) created or restored, 2 file(s) modified, 0 file(s) deleted
[NX v21.4.1 Daemon Server] - 2025-09-13T16:01:47.543Z - [WATCHER]: Processing file changes in outputs
[NX v21.4.1 Daemon Server] - 2025-09-13T16:01:47.826Z - [REQUEST]: Updated workspace context based on watched changes, recomputing project graph...
[NX v21.4.1 Daemon Server] - 2025-09-13T16:01:47.826Z - [REQUEST]: apps/admin/next.config.js,apps/admin/tsconfig.json
[NX v21.4.1 Daemon Server] - 2025-09-13T16:01:47.826Z - [REQUEST]: 
[NX v21.4.1 Daemon Server] - 2025-09-13T16:01:47.842Z - [WATCHER]: Processing file changes in outputs
[NX v21.4.1 Daemon Server] - 2025-09-13T16:01:47.843Z - Time taken for 'hash changed files from watcher' 1.8824580000000424ms
Time for 'nx/core/package-json:createNodes' 2.5857919999980368
Time for 'nx/core/project-json:createNodes' 3.7035419999956503
Time for 'nx/js/dependencies-and-lockfile:createNodes' 16.20741700000508
[NX v21.4.1 Daemon Server] - 2025-09-13T16:01:47.898Z - Time taken for 'build-project-configs' 60.347625000002154ms
Time for 'build typescript dependencies' 0.035708000003069174
[NX v21.4.1 Daemon Server] - 2025-09-13T16:01:47.966Z - Wrote project graph cache to /Users/3bird/Documents/personal/studycourse/education-site-frontend/.nx/workspace-data/project-graph.json
[NX v21.4.1 Daemon Server] - 2025-09-13T16:01:47.966Z - [SYNC]: collect registered sync generators
[NX v21.4.1 Daemon Server] - 2025-09-13T16:01:47.966Z - [SYNC]: project graph hash is the same, not collecting task sync generators
[NX v21.4.1 Daemon Server] - 2025-09-13T16:01:47.966Z - [SYNC]: nx.json hash is the same, not collecting global sync generators
[NX v21.4.1 Daemon Server] - 2025-09-13T16:01:47.966Z - Time taken for 'total execution time for createProjectGraph()' 65.58333300000231ms
[NX v21.4.1 Daemon Server] - 2025-09-13T16:01:48.713Z - Established a connection. Number of open connections: 5
[NX v21.4.1 Daemon Server] - 2025-09-13T16:01:48.714Z - Closed a connection. Number of open connections: 4
[NX v21.4.1 Daemon Server] - 2025-09-13T16:01:48.714Z - Established a connection. Number of open connections: 5
[NX v21.4.1 Daemon Server] - 2025-09-13T16:01:48.716Z - [REQUEST]: Client Request for Project Graph Received
[NX v21.4.1 Daemon Server] - 2025-09-13T16:01:48.716Z - Reusing in-memory cached project graph because no files changed.
[NX v21.4.1 Daemon Server] - 2025-09-13T16:01:48.716Z - [REQUEST]: Responding to the client. project-graph
[NX v21.4.1 Daemon Server] - 2025-09-13T16:01:48.717Z - Time taken for 'total for creating and serializing project graph' 0.32645800001046155ms
[NX v21.4.1 Daemon Server] - 2025-09-13T16:01:48.725Z - Done responding to the client project-graph
[NX v21.4.1 Daemon Server] - 2025-09-13T16:01:48.725Z - Handled REQUEST_PROJECT_GRAPH. Handling time: 0. Response time: 9.
[NX v21.4.1 Daemon Server] - 2025-09-13T16:01:50.431Z - [WATCHER]: Processing file changes in outputs
[NX v21.4.1 Daemon Server] - 2025-09-13T16:01:51.286Z - [WATCHER]: Processing file changes in outputs
[NX v21.4.1 Daemon Server] - 2025-09-13T16:01:51.561Z - [WATCHER]: Processing file changes in outputs
[NX v21.4.1 Daemon Server] - 2025-09-13T16:01:51.659Z - [WATCHER]: Processing file changes in outputs
[NX v21.4.1 Daemon Server] - 2025-09-13T16:02:04.077Z - [WATCHER]: Processing file changes in outputs
[NX v21.4.1 Daemon Server] - 2025-09-13T16:02:04.395Z - [WATCHER]: Processing file changes in outputs
[NX v21.4.1 Daemon Server] - 2025-09-13T16:02:06.814Z - [WATCHER]: Processing file changes in outputs
[NX v21.4.1 Daemon Server] - 2025-09-13T16:02:06.983Z - [WATCHER]: Processing file changes in outputs
[NX v21.4.1 Daemon Server] - 2025-09-13T16:02:07.176Z - [WATCHER]: Processing file changes in outputs
[NX v21.4.1 Daemon Server] - 2025-09-13T16:02:07.233Z - [WATCHER]: Processing file changes in outputs
[NX v21.4.1 Daemon Server] - 2025-09-13T16:02:07.364Z - [WATCHER]: Processing file changes in outputs
[NX v21.4.1 Daemon Server] - 2025-09-13T16:02:07.916Z - [WATCHER]: Processing file changes in outputs
[NX v21.4.1 Daemon Server] - 2025-09-13T16:02:08.257Z - [WATCHER]: Processing file changes in outputs
[NX v21.4.1 Daemon Server] - 2025-09-13T16:02:09.813Z - [WATCHER]: Processing file changes in outputs
[NX v21.4.1 Daemon Server] - 2025-09-13T16:02:33.160Z - [WATCHER]: package.json was modified
[NX v21.4.1 Daemon Server] - 2025-09-13T16:02:33.168Z - [WATCHER]: Processing file changes in outputs
[NX v21.4.1 Daemon Server] - 2025-09-13T16:02:33.254Z - [WATCHER]: Processing file changes in outputs
[NX v21.4.1 Daemon Server] - 2025-09-13T16:02:33.254Z - Closed a connection. Number of open connections: 4
[NX v21.4.1 Daemon Server] - 2025-09-13T16:02:33.255Z - Closed a connection. Number of open connections: 3
[NX v21.4.1 Daemon Server] - 2025-09-13T16:02:33.255Z - Closed a connection. Number of open connections: 2
[NX v21.4.1 Daemon Server] - 2025-09-13T16:02:33.255Z - Closed a connection. Number of open connections: 1
[NX v21.4.1 Daemon Server] - 2025-09-13T16:02:33.255Z - Closed a connection. Number of open connections: 0
[NX v21.4.1 Daemon Server] - 2025-09-13T16:02:33.257Z - [WATCHER]: Stopping the watcher for /Users/3bird/Documents/personal/studycourse/education-site-frontend (sources)
[NX v21.4.1 Daemon Server] - 2025-09-13T16:02:33.258Z - [WATCHER]: Stopping the watcher for /Users/3bird/Documents/personal/studycourse/education-site-frontend (outputs)
[NX v21.4.1 Daemon Server] - 2025-09-13T16:02:33.263Z - Server stopped because: "LOCK_FILES_CHANGED"
[NX v21.4.1 Daemon Server] - 2025-09-13T16:02:57.617Z - Started listening on: /var/folders/qd/6ycsymv110361t3k9bsgfr9h0000gn/T/5f4c7286d2718379663c/d.sock
[NX v21.4.1 Daemon Server] - 2025-09-13T16:02:57.623Z - [WATCHER]: Subscribed to changes within: /Users/3bird/Documents/personal/studycourse/education-site-frontend (native)
[NX v21.4.1 Daemon Server] - 2025-09-13T16:02:57.625Z - Established a connection. Number of open connections: 1
[NX v21.4.1 Daemon Server] - 2025-09-13T16:02:57.626Z - Established a connection. Number of open connections: 2
[NX v21.4.1 Daemon Server] - 2025-09-13T16:02:57.627Z - Closed a connection. Number of open connections: 1
[NX v21.4.1 Daemon Server] - 2025-09-13T16:02:57.628Z - [REQUEST]: Client Request for Project Graph Received
[NX v21.4.1 Daemon Server] - 2025-09-13T16:02:57.631Z - Time taken for 'loadSpecifiedNxPlugins' 0.7088340000000102ms
Time for 'plugin worker 67044 code loading' 2.6231670000000022
Time for 'plugin worker 67043 code loading' 2.7550419999999995
Time for 'plugin worker 67045 code loading' 2.501332999999999
[NX v21.4.1 Daemon Server] - 2025-09-13T16:02:57.778Z - Time taken for 'Load Nx Plugin: /Users/3bird/Documents/personal/studycourse/education-site-frontend/node_modules/nx/src/plugins/package-json' 148.36729200000002ms
[NX v21.4.1 Daemon Server] - 2025-09-13T16:02:57.781Z - Time taken for 'Load Nx Plugin: /Users/3bird/Documents/personal/studycourse/education-site-frontend/node_modules/nx/src/plugins/project-json/build-nodes/project-json' 151.31799999999998ms
[NX v21.4.1 Daemon Server] - 2025-09-13T16:02:57.791Z - [REQUEST]: Updated workspace context based on watched changes, recomputing project graph...
[NX v21.4.1 Daemon Server] - 2025-09-13T16:02:57.791Z - [REQUEST]: 
[NX v21.4.1 Daemon Server] - 2025-09-13T16:02:57.791Z - [REQUEST]: 
[NX v21.4.1 Daemon Server] - 2025-09-13T16:02:57.792Z - No files changed, but no in-memory cached project graph found. Recomputing it...
[NX v21.4.1 Daemon Server] - 2025-09-13T16:02:57.795Z - Time taken for 'loadDefaultNxPlugins' 161.064708ms
Time for 'nx/core/package-json:createNodes' 0.5043330000000026
Time for 'nx/core/project-json:createNodes' 1.165582999999998
Time for 'nx/js/dependencies-and-lockfile:createNodes' 381.25699999999995
[NX v21.4.1 Daemon Server] - 2025-09-13T16:02:58.222Z - Time taken for 'build-project-configs' 395.905791ms
Time for 'build typescript dependencies' 0.14704200000005585
[NX v21.4.1 Daemon Server] - 2025-09-13T16:02:58.263Z - Wrote project graph cache to /Users/3bird/Documents/personal/studycourse/education-site-frontend/.nx/workspace-data/project-graph.json
[NX v21.4.1 Daemon Server] - 2025-09-13T16:02:58.263Z - [SYNC]: collect registered sync generators
[NX v21.4.1 Daemon Server] - 2025-09-13T16:02:58.264Z - [REQUEST]: Responding to the client. project-graph
[NX v21.4.1 Daemon Server] - 2025-09-13T16:02:58.265Z - Time taken for 'total for creating and serializing project graph' 635.583417ms
[NX v21.4.1 Daemon Server] - 2025-09-13T16:02:58.269Z - Done responding to the client project-graph
[NX v21.4.1 Daemon Server] - 2025-09-13T16:02:58.270Z - Handled REQUEST_PROJECT_GRAPH. Handling time: 636. Response time: 6.
[NX v21.4.1 Daemon Server] - 2025-09-13T16:02:58.280Z - [REQUEST]: Responding to the client. handleRunPreTasksExecution
[NX v21.4.1 Daemon Server] - 2025-09-13T16:02:58.280Z - Done responding to the client handleRunPreTasksExecution
[NX v21.4.1 Daemon Server] - 2025-09-13T16:02:58.280Z - Handled PRE_TASKS_EXECUTION. Handling time: 1. Response time: 0.
[NX v21.4.1 Daemon Server] - 2025-09-13T16:02:58.280Z - Time taken for 'preTasksExecution' 0.3246669999999767ms
[NX v21.4.1 Daemon Server] - 2025-09-13T16:02:58.327Z - Reusing in-memory cached project graph because no files changed.
DEBUG nx::native::tasks::task_hasher: plan length: 1
DEBUG nx::native::tasks::hashers::hash_workspace_files: Hashing workspace fileset{cache_key="nx.json,.gitignore,.nxignore"}: Adding "2913894268036001599" (".gitignore") to hash
DEBUG nx::native::tasks::hashers::hash_workspace_files: Hashing workspace fileset{cache_key="nx.json,.gitignore,.nxignore"}: Adding "3619439782444644385" ("nx.json") to hash
DEBUG nx::native::tasks::hashers::hash_workspace_files: Hashing workspace fileset{cache_key="nx.json,.gitignore,.nxignore"}: Hash Value: "12630403656253729768"
[NX v21.4.1 Daemon Server] - 2025-09-13T16:02:58.343Z - [REQUEST]: Responding to the client. handleHashTasks
[NX v21.4.1 Daemon Server] - 2025-09-13T16:02:58.344Z - Done responding to the client handleHashTasks
[NX v21.4.1 Daemon Server] - 2025-09-13T16:02:58.344Z - Handled HASH_TASKS. Handling time: 16. Response time: 1.
[NX v21.4.1 Daemon Server] - 2025-09-13T16:02:58.412Z - [REQUEST]: Responding to the client. handleGetEstimatedTaskTimings
[NX v21.4.1 Daemon Server] - 2025-09-13T16:02:58.412Z - Done responding to the client handleGetEstimatedTaskTimings
[NX v21.4.1 Daemon Server] - 2025-09-13T16:02:58.412Z - Handled GET_ESTIMATED_TASK_TIMINGS. Handling time: 13. Response time: 0.
[NX v21.4.1 Daemon Server] - 2025-09-13T16:03:13.734Z - [WATCHER]: Processing file changes in outputs
[NX v21.4.1 Daemon Server] - 2025-09-13T16:03:13.825Z - [WATCHER]: Processing file changes in outputs
[NX v21.4.1 Daemon Server] - 2025-09-13T16:03:13.892Z - [WATCHER]: Processing file changes in outputs
[NX v21.4.1 Daemon Server] - 2025-09-13T16:03:13.973Z - [WATCHER]: Processing file changes in outputs
[NX v21.4.1 Daemon Server] - 2025-09-13T16:03:16.720Z - [WATCHER]: Processing file changes in outputs
[NX v21.4.1 Daemon Server] - 2025-09-13T16:03:16.872Z - [WATCHER]: Processing file changes in outputs
[NX v21.4.1 Daemon Server] - 2025-09-13T16:03:16.938Z - [WATCHER]: Processing file changes in outputs
[NX v21.4.1 Daemon Server] - 2025-09-13T16:03:17.024Z - [WATCHER]: Processing file changes in outputs
[NX v21.4.1 Daemon Server] - 2025-09-13T16:03:17.449Z - [WATCHER]: Processing file changes in outputs
[NX v21.4.1 Daemon Server] - 2025-09-13T16:03:30.175Z - [WATCHER]: Processing file changes in outputs
[NX v21.4.1 Daemon Server] - 2025-09-13T16:03:30.641Z - [WATCHER]: Processing file changes in outputs
[NX v21.4.1 Daemon Server] - 2025-09-13T16:03:34.239Z - [WATCHER]: Processing file changes in outputs
[NX v21.4.1 Daemon Server] - 2025-09-13T16:03:34.292Z - [WATCHER]: Processing file changes in outputs
[NX v21.4.1 Daemon Server] - 2025-09-13T16:03:34.807Z - [WATCHER]: Processing file changes in outputs
[NX v21.4.1 Daemon Server] - 2025-09-13T16:03:34.903Z - [WATCHER]: Processing file changes in outputs
[NX v21.4.1 Daemon Server] - 2025-09-13T16:03:35.725Z - [WATCHER]: Processing file changes in outputs
[NX v21.4.1 Daemon Server] - 2025-09-13T16:03:57.103Z - [WATCHER]: Processing file changes in outputs
[NX v21.4.1 Daemon Server] - 2025-09-13T16:03:57.109Z - Closed a connection. Number of open connections: 0
[NX v21.4.1 Daemon Server] - 2025-09-13T16:03:57.113Z - [WATCHER]: Stopping the watcher for /Users/3bird/Documents/personal/studycourse/education-site-frontend (sources)
[NX v21.4.1 Daemon Server] - 2025-09-13T16:03:57.114Z - [WATCHER]: Stopping the watcher for /Users/3bird/Documents/personal/studycourse/education-site-frontend (outputs)
[NX v21.4.1 Daemon Server] - 2025-09-13T16:03:57.134Z - Server stopped because: "LOCK_FILES_CHANGED"
[NX v21.4.1 Daemon Server] - 2025-09-13T16:08:25.087Z - Started listening on: /var/folders/qd/6ycsymv110361t3k9bsgfr9h0000gn/T/5f4c7286d2718379663c/d.sock
[NX v21.4.1 Daemon Server] - 2025-09-13T16:08:25.109Z - [WATCHER]: Subscribed to changes within: /Users/3bird/Documents/personal/studycourse/education-site-frontend (native)
[NX v21.4.1 Daemon Server] - 2025-09-13T16:08:25.110Z - Established a connection. Number of open connections: 1
[NX v21.4.1 Daemon Server] - 2025-09-13T16:08:25.111Z - Established a connection. Number of open connections: 2
[NX v21.4.1 Daemon Server] - 2025-09-13T16:08:25.112Z - Closed a connection. Number of open connections: 1
[NX v21.4.1 Daemon Server] - 2025-09-13T16:08:25.113Z - [REQUEST]: Client Request for Project Graph Received
[NX v21.4.1 Daemon Server] - 2025-09-13T16:08:25.117Z - Time taken for 'loadSpecifiedNxPlugins' 0.7073330000000055ms
Time for 'plugin worker 68747 code loading' [33m10.062916999999999[39m
Time for 'plugin worker 68749 code loading' [33m9.738709000000004[39m
Time for 'plugin worker 68748 code loading' [33m8.462250000000001[39m
[NX v21.4.1 Daemon Server] - 2025-09-13T16:08:25.296Z - Time taken for 'Load Nx Plugin: /Users/3bird/Documents/personal/studycourse/education-site-frontend/node_modules/nx/src/plugins/package-json' 181.871625ms
[NX v21.4.1 Daemon Server] - 2025-09-13T16:08:25.302Z - Time taken for 'Load Nx Plugin: /Users/3bird/Documents/personal/studycourse/education-site-frontend/node_modules/nx/src/plugins/project-json/build-nodes/project-json' 187.59191700000002ms
[NX v21.4.1 Daemon Server] - 2025-09-13T16:08:25.310Z - [REQUEST]: Updated workspace context based on watched changes, recomputing project graph...
[NX v21.4.1 Daemon Server] - 2025-09-13T16:08:25.310Z - [REQUEST]: 
[NX v21.4.1 Daemon Server] - 2025-09-13T16:08:25.310Z - [REQUEST]: 
[NX v21.4.1 Daemon Server] - 2025-09-13T16:08:25.311Z - No files changed, but no in-memory cached project graph found. Recomputing it...
[NX v21.4.1 Daemon Server] - 2025-09-13T16:08:25.314Z - Time taken for 'loadDefaultNxPlugins' 195.75179200000002ms
Time for 'nx/core/package-json:createNodes' [33m0.6135830000000055[39m
Time for 'nx/core/project-json:createNodes' [33m1.4663749999999993[39m
Time for 'nx/js/dependencies-and-lockfile:createNodes' [33m727.9248749999999[39m
[NX v21.4.1 Daemon Server] - 2025-09-13T16:08:26.086Z - Time taken for 'build-project-configs' 745.1103340000001ms
Time for 'build typescript dependencies' [33m5.732959000000051[39m
[NX v21.4.1 Daemon Server] - 2025-09-13T16:08:26.180Z - Wrote project graph cache to /Users/3bird/Documents/personal/studycourse/education-site-frontend/.nx/workspace-data/project-graph.json
[NX v21.4.1 Daemon Server] - 2025-09-13T16:08:26.180Z - [SYNC]: collect registered sync generators
[NX v21.4.1 Daemon Server] - 2025-09-13T16:08:26.181Z - [REQUEST]: Responding to the client. project-graph
[NX v21.4.1 Daemon Server] - 2025-09-13T16:08:26.182Z - Time taken for 'total for creating and serializing project graph' 1067.219875ms
[NX v21.4.1 Daemon Server] - 2025-09-13T16:08:26.184Z - Done responding to the client project-graph
[NX v21.4.1 Daemon Server] - 2025-09-13T16:08:26.184Z - Handled REQUEST_PROJECT_GRAPH. Handling time: 1068. Response time: 3.
[NX v21.4.1 Daemon Server] - 2025-09-13T16:08:26.396Z - [REQUEST]: Client Request for Project Graph Received
[NX v21.4.1 Daemon Server] - 2025-09-13T16:08:26.397Z - Reusing in-memory cached project graph because no files changed.
[NX v21.4.1 Daemon Server] - 2025-09-13T16:08:26.397Z - [REQUEST]: Responding to the client. project-graph
[NX v21.4.1 Daemon Server] - 2025-09-13T16:08:26.398Z - Time taken for 'total for creating and serializing project graph' 0.20249999999987267ms
[NX v21.4.1 Daemon Server] - 2025-09-13T16:08:26.402Z - Done responding to the client project-graph
[NX v21.4.1 Daemon Server] - 2025-09-13T16:08:26.402Z - Handled REQUEST_PROJECT_GRAPH. Handling time: 1. Response time: 5.
[NX v21.4.1 Daemon Server] - 2025-09-13T16:08:26.757Z - [WATCHER]: apps/admin/next-env.d.ts was modified
[NX v21.4.1 Daemon Server] - 2025-09-13T16:08:26.757Z - [WATCHER]: Processing file changes in outputs
[NX v21.4.1 Daemon Server] - 2025-09-13T16:08:26.859Z - [REQUEST]: Updated workspace context based on watched changes, recomputing project graph...
[NX v21.4.1 Daemon Server] - 2025-09-13T16:08:26.860Z - [REQUEST]: apps/admin/next-env.d.ts
[NX v21.4.1 Daemon Server] - 2025-09-13T16:08:26.869Z - [REQUEST]: 
[NX v21.4.1 Daemon Server] - 2025-09-13T16:08:26.873Z - Time taken for 'hash changed files from watcher' 0.6593339999999444ms
Time for 'nx/core/package-json:createNodes' [33m4.971457999999984[39m
Time for 'nx/core/project-json:createNodes' [33m8.363000000000056[39m
Time for 'nx/js/dependencies-and-lockfile:createNodes' [33m21.09287499999982[39m
[NX v21.4.1 Daemon Server] - 2025-09-13T16:08:26.936Z - Time taken for 'build-project-configs' 52.96479199999999ms
Time for 'build typescript dependencies' [33m2.009582999999793[39m
[NX v21.4.1 Daemon Server] - 2025-09-13T16:08:27.019Z - Wrote project graph cache to /Users/3bird/Documents/personal/studycourse/education-site-frontend/.nx/workspace-data/project-graph.json
[NX v21.4.1 Daemon Server] - 2025-09-13T16:08:27.019Z - [SYNC]: collect registered sync generators
[NX v21.4.1 Daemon Server] - 2025-09-13T16:08:27.019Z - [SYNC]: project graph hash is the same, not collecting task sync generators
[NX v21.4.1 Daemon Server] - 2025-09-13T16:08:27.019Z - [SYNC]: nx.json hash is the same, not collecting global sync generators
[NX v21.4.1 Daemon Server] - 2025-09-13T16:08:27.019Z - Time taken for 'total execution time for createProjectGraph()' 75.58137499999998ms
[NX v21.4.1 Daemon Server] - 2025-09-13T16:08:27.190Z - [WATCHER]: Processing file changes in outputs
[NX v21.4.1 Daemon Server] - 2025-09-13T16:08:30.050Z - [WATCHER]: Processing file changes in outputs
[NX v21.4.1 Daemon Server] - 2025-09-13T16:08:30.290Z - [REQUEST]: Client Request for Project Graph Received
[NX v21.4.1 Daemon Server] - 2025-09-13T16:08:30.292Z - Reusing in-memory cached project graph because no files changed.
[NX v21.4.1 Daemon Server] - 2025-09-13T16:08:30.292Z - [REQUEST]: Responding to the client. project-graph
[NX v21.4.1 Daemon Server] - 2025-09-13T16:08:30.300Z - Time taken for 'total for creating and serializing project graph' 2.2348749999991924ms
[NX v21.4.1 Daemon Server] - 2025-09-13T16:08:30.304Z - [WATCHER]: Processing file changes in outputs
[NX v21.4.1 Daemon Server] - 2025-09-13T16:08:30.330Z - Done responding to the client project-graph
[NX v21.4.1 Daemon Server] - 2025-09-13T16:08:30.330Z - Handled REQUEST_PROJECT_GRAPH. Handling time: 2. Response time: 38.
[NX v21.4.1 Daemon Server] - 2025-09-13T16:08:30.361Z - [WATCHER]: Processing file changes in outputs
[NX v21.4.1 Daemon Server] - 2025-09-13T16:08:31.844Z - [WATCHER]: Processing file changes in outputs
[NX v21.4.1 Daemon Server] - 2025-09-13T16:08:32.015Z - [WATCHER]: apps/admin/next.config.js was modified
[NX v21.4.1 Daemon Server] - 2025-09-13T16:08:32.029Z - [WATCHER]: Processing file changes in outputs
[NX v21.4.1 Daemon Server] - 2025-09-13T16:08:32.053Z - Closed a connection. Number of open connections: 0
[NX v21.4.1 Daemon Server] - 2025-09-13T16:08:32.116Z - [WATCHER]: Processing file changes in outputs
[NX v21.4.1 Daemon Server] - 2025-09-13T16:08:32.131Z - [REQUEST]: Updated workspace context based on watched changes, recomputing project graph...
[NX v21.4.1 Daemon Server] - 2025-09-13T16:08:32.131Z - [REQUEST]: apps/admin/next.config.js
[NX v21.4.1 Daemon Server] - 2025-09-13T16:08:32.131Z - [REQUEST]: 
[NX v21.4.1 Daemon Server] - 2025-09-13T16:08:32.133Z - Time taken for 'hash changed files from watcher' 0.3818750000000364ms
Time for 'nx/core/package-json:createNodes' [33m1.1704579999995985[39m
Time for 'nx/core/project-json:createNodes' [33m1.2865419999998267[39m
Time for 'nx/js/dependencies-and-lockfile:createNodes' [33m8.30645800000002[39m
[NX v21.4.1 Daemon Server] - 2025-09-13T16:08:32.156Z - Time taken for 'build-project-configs' 20.027625000000626ms
Time for 'build typescript dependencies' [33m0.025000000000545697[39m
[NX v21.4.1 Daemon Server] - 2025-09-13T16:08:32.231Z - Wrote project graph cache to /Users/3bird/Documents/personal/studycourse/education-site-frontend/.nx/workspace-data/project-graph.json
[NX v21.4.1 Daemon Server] - 2025-09-13T16:08:32.232Z - [SYNC]: collect registered sync generators
[NX v21.4.1 Daemon Server] - 2025-09-13T16:08:32.232Z - [SYNC]: project graph hash is the same, not collecting task sync generators
[NX v21.4.1 Daemon Server] - 2025-09-13T16:08:32.232Z - [SYNC]: nx.json hash is the same, not collecting global sync generators
[NX v21.4.1 Daemon Server] - 2025-09-13T16:08:32.233Z - Time taken for 'total execution time for createProjectGraph()' 54.00720799999999ms
[NX v21.4.1 Daemon Server] - 2025-09-13T16:08:32.806Z - Established a connection. Number of open connections: 1
[NX v21.4.1 Daemon Server] - 2025-09-13T16:08:32.808Z - Closed a connection. Number of open connections: 0
[NX v21.4.1 Daemon Server] - 2025-09-13T16:08:32.808Z - Established a connection. Number of open connections: 1
[NX v21.4.1 Daemon Server] - 2025-09-13T16:08:32.816Z - [REQUEST]: Client Request for Project Graph Received
[NX v21.4.1 Daemon Server] - 2025-09-13T16:08:32.817Z - Reusing in-memory cached project graph because no files changed.
[NX v21.4.1 Daemon Server] - 2025-09-13T16:08:32.817Z - [REQUEST]: Responding to the client. project-graph
[NX v21.4.1 Daemon Server] - 2025-09-13T16:08:32.818Z - Time taken for 'total for creating and serializing project graph' 0.47229200000037963ms
[NX v21.4.1 Daemon Server] - 2025-09-13T16:08:32.828Z - Done responding to the client project-graph
[NX v21.4.1 Daemon Server] - 2025-09-13T16:08:32.829Z - Handled REQUEST_PROJECT_GRAPH. Handling time: 1. Response time: 12.
[NX v21.4.1 Daemon Server] - 2025-09-13T16:08:33.043Z - [REQUEST]: Client Request for Project Graph Received
[NX v21.4.1 Daemon Server] - 2025-09-13T16:08:33.043Z - Reusing in-memory cached project graph because no files changed.
[NX v21.4.1 Daemon Server] - 2025-09-13T16:08:33.043Z - [REQUEST]: Responding to the client. project-graph
[NX v21.4.1 Daemon Server] - 2025-09-13T16:08:33.045Z - Time taken for 'total for creating and serializing project graph' 0.8647919999993974ms
[NX v21.4.1 Daemon Server] - 2025-09-13T16:08:33.047Z - Done responding to the client project-graph
[NX v21.4.1 Daemon Server] - 2025-09-13T16:08:33.048Z - Handled REQUEST_PROJECT_GRAPH. Handling time: 0. Response time: 5.
[NX v21.4.1 Daemon Server] - 2025-09-13T16:08:34.275Z - [WATCHER]: Processing file changes in outputs
[NX v21.4.1 Daemon Server] - 2025-09-13T16:08:34.278Z - [WATCHER]: apps/admin/tsconfig.json was modified
[NX v21.4.1 Daemon Server] - 2025-09-13T16:08:34.379Z - [REQUEST]: Updated workspace context based on watched changes, recomputing project graph...
[NX v21.4.1 Daemon Server] - 2025-09-13T16:08:34.379Z - [REQUEST]: apps/admin/tsconfig.json
[NX v21.4.1 Daemon Server] - 2025-09-13T16:08:34.379Z - [REQUEST]: 
[NX v21.4.1 Daemon Server] - 2025-09-13T16:08:34.381Z - Time taken for 'hash changed files from watcher' 0.3533339999994496ms
Time for 'nx/core/package-json:createNodes' [33m0.250584000001254[39m
Time for 'nx/core/project-json:createNodes' [33m0.344042000000627[39m
Time for 'nx/js/dependencies-and-lockfile:createNodes' [33m6.067291999999725[39m
[NX v21.4.1 Daemon Server] - 2025-09-13T16:08:34.401Z - Time taken for 'build-project-configs' 14.285832999999911ms
Time for 'build typescript dependencies' [33m3.0197920000009617[39m
[NX v21.4.1 Daemon Server] - 2025-09-13T16:08:34.433Z - Wrote project graph cache to /Users/3bird/Documents/personal/studycourse/education-site-frontend/.nx/workspace-data/project-graph.json
[NX v21.4.1 Daemon Server] - 2025-09-13T16:08:34.434Z - [SYNC]: collect registered sync generators
[NX v21.4.1 Daemon Server] - 2025-09-13T16:08:34.434Z - [SYNC]: project graph hash is the same, not collecting task sync generators
[NX v21.4.1 Daemon Server] - 2025-09-13T16:08:34.434Z - [SYNC]: nx.json hash is the same, not collecting global sync generators
[NX v21.4.1 Daemon Server] - 2025-09-13T16:08:34.434Z - Time taken for 'total execution time for createProjectGraph()' 27.959333999999217ms
[NX v21.4.1 Daemon Server] - 2025-09-13T16:08:34.511Z - [WATCHER]: Processing file changes in outputs
[NX v21.4.1 Daemon Server] - 2025-09-13T16:08:35.147Z - [WATCHER]: Processing file changes in outputs
[NX v21.4.1 Daemon Server] - 2025-09-13T16:08:35.371Z - [REQUEST]: Client Request for Project Graph Received
[NX v21.4.1 Daemon Server] - 2025-09-13T16:08:35.372Z - Reusing in-memory cached project graph because no files changed.
[NX v21.4.1 Daemon Server] - 2025-09-13T16:08:35.372Z - [REQUEST]: Responding to the client. project-graph
[NX v21.4.1 Daemon Server] - 2025-09-13T16:08:35.373Z - Time taken for 'total for creating and serializing project graph' 0.7124580000017886ms
[NX v21.4.1 Daemon Server] - 2025-09-13T16:08:35.378Z - Done responding to the client project-graph
[NX v21.4.1 Daemon Server] - 2025-09-13T16:08:35.378Z - Handled REQUEST_PROJECT_GRAPH. Handling time: 1. Response time: 6.
[NX v21.4.1 Daemon Server] - 2025-09-13T16:08:35.393Z - [WATCHER]: Processing file changes in outputs
[NX v21.4.1 Daemon Server] - 2025-09-13T16:08:39.055Z - [WATCHER]: apps/admin/tsconfig.json was modified
[NX v21.4.1 Daemon Server] - 2025-09-13T16:08:39.056Z - [WATCHER]: Processing file changes in outputs
[NX v21.4.1 Daemon Server] - 2025-09-13T16:08:39.156Z - [REQUEST]: Updated workspace context based on watched changes, recomputing project graph...
[NX v21.4.1 Daemon Server] - 2025-09-13T16:08:39.156Z - [REQUEST]: apps/admin/tsconfig.json
[NX v21.4.1 Daemon Server] - 2025-09-13T16:08:39.156Z - [REQUEST]: 
[NX v21.4.1 Daemon Server] - 2025-09-13T16:08:39.162Z - Time taken for 'hash changed files from watcher' 0.4069159999999101ms
Time for 'nx/core/package-json:createNodes' [33m0.8168750000004366[39m
Time for 'nx/core/project-json:createNodes' [33m0.7910829999982525[39m
Time for 'nx/js/dependencies-and-lockfile:createNodes' [33m7.841542000000118[39m
[NX v21.4.1 Daemon Server] - 2025-09-13T16:08:39.184Z - Time taken for 'build-project-configs' 17.04700000000048ms
Time for 'build typescript dependencies' [33m0.029791999999360996[39m
[NX v21.4.1 Daemon Server] - 2025-09-13T16:08:39.326Z - Wrote project graph cache to /Users/3bird/Documents/personal/studycourse/education-site-frontend/.nx/workspace-data/project-graph.json
[NX v21.4.1 Daemon Server] - 2025-09-13T16:08:39.327Z - [SYNC]: collect registered sync generators
[NX v21.4.1 Daemon Server] - 2025-09-13T16:08:39.327Z - [SYNC]: project graph hash is the same, not collecting task sync generators
[NX v21.4.1 Daemon Server] - 2025-09-13T16:08:39.327Z - [SYNC]: nx.json hash is the same, not collecting global sync generators
[NX v21.4.1 Daemon Server] - 2025-09-13T16:08:39.327Z - Time taken for 'total execution time for createProjectGraph()' 57.80912499999977ms
[NX v21.4.1 Daemon Server] - 2025-09-13T16:08:39.328Z - [WATCHER]: Processing file changes in outputs
[NX v21.4.1 Daemon Server] - 2025-09-13T16:08:39.379Z - [WATCHER]: Processing file changes in outputs
[NX v21.4.1 Daemon Server] - 2025-09-13T16:08:42.414Z - Established a connection. Number of open connections: 2
[NX v21.4.1 Daemon Server] - 2025-09-13T16:08:42.415Z - Closed a connection. Number of open connections: 1
[NX v21.4.1 Daemon Server] - 2025-09-13T16:08:42.415Z - Established a connection. Number of open connections: 2
[NX v21.4.1 Daemon Server] - 2025-09-13T16:08:42.417Z - [REQUEST]: Client Request for Project Graph Received
[NX v21.4.1 Daemon Server] - 2025-09-13T16:08:42.417Z - Reusing in-memory cached project graph because no files changed.
[NX v21.4.1 Daemon Server] - 2025-09-13T16:08:42.417Z - [REQUEST]: Responding to the client. project-graph
[NX v21.4.1 Daemon Server] - 2025-09-13T16:08:42.419Z - Time taken for 'total for creating and serializing project graph' 0.24058299999887822ms
[NX v21.4.1 Daemon Server] - 2025-09-13T16:08:42.420Z - Done responding to the client project-graph
[NX v21.4.1 Daemon Server] - 2025-09-13T16:08:42.420Z - Handled REQUEST_PROJECT_GRAPH. Handling time: 0. Response time: 3.
[NX v21.4.1 Daemon Server] - 2025-09-13T16:08:42.426Z - [REQUEST]: Responding to the client. handleRunPreTasksExecution
[NX v21.4.1 Daemon Server] - 2025-09-13T16:08:42.426Z - Done responding to the client handleRunPreTasksExecution
[NX v21.4.1 Daemon Server] - 2025-09-13T16:08:42.426Z - Handled PRE_TASKS_EXECUTION. Handling time: 1. Response time: 0.
[NX v21.4.1 Daemon Server] - 2025-09-13T16:08:42.426Z - Time taken for 'preTasksExecution' 0.2462919999998121ms
[NX v21.4.1 Daemon Server] - 2025-09-13T16:08:42.467Z - Reusing in-memory cached project graph because no files changed.
DEBUG nx::native::tasks::task_hasher: plan length: 1
DEBUG nx::native::tasks::hashers::hash_workspace_files: Hashing workspace fileset{cache_key="nx.json,.gitignore,.nxignore"}: Adding "2913894268036001599" (".gitignore") to hash
DEBUG nx::native::tasks::hashers::hash_workspace_files: Hashing workspace fileset{cache_key="nx.json,.gitignore,.nxignore"}: Adding "3619439782444644385" ("nx.json") to hash
DEBUG nx::native::tasks::hashers::hash_workspace_files: Hashing workspace fileset{cache_key="nx.json,.gitignore,.nxignore"}: Hash Value: "12630403656253729768"
[NX v21.4.1 Daemon Server] - 2025-09-13T16:08:42.488Z - [REQUEST]: Responding to the client. handleHashTasks
[NX v21.4.1 Daemon Server] - 2025-09-13T16:08:42.489Z - Done responding to the client handleHashTasks
[NX v21.4.1 Daemon Server] - 2025-09-13T16:08:42.489Z - Handled HASH_TASKS. Handling time: 21. Response time: 1.
[NX v21.4.1 Daemon Server] - 2025-09-13T16:08:42.573Z - [REQUEST]: Responding to the client. handleGetEstimatedTaskTimings
[NX v21.4.1 Daemon Server] - 2025-09-13T16:08:42.573Z - Done responding to the client handleGetEstimatedTaskTimings
[NX v21.4.1 Daemon Server] - 2025-09-13T16:08:42.573Z - Handled GET_ESTIMATED_TASK_TIMINGS. Handling time: 17. Response time: 0.
[NX v21.4.1 Daemon Server] - 2025-09-13T16:09:01.788Z - [WATCHER]: Processing file changes in outputs
[NX v21.4.1 Daemon Server] - 2025-09-13T16:09:01.912Z - [WATCHER]: Processing file changes in outputs
[NX v21.4.1 Daemon Server] - 2025-09-13T16:09:03.588Z - [WATCHER]: Processing file changes in outputs
[NX v21.4.1 Daemon Server] - 2025-09-13T16:09:07.702Z - [WATCHER]: Processing file changes in outputs
[NX v21.4.1 Daemon Server] - 2025-09-13T16:09:07.833Z - [WATCHER]: Processing file changes in outputs
[NX v21.4.1 Daemon Server] - 2025-09-13T16:09:08.669Z - [WATCHER]: Processing file changes in outputs
[NX v21.4.1 Daemon Server] - 2025-09-13T16:09:11.592Z - [WATCHER]: Processing file changes in outputs
[NX v21.4.1 Daemon Server] - 2025-09-13T16:09:14.124Z - [WATCHER]: Processing file changes in outputs
[NX v21.4.1 Daemon Server] - 2025-09-13T16:09:14.251Z - [WATCHER]: Processing file changes in outputs
[NX v21.4.1 Daemon Server] - 2025-09-13T16:09:18.362Z - [WATCHER]: Processing file changes in outputs
[NX v21.4.1 Daemon Server] - 2025-09-13T16:09:18.620Z - [WATCHER]: Processing file changes in outputs
[NX v21.4.1 Daemon Server] - 2025-09-13T16:09:19.101Z - [WATCHER]: Processing file changes in outputs
[NX v21.4.1 Daemon Server] - 2025-09-13T16:09:22.413Z - [WATCHER]: Processing file changes in outputs
[NX v21.4.1 Daemon Server] - 2025-09-13T16:09:24.847Z - [WATCHER]: Processing file changes in outputs
[NX v21.4.1 Daemon Server] - 2025-09-13T16:09:33.123Z - [WATCHER]: Processing file changes in outputs
[NX v21.4.1 Daemon Server] - 2025-09-13T16:09:33.418Z - [WATCHER]: Processing file changes in outputs
[NX v21.4.1 Daemon Server] - 2025-09-13T16:09:47.875Z - [WATCHER]: 0 file(s) created or restored, 2 file(s) modified, 0 file(s) deleted
[NX v21.4.1 Daemon Server] - 2025-09-13T16:09:47.877Z - [WATCHER]: Processing file changes in outputs
[NX v21.4.1 Daemon Server] - 2025-09-13T16:09:47.929Z - Closed a connection. Number of open connections: 1
[NX v21.4.1 Daemon Server] - 2025-09-13T16:09:47.980Z - [REQUEST]: Updated workspace context based on watched changes, recomputing project graph...
[NX v21.4.1 Daemon Server] - 2025-09-13T16:09:47.980Z - [REQUEST]: apps/admin/next.config.js,apps/admin/tsconfig.json
[NX v21.4.1 Daemon Server] - 2025-09-13T16:09:47.980Z - [REQUEST]: 
[NX v21.4.1 Daemon Server] - 2025-09-13T16:09:47.985Z - Time taken for 'hash changed files from watcher' 1.4060000000026776ms
[NX v21.4.1 Daemon Server] - 2025-09-13T16:09:47.989Z - [WATCHER]: Processing file changes in outputs
Time for 'nx/core/package-json:createNodes' [33m9.26729200000409[39m
Time for 'nx/core/project-json:createNodes' [33m8.768874999994296[39m
Time for 'nx/js/dependencies-and-lockfile:createNodes' [33m36.876957999993465[39m
[NX v21.4.1 Daemon Server] - 2025-09-13T16:09:48.062Z - Time taken for 'build-project-configs' 67.674125000005ms
Time for 'build typescript dependencies' [33m0.19666599998890888[39m
[NX v21.4.1 Daemon Server] - 2025-09-13T16:09:48.113Z - Wrote project graph cache to /Users/3bird/Documents/personal/studycourse/education-site-frontend/.nx/workspace-data/project-graph.json
[NX v21.4.1 Daemon Server] - 2025-09-13T16:09:48.113Z - [SYNC]: collect registered sync generators
[NX v21.4.1 Daemon Server] - 2025-09-13T16:09:48.114Z - [SYNC]: project graph hash is the same, not collecting task sync generators
[NX v21.4.1 Daemon Server] - 2025-09-13T16:09:48.114Z - [SYNC]: nx.json hash is the same, not collecting global sync generators
[NX v21.4.1 Daemon Server] - 2025-09-13T16:09:48.114Z - Time taken for 'total execution time for createProjectGraph()' 52.42612499999814ms
[NX v21.4.1 Daemon Server] - 2025-09-13T16:09:48.798Z - Established a connection. Number of open connections: 2
[NX v21.4.1 Daemon Server] - 2025-09-13T16:09:48.799Z - Closed a connection. Number of open connections: 1
[NX v21.4.1 Daemon Server] - 2025-09-13T16:09:48.799Z - Established a connection. Number of open connections: 2
[NX v21.4.1 Daemon Server] - 2025-09-13T16:09:48.801Z - [REQUEST]: Client Request for Project Graph Received
[NX v21.4.1 Daemon Server] - 2025-09-13T16:09:48.802Z - Reusing in-memory cached project graph because no files changed.
[NX v21.4.1 Daemon Server] - 2025-09-13T16:09:48.802Z - [REQUEST]: Responding to the client. project-graph
[NX v21.4.1 Daemon Server] - 2025-09-13T16:09:48.803Z - Time taken for 'total for creating and serializing project graph' 0.25074999999196734ms
[NX v21.4.1 Daemon Server] - 2025-09-13T16:09:48.810Z - Done responding to the client project-graph
[NX v21.4.1 Daemon Server] - 2025-09-13T16:09:48.810Z - Handled REQUEST_PROJECT_GRAPH. Handling time: 1. Response time: 8.
[NX v21.4.1 Daemon Server] - 2025-09-13T16:09:48.975Z - [REQUEST]: Client Request for Project Graph Received
[NX v21.4.1 Daemon Server] - 2025-09-13T16:09:48.975Z - Reusing in-memory cached project graph because no files changed.
[NX v21.4.1 Daemon Server] - 2025-09-13T16:09:48.975Z - [REQUEST]: Responding to the client. project-graph
[NX v21.4.1 Daemon Server] - 2025-09-13T16:09:48.976Z - Time taken for 'total for creating and serializing project graph' 0.17195799999171868ms
[NX v21.4.1 Daemon Server] - 2025-09-13T16:09:48.978Z - Done responding to the client project-graph
[NX v21.4.1 Daemon Server] - 2025-09-13T16:09:48.978Z - Handled REQUEST_PROJECT_GRAPH. Handling time: 0. Response time: 3.
[NX v21.4.1 Daemon Server] - 2025-09-13T16:09:49.671Z - [WATCHER]: Processing file changes in outputs
[NX v21.4.1 Daemon Server] - 2025-09-13T16:09:50.143Z - [WATCHER]: Processing file changes in outputs
[NX v21.4.1 Daemon Server] - 2025-09-13T16:09:50.362Z - [REQUEST]: Client Request for Project Graph Received
[NX v21.4.1 Daemon Server] - 2025-09-13T16:09:50.362Z - Reusing in-memory cached project graph because no files changed.
[NX v21.4.1 Daemon Server] - 2025-09-13T16:09:50.362Z - [REQUEST]: Responding to the client. project-graph
[NX v21.4.1 Daemon Server] - 2025-09-13T16:09:50.363Z - Time taken for 'total for creating and serializing project graph' 0.19670800000312738ms
[NX v21.4.1 Daemon Server] - 2025-09-13T16:09:50.369Z - Done responding to the client project-graph
[NX v21.4.1 Daemon Server] - 2025-09-13T16:09:50.369Z - Handled REQUEST_PROJECT_GRAPH. Handling time: 0. Response time: 7.
[NX v21.4.1 Daemon Server] - 2025-09-13T16:09:50.384Z - [WATCHER]: Processing file changes in outputs
[NX v21.4.1 Daemon Server] - 2025-09-13T16:09:53.277Z - Closed a connection. Number of open connections: 1
[NX v21.4.1 Daemon Server] - 2025-09-13T16:09:53.309Z - [WATCHER]: apps/admin/next.config.js was modified
[NX v21.4.1 Daemon Server] - 2025-09-13T16:09:53.310Z - [WATCHER]: Processing file changes in outputs
[NX v21.4.1 Daemon Server] - 2025-09-13T16:09:53.411Z - [REQUEST]: Updated workspace context based on watched changes, recomputing project graph...
[NX v21.4.1 Daemon Server] - 2025-09-13T16:09:53.412Z - [REQUEST]: apps/admin/next.config.js
[NX v21.4.1 Daemon Server] - 2025-09-13T16:09:53.412Z - [REQUEST]: 
[NX v21.4.1 Daemon Server] - 2025-09-13T16:09:53.415Z - Time taken for 'hash changed files from watcher' 0.8790000000008149ms
Time for 'nx/core/package-json:createNodes' [33m1.0942080000095302[39m
Time for 'nx/core/project-json:createNodes' [33m1.5533750000031432[39m
Time for 'nx/js/dependencies-and-lockfile:createNodes' [33m14.293458999993163[39m
[NX v21.4.1 Daemon Server] - 2025-09-13T16:09:53.468Z - Time taken for 'build-project-configs' 47.345209000006435ms
Time for 'build typescript dependencies' [33m9.967250000001513[39m
[NX v21.4.1 Daemon Server] - 2025-09-13T16:09:53.534Z - Wrote project graph cache to /Users/3bird/Documents/personal/studycourse/education-site-frontend/.nx/workspace-data/project-graph.json
[NX v21.4.1 Daemon Server] - 2025-09-13T16:09:53.534Z - [SYNC]: collect registered sync generators
[NX v21.4.1 Daemon Server] - 2025-09-13T16:09:53.534Z - [SYNC]: project graph hash is the same, not collecting task sync generators
[NX v21.4.1 Daemon Server] - 2025-09-13T16:09:53.534Z - [SYNC]: nx.json hash is the same, not collecting global sync generators
[NX v21.4.1 Daemon Server] - 2025-09-13T16:09:53.534Z - Time taken for 'total execution time for createProjectGraph()' 64.23733400000492ms
[NX v21.4.1 Daemon Server] - 2025-09-13T16:09:53.852Z - Established a connection. Number of open connections: 2
[NX v21.4.1 Daemon Server] - 2025-09-13T16:09:53.853Z - Closed a connection. Number of open connections: 1
[NX v21.4.1 Daemon Server] - 2025-09-13T16:09:53.853Z - Established a connection. Number of open connections: 2
[NX v21.4.1 Daemon Server] - 2025-09-13T16:09:53.855Z - [REQUEST]: Client Request for Project Graph Received
[NX v21.4.1 Daemon Server] - 2025-09-13T16:09:53.855Z - Reusing in-memory cached project graph because no files changed.
[NX v21.4.1 Daemon Server] - 2025-09-13T16:09:53.855Z - [REQUEST]: Responding to the client. project-graph
[NX v21.4.1 Daemon Server] - 2025-09-13T16:09:53.857Z - Time taken for 'total for creating and serializing project graph' 0.2329159999935655ms
[NX v21.4.1 Daemon Server] - 2025-09-13T16:09:53.866Z - Done responding to the client project-graph
[NX v21.4.1 Daemon Server] - 2025-09-13T16:09:53.867Z - Handled REQUEST_PROJECT_GRAPH. Handling time: 0. Response time: 12.
[NX v21.4.1 Daemon Server] - 2025-09-13T16:09:54.006Z - [REQUEST]: Client Request for Project Graph Received
[NX v21.4.1 Daemon Server] - 2025-09-13T16:09:54.007Z - Reusing in-memory cached project graph because no files changed.
[NX v21.4.1 Daemon Server] - 2025-09-13T16:09:54.007Z - [REQUEST]: Responding to the client. project-graph
[NX v21.4.1 Daemon Server] - 2025-09-13T16:09:54.009Z - Time taken for 'total for creating and serializing project graph' 0.23008399999525864ms
[NX v21.4.1 Daemon Server] - 2025-09-13T16:09:54.011Z - Done responding to the client project-graph
[NX v21.4.1 Daemon Server] - 2025-09-13T16:09:54.011Z - Handled REQUEST_PROJECT_GRAPH. Handling time: 1. Response time: 4.
[NX v21.4.1 Daemon Server] - 2025-09-13T16:09:54.632Z - [WATCHER]: Processing file changes in outputs
[NX v21.4.1 Daemon Server] - 2025-09-13T16:09:55.826Z - [WATCHER]: Processing file changes in outputs
[NX v21.4.1 Daemon Server] - 2025-09-13T16:09:56.057Z - [REQUEST]: Client Request for Project Graph Received
[NX v21.4.1 Daemon Server] - 2025-09-13T16:09:56.058Z - Reusing in-memory cached project graph because no files changed.
[NX v21.4.1 Daemon Server] - 2025-09-13T16:09:56.058Z - [REQUEST]: Responding to the client. project-graph
[NX v21.4.1 Daemon Server] - 2025-09-13T16:09:56.060Z - Time taken for 'total for creating and serializing project graph' 0.5601670000032755ms
[NX v21.4.1 Daemon Server] - 2025-09-13T16:09:56.065Z - Done responding to the client project-graph
[NX v21.4.1 Daemon Server] - 2025-09-13T16:09:56.065Z - Handled REQUEST_PROJECT_GRAPH. Handling time: 1. Response time: 7.
[NX v21.4.1 Daemon Server] - 2025-09-13T16:09:56.066Z - [WATCHER]: Processing file changes in outputs
[NX v21.4.1 Daemon Server] - 2025-09-13T16:09:56.117Z - [WATCHER]: Processing file changes in outputs
[NX v21.4.1 Daemon Server] - 2025-09-13T16:09:57.473Z - [WATCHER]: Processing file changes in outputs
[NX v21.4.1 Daemon Server] - 2025-09-13T16:10:54.812Z - [WATCHER]: apps/admin/components/SCForm/SCUpload/index.tsx was modified
[NX v21.4.1 Daemon Server] - 2025-09-13T16:10:54.814Z - [WATCHER]: Processing file changes in outputs
[NX v21.4.1 Daemon Server] - 2025-09-13T16:10:54.915Z - [REQUEST]: Updated workspace context based on watched changes, recomputing project graph...
[NX v21.4.1 Daemon Server] - 2025-09-13T16:10:54.915Z - [REQUEST]: apps/admin/components/SCForm/SCUpload/index.tsx
[NX v21.4.1 Daemon Server] - 2025-09-13T16:10:54.915Z - [REQUEST]: 
[NX v21.4.1 Daemon Server] - 2025-09-13T16:10:54.917Z - Time taken for 'hash changed files from watcher' 0.4223329999949783ms
Time for 'nx/core/package-json:createNodes' [33m1.2647089999809396[39m
Time for 'nx/core/project-json:createNodes' [33m3.1129580000124406[39m
Time for 'nx/js/dependencies-and-lockfile:createNodes' [33m13.49374999999418[39m
[NX v21.4.1 Daemon Server] - 2025-09-13T16:10:54.944Z - Time taken for 'build-project-configs' 22.963875000015832ms
DEBUG nx::native::plugins::js::ts_import_locators: /Users/3bird/Documents/personal/studycourse/education-site-frontend/apps/admin/components/SCForm/SCUpload/index.tsx:58:47 Unexpected token. Did you mean `{'>'}` or `&gt;`?
DEBUG nx::native::plugins::js::ts_import_locators: /Users/3bird/Documents/personal/studycourse/education-site-frontend/apps/admin/components/SCForm/SCUpload/index.tsx:73:22 Unexpected token. Did you mean `{'>'}` or `&gt;`?
Time for 'build typescript dependencies' [33m168.3289999999979[39m
[NX v21.4.1 Daemon Server] - 2025-09-13T16:10:55.142Z - Wrote project graph cache to /Users/3bird/Documents/personal/studycourse/education-site-frontend/.nx/workspace-data/project-graph.json
[NX v21.4.1 Daemon Server] - 2025-09-13T16:10:55.142Z - [SYNC]: collect registered sync generators
[NX v21.4.1 Daemon Server] - 2025-09-13T16:10:55.143Z - [SYNC]: project graph hash is the same, not collecting task sync generators
[NX v21.4.1 Daemon Server] - 2025-09-13T16:10:55.143Z - [SYNC]: nx.json hash is the same, not collecting global sync generators
[NX v21.4.1 Daemon Server] - 2025-09-13T16:10:55.143Z - Time taken for 'total execution time for createProjectGraph()' 192.2503340000112ms
[NX v21.4.1 Daemon Server] - 2025-09-13T16:11:00.570Z - [WATCHER]: apps/admin/components/SCForm/SCUpload/index.tsx was modified
[NX v21.4.1 Daemon Server] - 2025-09-13T16:11:00.577Z - [WATCHER]: Processing file changes in outputs
[NX v21.4.1 Daemon Server] - 2025-09-13T16:11:00.777Z - [REQUEST]: Updated workspace context based on watched changes, recomputing project graph...
[NX v21.4.1 Daemon Server] - 2025-09-13T16:11:00.777Z - [REQUEST]: apps/admin/components/SCForm/SCUpload/index.tsx
[NX v21.4.1 Daemon Server] - 2025-09-13T16:11:00.777Z - [REQUEST]: 
[NX v21.4.1 Daemon Server] - 2025-09-13T16:11:00.779Z - Time taken for 'hash changed files from watcher' 0.40408300000126474ms
Time for 'nx/core/package-json:createNodes' [33m1.3415840000088792[39m
Time for 'nx/core/project-json:createNodes' [33m1.70516700000735[39m
Time for 'nx/js/dependencies-and-lockfile:createNodes' [33m12.158834000001661[39m
[NX v21.4.1 Daemon Server] - 2025-09-13T16:11:00.828Z - Time taken for 'build-project-configs' 42.75258299999405ms
DEBUG nx::native::plugins::js::ts_import_locators: /Users/3bird/Documents/personal/studycourse/education-site-frontend/apps/admin/components/SCForm/SCUpload/index.tsx:58:47 Unexpected token. Did you mean `{'>'}` or `&gt;`?
DEBUG nx::native::plugins::js::ts_import_locators: /Users/3bird/Documents/personal/studycourse/education-site-frontend/apps/admin/components/SCForm/SCUpload/index.tsx:73:22 Unexpected token. Did you mean `{'>'}` or `&gt;`?
Time for 'build typescript dependencies' [33m3.410791000002064[39m
[NX v21.4.1 Daemon Server] - 2025-09-13T16:11:00.877Z - Wrote project graph cache to /Users/3bird/Documents/personal/studycourse/education-site-frontend/.nx/workspace-data/project-graph.json
[NX v21.4.1 Daemon Server] - 2025-09-13T16:11:00.877Z - [SYNC]: collect registered sync generators
[NX v21.4.1 Daemon Server] - 2025-09-13T16:11:00.878Z - [SYNC]: project graph hash is the same, not collecting task sync generators
[NX v21.4.1 Daemon Server] - 2025-09-13T16:11:00.878Z - [SYNC]: nx.json hash is the same, not collecting global sync generators
[NX v21.4.1 Daemon Server] - 2025-09-13T16:11:00.878Z - Time taken for 'total execution time for createProjectGraph()' 34.454624999983935ms
[NX v21.4.1 Daemon Server] - 2025-09-13T16:11:04.210Z - [WATCHER]: Processing file changes in outputs
[NX v21.4.1 Daemon Server] - 2025-09-13T16:11:04.213Z - [WATCHER]: apps/admin/components/SCForm/SCUpload/index.tsx was modified
[NX v21.4.1 Daemon Server] - 2025-09-13T16:11:04.614Z - [REQUEST]: Updated workspace context based on watched changes, recomputing project graph...
[NX v21.4.1 Daemon Server] - 2025-09-13T16:11:04.615Z - [REQUEST]: apps/admin/components/SCForm/SCUpload/index.tsx
[NX v21.4.1 Daemon Server] - 2025-09-13T16:11:04.615Z - [REQUEST]: 
[NX v21.4.1 Daemon Server] - 2025-09-13T16:11:04.618Z - Time taken for 'hash changed files from watcher' 0.49212499998975545ms
Time for 'nx/core/package-json:createNodes' [33m2.0460000000020955[39m
Time for 'nx/core/project-json:createNodes' [33m1.9165830000129063[39m
Time for 'nx/js/dependencies-and-lockfile:createNodes' [33m9.074416999996174[39m
[NX v21.4.1 Daemon Server] - 2025-09-13T16:11:04.645Z - Time taken for 'build-project-configs' 19.170916000002762ms
Time for 'build typescript dependencies' [33m0.026541999977780506[39m
[NX v21.4.1 Daemon Server] - 2025-09-13T16:11:04.678Z - Wrote project graph cache to /Users/3bird/Documents/personal/studycourse/education-site-frontend/.nx/workspace-data/project-graph.json
[NX v21.4.1 Daemon Server] - 2025-09-13T16:11:04.678Z - [SYNC]: collect registered sync generators
[NX v21.4.1 Daemon Server] - 2025-09-13T16:11:04.678Z - [SYNC]: project graph hash is the same, not collecting task sync generators
[NX v21.4.1 Daemon Server] - 2025-09-13T16:11:04.678Z - [SYNC]: nx.json hash is the same, not collecting global sync generators
[NX v21.4.1 Daemon Server] - 2025-09-13T16:11:04.679Z - Time taken for 'total execution time for createProjectGraph()' 34.10091700000339ms
[NX v21.4.1 Daemon Server] - 2025-09-13T16:11:40.466Z - [WATCHER]: apps/admin/app/features/University/Form/components/university.tsx was modified
[NX v21.4.1 Daemon Server] - 2025-09-13T16:11:40.468Z - [WATCHER]: Processing file changes in outputs
[NX v21.4.1 Daemon Server] - 2025-09-13T16:11:41.270Z - [REQUEST]: Updated workspace context based on watched changes, recomputing project graph...
[NX v21.4.1 Daemon Server] - 2025-09-13T16:11:41.271Z - [REQUEST]: apps/admin/app/features/University/Form/components/university.tsx
[NX v21.4.1 Daemon Server] - 2025-09-13T16:11:41.271Z - [REQUEST]: 
[NX v21.4.1 Daemon Server] - 2025-09-13T16:11:41.273Z - Time taken for 'hash changed files from watcher' 0.5824999999895226ms
Time for 'nx/core/package-json:createNodes' [33m1.568916000018362[39m
Time for 'nx/core/project-json:createNodes' [33m2.8425420000276063[39m
Time for 'nx/js/dependencies-and-lockfile:createNodes' [33m12.855083000002196[39m
[NX v21.4.1 Daemon Server] - 2025-09-13T16:11:41.301Z - Time taken for 'build-project-configs' 23.79258400000981ms
Time for 'build typescript dependencies' [33m24.831875000003492[39m
[NX v21.4.1 Daemon Server] - 2025-09-13T16:11:41.363Z - Wrote project graph cache to /Users/3bird/Documents/personal/studycourse/education-site-frontend/.nx/workspace-data/project-graph.json
[NX v21.4.1 Daemon Server] - 2025-09-13T16:11:41.363Z - [SYNC]: collect registered sync generators
[NX v21.4.1 Daemon Server] - 2025-09-13T16:11:41.363Z - [SYNC]: project graph hash is the same, not collecting task sync generators
[NX v21.4.1 Daemon Server] - 2025-09-13T16:11:41.363Z - [SYNC]: nx.json hash is the same, not collecting global sync generators
[NX v21.4.1 Daemon Server] - 2025-09-13T16:11:41.363Z - Time taken for 'total execution time for createProjectGraph()' 57.28562500001863ms
[NX v21.4.1 Daemon Server] - 2025-09-13T16:11:55.012Z - [WATCHER]: apps/admin/app/features/University/Form/components/university.tsx was modified
[NX v21.4.1 Daemon Server] - 2025-09-13T16:11:55.013Z - [WATCHER]: Processing file changes in outputs
[NX v21.4.1 Daemon Server] - 2025-09-13T16:11:56.614Z - [REQUEST]: Updated workspace context based on watched changes, recomputing project graph...
[NX v21.4.1 Daemon Server] - 2025-09-13T16:11:56.614Z - [REQUEST]: apps/admin/app/features/University/Form/components/university.tsx
[NX v21.4.1 Daemon Server] - 2025-09-13T16:11:56.614Z - [REQUEST]: 
[NX v21.4.1 Daemon Server] - 2025-09-13T16:11:56.617Z - Time taken for 'hash changed files from watcher' 0.48725000000558794ms
Time for 'nx/core/package-json:createNodes' [33m1.3761250000097789[39m
Time for 'nx/core/project-json:createNodes' [33m2.597334000020055[39m
Time for 'nx/js/dependencies-and-lockfile:createNodes' [33m10.260209000000032[39m
[NX v21.4.1 Daemon Server] - 2025-09-13T16:11:56.642Z - Time taken for 'build-project-configs' 21.08612500000163ms
Time for 'build typescript dependencies' [33m8.309500000003027[39m
[NX v21.4.1 Daemon Server] - 2025-09-13T16:11:56.707Z - Wrote project graph cache to /Users/3bird/Documents/personal/studycourse/education-site-frontend/.nx/workspace-data/project-graph.json
[NX v21.4.1 Daemon Server] - 2025-09-13T16:11:56.707Z - [SYNC]: collect registered sync generators
[NX v21.4.1 Daemon Server] - 2025-09-13T16:11:56.707Z - [SYNC]: project graph hash is the same, not collecting task sync generators
[NX v21.4.1 Daemon Server] - 2025-09-13T16:11:56.707Z - [SYNC]: nx.json hash is the same, not collecting global sync generators
[NX v21.4.1 Daemon Server] - 2025-09-13T16:11:56.708Z - Time taken for 'total execution time for createProjectGraph()' 56.92949999999837ms
[NX v21.4.1 Daemon Server] - 2025-09-13T16:12:20.944Z - [WATCHER]: Processing file changes in outputs
[NX v21.4.1 Daemon Server] - 2025-09-13T16:12:20.947Z - [WATCHER]: apps/admin/app/features/University/Form/components/university.tsx was modified
[NX v21.4.1 Daemon Server] - 2025-09-13T16:12:24.150Z - [REQUEST]: Updated workspace context based on watched changes, recomputing project graph...
[NX v21.4.1 Daemon Server] - 2025-09-13T16:12:24.151Z - [REQUEST]: apps/admin/app/features/University/Form/components/university.tsx
[NX v21.4.1 Daemon Server] - 2025-09-13T16:12:24.151Z - [REQUEST]: 
[NX v21.4.1 Daemon Server] - 2025-09-13T16:12:24.153Z - Time taken for 'hash changed files from watcher' 0.5562090000021271ms
Time for 'nx/core/package-json:createNodes' [33m1.140958000003593[39m
Time for 'nx/core/project-json:createNodes' [33m1.950875000009546[39m
Time for 'nx/js/dependencies-and-lockfile:createNodes' [33m21.684416000003694[39m
[NX v21.4.1 Daemon Server] - 2025-09-13T16:12:24.193Z - Time taken for 'build-project-configs' 33.25970900000539ms
Time for 'build typescript dependencies' [33m0.07591600000159815[39m
[NX v21.4.1 Daemon Server] - 2025-09-13T16:12:24.230Z - Wrote project graph cache to /Users/3bird/Documents/personal/studycourse/education-site-frontend/.nx/workspace-data/project-graph.json
[NX v21.4.1 Daemon Server] - 2025-09-13T16:12:24.231Z - [SYNC]: collect registered sync generators
[NX v21.4.1 Daemon Server] - 2025-09-13T16:12:24.231Z - [SYNC]: project graph hash is the same, not collecting task sync generators
[NX v21.4.1 Daemon Server] - 2025-09-13T16:12:24.231Z - [SYNC]: nx.json hash is the same, not collecting global sync generators
[NX v21.4.1 Daemon Server] - 2025-09-13T16:12:24.231Z - Time taken for 'total execution time for createProjectGraph()' 33.475875000003725ms
[NX v21.4.1 Daemon Server] - 2025-09-13T16:12:31.775Z - [WATCHER]: apps/admin/app/features/University/Form/components/university.tsx was modified
[NX v21.4.1 Daemon Server] - 2025-09-13T16:12:31.777Z - [WATCHER]: Processing file changes in outputs
[NX v21.4.1 Daemon Server] - 2025-09-13T16:12:33.537Z - [WATCHER]: apps/admin/app/features/University/Form/components/university.tsx was modified
[NX v21.4.1 Daemon Server] - 2025-09-13T16:12:33.537Z - [WATCHER]: Processing file changes in outputs
[NX v21.4.1 Daemon Server] - 2025-09-13T16:12:37.777Z - [WATCHER]: apps/admin/app/features/University/Form/components/university.tsx was modified
[NX v21.4.1 Daemon Server] - 2025-09-13T16:12:37.778Z - [WATCHER]: Processing file changes in outputs
[NX v21.4.1 Daemon Server] - 2025-09-13T16:12:38.178Z - [REQUEST]: Updated workspace context based on watched changes, recomputing project graph...
[NX v21.4.1 Daemon Server] - 2025-09-13T16:12:38.178Z - [REQUEST]: apps/admin/app/features/University/Form/components/university.tsx
[NX v21.4.1 Daemon Server] - 2025-09-13T16:12:38.178Z - [REQUEST]: 
[NX v21.4.1 Daemon Server] - 2025-09-13T16:12:38.180Z - Time taken for 'hash changed files from watcher' 0.38741600001230836ms
Time for 'nx/core/package-json:createNodes' [33m2.187792000011541[39m
Time for 'nx/core/project-json:createNodes' [33m2.9257500000239816[39m
Time for 'nx/js/dependencies-and-lockfile:createNodes' [33m28.368584000010742[39m
[NX v21.4.1 Daemon Server] - 2025-09-13T16:12:38.230Z - Time taken for 'build-project-configs' 45.81562500001746ms
Time for 'build typescript dependencies' [33m6.403541000006953[39m
[NX v21.4.1 Daemon Server] - 2025-09-13T16:12:38.293Z - Wrote project graph cache to /Users/3bird/Documents/personal/studycourse/education-site-frontend/.nx/workspace-data/project-graph.json
[NX v21.4.1 Daemon Server] - 2025-09-13T16:12:38.294Z - [SYNC]: collect registered sync generators
[NX v21.4.1 Daemon Server] - 2025-09-13T16:12:38.295Z - [SYNC]: project graph hash is the same, not collecting task sync generators
[NX v21.4.1 Daemon Server] - 2025-09-13T16:12:38.295Z - [SYNC]: nx.json hash is the same, not collecting global sync generators
[NX v21.4.1 Daemon Server] - 2025-09-13T16:12:38.295Z - Time taken for 'total execution time for createProjectGraph()' 51.7453749999986ms
[NX v21.4.1 Daemon Server] - 2025-09-13T16:12:45.161Z - [WATCHER]: apps/admin/app/features/University/Form/components/university.tsx was modified
[NX v21.4.1 Daemon Server] - 2025-09-13T16:12:45.162Z - [WATCHER]: Processing file changes in outputs
[NX v21.4.1 Daemon Server] - 2025-09-13T16:12:51.564Z - [REQUEST]: Updated workspace context based on watched changes, recomputing project graph...
[NX v21.4.1 Daemon Server] - 2025-09-13T16:12:51.565Z - [REQUEST]: apps/admin/app/features/University/Form/components/university.tsx
[NX v21.4.1 Daemon Server] - 2025-09-13T16:12:51.565Z - [REQUEST]: 
[NX v21.4.1 Daemon Server] - 2025-09-13T16:12:51.577Z - Time taken for 'hash changed files from watcher' 0.5334589999984019ms
Time for 'nx/core/package-json:createNodes' [33m1.4287919999915175[39m
Time for 'nx/core/project-json:createNodes' [33m2.1535409999778494[39m
Time for 'nx/js/dependencies-and-lockfile:createNodes' [33m24.604249999974854[39m
[NX v21.4.1 Daemon Server] - 2025-09-13T16:12:51.626Z - Time taken for 'build-project-configs' 42.06208299996797ms
Time for 'build typescript dependencies' [33m5.860249999968801[39m
[NX v21.4.1 Daemon Server] - 2025-09-13T16:12:51.681Z - Wrote project graph cache to /Users/3bird/Documents/personal/studycourse/education-site-frontend/.nx/workspace-data/project-graph.json
[NX v21.4.1 Daemon Server] - 2025-09-13T16:12:51.681Z - [SYNC]: collect registered sync generators
[NX v21.4.1 Daemon Server] - 2025-09-13T16:12:51.681Z - [SYNC]: project graph hash is the same, not collecting task sync generators
[NX v21.4.1 Daemon Server] - 2025-09-13T16:12:51.681Z - [SYNC]: nx.json hash is the same, not collecting global sync generators
[NX v21.4.1 Daemon Server] - 2025-09-13T16:12:51.681Z - Time taken for 'total execution time for createProjectGraph()' 48.8109580000164ms
[NX v21.4.1 Daemon Server] - 2025-09-13T16:13:02.443Z - [WATCHER]: Processing file changes in outputs
[NX v21.4.1 Daemon Server] - 2025-09-13T16:13:02.500Z - [WATCHER]: Processing file changes in outputs
[NX v21.4.1 Daemon Server] - 2025-09-13T16:13:08.497Z - [WATCHER]: Processing file changes in outputs
[NX v21.4.1 Daemon Server] - 2025-09-13T16:13:08.594Z - [WATCHER]: Processing file changes in outputs
[NX v21.4.1 Daemon Server] - 2025-09-13T16:13:08.807Z - [WATCHER]: Processing file changes in outputs
[NX v21.4.1 Daemon Server] - 2025-09-13T16:13:08.967Z - [WATCHER]: Processing file changes in outputs
[NX v21.4.1 Daemon Server] - 2025-09-13T16:13:09.042Z - [WATCHER]: Processing file changes in outputs
[NX v21.4.1 Daemon Server] - 2025-09-13T16:13:09.618Z - [WATCHER]: Processing file changes in outputs
[NX v21.4.1 Daemon Server] - 2025-09-13T16:13:11.130Z - [WATCHER]: Processing file changes in outputs
[NX v21.4.1 Daemon Server] - 2025-09-13T16:13:15.400Z - [WATCHER]: Processing file changes in outputs
[NX v21.4.1 Daemon Server] - 2025-09-13T16:13:15.596Z - [WATCHER]: Processing file changes in outputs
[NX v21.4.1 Daemon Server] - 2025-09-13T16:13:17.745Z - [WATCHER]: Processing file changes in outputs
[NX v21.4.1 Daemon Server] - 2025-09-13T16:13:17.918Z - [WATCHER]: Processing file changes in outputs
[NX v21.4.1 Daemon Server] - 2025-09-13T16:13:18.691Z - [WATCHER]: Processing file changes in outputs
[NX v21.4.1 Daemon Server] - 2025-09-13T16:13:19.493Z - [WATCHER]: Processing file changes in outputs
[NX v21.4.1 Daemon Server] - 2025-09-13T16:13:19.668Z - [WATCHER]: Processing file changes in outputs
[NX v21.4.1 Daemon Server] - 2025-09-13T16:13:20.423Z - [WATCHER]: Processing file changes in outputs
[NX v21.4.1 Daemon Server] - 2025-09-13T16:13:24.738Z - [WATCHER]: Processing file changes in outputs
[NX v21.4.1 Daemon Server] - 2025-09-13T16:13:25.363Z - [WATCHER]: Processing file changes in outputs
[NX v21.4.1 Daemon Server] - 2025-09-13T16:13:53.122Z - Established a connection. Number of open connections: 3
[NX v21.4.1 Daemon Server] - 2025-09-13T16:13:53.128Z - Established a connection. Number of open connections: 4
[NX v21.4.1 Daemon Server] - 2025-09-13T16:13:53.130Z - Closed a connection. Number of open connections: 3
[NX v21.4.1 Daemon Server] - 2025-09-13T16:13:53.144Z - [REQUEST]: Responding to the client. handleRecordTaskRuns
[NX v21.4.1 Daemon Server] - 2025-09-13T16:13:53.145Z - Done responding to the client handleRecordTaskRuns
[NX v21.4.1 Daemon Server] - 2025-09-13T16:13:53.145Z - Handled RECORD_TASK_RUNS. Handling time: 2. Response time: 1.
[NX v21.4.1 Daemon Server] - 2025-09-13T16:13:53.152Z - [REQUEST]: Responding to the client. handleGetFlakyTasks
[NX v21.4.1 Daemon Server] - 2025-09-13T16:13:53.153Z - Done responding to the client handleGetFlakyTasks
[NX v21.4.1 Daemon Server] - 2025-09-13T16:13:53.153Z - Handled GET_FLAKY_TASKS. Handling time: 2. Response time: 1.
[NX v21.4.1 Daemon Server] - 2025-09-13T16:13:53.159Z - [REQUEST]: Responding to the client. handleRecordTaskRuns
[NX v21.4.1 Daemon Server] - 2025-09-13T16:13:53.159Z - Done responding to the client handleRecordTaskRuns
[NX v21.4.1 Daemon Server] - 2025-09-13T16:13:53.159Z - Handled RECORD_TASK_RUNS. Handling time: 1. Response time: 0.
[NX v21.4.1 Daemon Server] - 2025-09-13T16:13:53.159Z - Established a connection. Number of open connections: 4
[NX v21.4.1 Daemon Server] - 2025-09-13T16:13:53.160Z - Closed a connection. Number of open connections: 3
[NX v21.4.1 Daemon Server] - 2025-09-13T16:13:53.161Z - Established a connection. Number of open connections: 4
[NX v21.4.1 Daemon Server] - 2025-09-13T16:13:53.163Z - [REQUEST]: Responding to the client. handleRecordTaskRuns
[NX v21.4.1 Daemon Server] - 2025-09-13T16:13:53.163Z - Done responding to the client handleRecordTaskRuns
[NX v21.4.1 Daemon Server] - 2025-09-13T16:13:53.163Z - Handled RECORD_TASK_RUNS. Handling time: 0. Response time: 0.
[NX v21.4.1 Daemon Server] - 2025-09-13T16:13:53.164Z - [REQUEST]: Responding to the client. handleGetFlakyTasks
[NX v21.4.1 Daemon Server] - 2025-09-13T16:13:53.165Z - Done responding to the client handleGetFlakyTasks
[NX v21.4.1 Daemon Server] - 2025-09-13T16:13:53.165Z - Handled GET_FLAKY_TASKS. Handling time: 0. Response time: 1.
[NX v21.4.1 Daemon Server] - 2025-09-13T16:13:53.169Z - [REQUEST]: Responding to the client. handleGetFlakyTasks
[NX v21.4.1 Daemon Server] - 2025-09-13T16:13:53.169Z - Done responding to the client handleGetFlakyTasks
[NX v21.4.1 Daemon Server] - 2025-09-13T16:13:53.169Z - Handled GET_FLAKY_TASKS. Handling time: 0. Response time: 0.
[NX v21.4.1 Daemon Server] - 2025-09-13T16:13:53.169Z - Established a connection. Number of open connections: 5
[NX v21.4.1 Daemon Server] - 2025-09-13T16:13:53.169Z - Established a connection. Number of open connections: 6
[NX v21.4.1 Daemon Server] - 2025-09-13T16:13:53.170Z - Closed a connection. Number of open connections: 5
[NX v21.4.1 Daemon Server] - 2025-09-13T16:13:53.170Z - [REQUEST]: Responding to the client. handleRecordTaskRuns
[NX v21.4.1 Daemon Server] - 2025-09-13T16:13:53.170Z - Done responding to the client handleRecordTaskRuns
[NX v21.4.1 Daemon Server] - 2025-09-13T16:13:53.170Z - Handled RECORD_TASK_RUNS. Handling time: 0. Response time: 0.
[NX v21.4.1 Daemon Server] - 2025-09-13T16:13:53.173Z - [REQUEST]: Responding to the client. handleGetFlakyTasks
[NX v21.4.1 Daemon Server] - 2025-09-13T16:13:53.173Z - Done responding to the client handleGetFlakyTasks
[NX v21.4.1 Daemon Server] - 2025-09-13T16:13:53.173Z - Handled GET_FLAKY_TASKS. Handling time: 0. Response time: 0.
[NX v21.4.1 Daemon Server] - 2025-09-13T16:13:53.179Z - Closed a connection. Number of open connections: 4
[NX v21.4.1 Daemon Server] - 2025-09-13T16:13:53.240Z - [WATCHER]: Processing file changes in outputs
[NX v21.4.1 Daemon Server] - 2025-09-13T16:13:53.423Z - [WATCHER]: Processing file changes in outputs
[NX v21.4.1 Daemon Server] - 2025-09-13T16:13:53.499Z - Established a connection. Number of open connections: 5
[NX v21.4.1 Daemon Server] - 2025-09-13T16:13:53.499Z - Closed a connection. Number of open connections: 4
[NX v21.4.1 Daemon Server] - 2025-09-13T16:13:53.499Z - Established a connection. Number of open connections: 5
[NX v21.4.1 Daemon Server] - 2025-09-13T16:13:53.501Z - [REQUEST]: Responding to the client. handleRecordTaskRuns
[NX v21.4.1 Daemon Server] - 2025-09-13T16:13:53.501Z - Done responding to the client handleRecordTaskRuns
[NX v21.4.1 Daemon Server] - 2025-09-13T16:13:53.501Z - Handled RECORD_TASK_RUNS. Handling time: 0. Response time: 0.
[NX v21.4.1 Daemon Server] - 2025-09-13T16:13:53.503Z - [REQUEST]: Responding to the client. handleGetFlakyTasks
[NX v21.4.1 Daemon Server] - 2025-09-13T16:13:53.503Z - Done responding to the client handleGetFlakyTasks
[NX v21.4.1 Daemon Server] - 2025-09-13T16:13:53.503Z - Handled GET_FLAKY_TASKS. Handling time: 0. Response time: 0.
[NX v21.4.1 Daemon Server] - 2025-09-13T16:13:53.682Z - [REQUEST]: Responding to the client. handleRunPostTasksExecution
[NX v21.4.1 Daemon Server] - 2025-09-13T16:13:53.682Z - Done responding to the client handleRunPostTasksExecution
[NX v21.4.1 Daemon Server] - 2025-09-13T16:13:53.682Z - Handled POST_TASKS_EXECUTION. Handling time: 1. Response time: 0.
[NX v21.4.1 Daemon Server] - 2025-09-13T16:13:53.682Z - Time taken for 'postTasksExecution' 0.3159169999998994ms
[NX v21.4.1 Daemon Server] - 2025-09-13T16:13:53.683Z - Closed a connection. Number of open connections: 4
[NX v21.4.1 Daemon Server] - 2025-09-13T16:13:53.686Z - [REQUEST]: Responding to the client. handleRunPostTasksExecution
[NX v21.4.1 Daemon Server] - 2025-09-13T16:13:53.686Z - Done responding to the client handleRunPostTasksExecution
[NX v21.4.1 Daemon Server] - 2025-09-13T16:13:53.686Z - Handled POST_TASKS_EXECUTION. Handling time: 0. Response time: 0.
[NX v21.4.1 Daemon Server] - 2025-09-13T16:13:53.686Z - Time taken for 'postTasksExecution' 0.07712500001071021ms
[NX v21.4.1 Daemon Server] - 2025-09-13T16:13:53.761Z - Closed a connection. Number of open connections: 3
[NX v21.4.1 Daemon Server] - 2025-09-13T16:13:53.767Z - Closed a connection. Number of open connections: 2
[NX v21.4.1 Daemon Server] - 2025-09-13T16:13:53.842Z - Closed a connection. Number of open connections: 1
[NX v21.4.1 Daemon Server] - 2025-09-13T16:13:54.060Z - [REQUEST]: Responding to the client. handleRunPostTasksExecution
[NX v21.4.1 Daemon Server] - 2025-09-13T16:13:54.060Z - Done responding to the client handleRunPostTasksExecution
[NX v21.4.1 Daemon Server] - 2025-09-13T16:13:54.061Z - Handled POST_TASKS_EXECUTION. Handling time: 0. Response time: 1.
[NX v21.4.1 Daemon Server] - 2025-09-13T16:13:54.061Z - Time taken for 'postTasksExecution' 0.07012499996926636ms
[NX v21.4.1 Daemon Server] - 2025-09-13T16:13:54.070Z - Closed a connection. Number of open connections: 0
[NX v21.4.1 Daemon Server] - 2025-09-13T16:13:54.182Z - Established a connection. Number of open connections: 1
[NX v21.4.1 Daemon Server] - 2025-09-13T16:13:54.182Z - Closed a connection. Number of open connections: 0
[NX v21.4.1 Daemon Server] - 2025-09-13T16:13:54.183Z - Established a connection. Number of open connections: 1
[NX v21.4.1 Daemon Server] - 2025-09-13T16:13:54.184Z - [REQUEST]: Client Request for Project Graph Received
[NX v21.4.1 Daemon Server] - 2025-09-13T16:13:54.184Z - Reusing in-memory cached project graph because no files changed.
[NX v21.4.1 Daemon Server] - 2025-09-13T16:13:54.184Z - [REQUEST]: Responding to the client. project-graph
[NX v21.4.1 Daemon Server] - 2025-09-13T16:13:54.189Z - Time taken for 'total for creating and serializing project graph' 0.46391699998639524ms
[NX v21.4.1 Daemon Server] - 2025-09-13T16:13:54.192Z - Done responding to the client project-graph
[NX v21.4.1 Daemon Server] - 2025-09-13T16:13:54.193Z - Handled REQUEST_PROJECT_GRAPH. Handling time: 0. Response time: 9.
[NX v21.4.1 Daemon Server] - 2025-09-13T16:13:54.879Z - Closed a connection. Number of open connections: 0
[NX v21.4.1 Daemon Server] - 2025-09-13T16:13:54.929Z - [WATCHER]: Processing file changes in outputs
[NX v21.4.1 Daemon Server] - 2025-09-13T16:14:00.205Z - Established a connection. Number of open connections: 1
[NX v21.4.1 Daemon Server] - 2025-09-13T16:14:00.205Z - Closed a connection. Number of open connections: 0
[NX v21.4.1 Daemon Server] - 2025-09-13T16:14:00.206Z - Established a connection. Number of open connections: 1
[NX v21.4.1 Daemon Server] - 2025-09-13T16:14:00.207Z - [REQUEST]: Client Request for Project Graph Received
[NX v21.4.1 Daemon Server] - 2025-09-13T16:14:00.207Z - Reusing in-memory cached project graph because no files changed.
[NX v21.4.1 Daemon Server] - 2025-09-13T16:14:00.207Z - [REQUEST]: Responding to the client. project-graph
[NX v21.4.1 Daemon Server] - 2025-09-13T16:14:00.208Z - Time taken for 'total for creating and serializing project graph' 0.16499999997904524ms
[NX v21.4.1 Daemon Server] - 2025-09-13T16:14:00.210Z - Done responding to the client project-graph
[NX v21.4.1 Daemon Server] - 2025-09-13T16:14:00.210Z - Handled REQUEST_PROJECT_GRAPH. Handling time: 0. Response time: 3.
[NX v21.4.1 Daemon Server] - 2025-09-13T16:14:00.215Z - [REQUEST]: Responding to the client. handleRunPreTasksExecution
[NX v21.4.1 Daemon Server] - 2025-09-13T16:14:00.215Z - Done responding to the client handleRunPreTasksExecution
[NX v21.4.1 Daemon Server] - 2025-09-13T16:14:00.215Z - Handled PRE_TASKS_EXECUTION. Handling time: 0. Response time: 0.
[NX v21.4.1 Daemon Server] - 2025-09-13T16:14:00.215Z - Time taken for 'preTasksExecution' 0.08429199998499826ms
[NX v21.4.1 Daemon Server] - 2025-09-13T16:14:00.279Z - Reusing in-memory cached project graph because no files changed.
DEBUG nx::native::tasks::task_hasher: plan length: 1
DEBUG nx::native::tasks::hashers::hash_workspace_files: Hashing workspace fileset{cache_key="nx.json,.gitignore,.nxignore"}: Adding "2913894268036001599" (".gitignore") to hash
DEBUG nx::native::tasks::hashers::hash_workspace_files: Hashing workspace fileset{cache_key="nx.json,.gitignore,.nxignore"}: Adding "3619439782444644385" ("nx.json") to hash
DEBUG nx::native::tasks::hashers::hash_workspace_files: Hashing workspace fileset{cache_key="nx.json,.gitignore,.nxignore"}: Hash Value: "12630403656253729768"
[NX v21.4.1 Daemon Server] - 2025-09-13T16:14:00.303Z - [REQUEST]: Responding to the client. handleHashTasks
[NX v21.4.1 Daemon Server] - 2025-09-13T16:14:00.303Z - Done responding to the client handleHashTasks
[NX v21.4.1 Daemon Server] - 2025-09-13T16:14:00.303Z - Handled HASH_TASKS. Handling time: 24. Response time: 0.
[NX v21.4.1 Daemon Server] - 2025-09-13T16:14:00.486Z - [REQUEST]: Responding to the client. handleGetEstimatedTaskTimings
[NX v21.4.1 Daemon Server] - 2025-09-13T16:14:00.486Z - Done responding to the client handleGetEstimatedTaskTimings
[NX v21.4.1 Daemon Server] - 2025-09-13T16:14:00.486Z - Handled GET_ESTIMATED_TASK_TIMINGS. Handling time: 1. Response time: 0.
[NX v21.4.1 Daemon Server] - 2025-09-13T16:14:01.543Z - Established a connection. Number of open connections: 2
[NX v21.4.1 Daemon Server] - 2025-09-13T16:14:01.544Z - Established a connection. Number of open connections: 3
[NX v21.4.1 Daemon Server] - 2025-09-13T16:14:01.544Z - Closed a connection. Number of open connections: 2
[NX v21.4.1 Daemon Server] - 2025-09-13T16:14:01.545Z - [REQUEST]: Client Request for Project Graph Received
[NX v21.4.1 Daemon Server] - 2025-09-13T16:14:01.545Z - Reusing in-memory cached project graph because no files changed.
[NX v21.4.1 Daemon Server] - 2025-09-13T16:14:01.545Z - [REQUEST]: Responding to the client. project-graph
[NX v21.4.1 Daemon Server] - 2025-09-13T16:14:01.546Z - Time taken for 'total for creating and serializing project graph' 0.25937500002328306ms
[NX v21.4.1 Daemon Server] - 2025-09-13T16:14:01.549Z - Done responding to the client project-graph
[NX v21.4.1 Daemon Server] - 2025-09-13T16:14:01.549Z - Handled REQUEST_PROJECT_GRAPH. Handling time: 0. Response time: 4.
[NX v21.4.1 Daemon Server] - 2025-09-13T16:14:02.477Z - Established a connection. Number of open connections: 3
[NX v21.4.1 Daemon Server] - 2025-09-13T16:14:02.480Z - Closed a connection. Number of open connections: 2
[NX v21.4.1 Daemon Server] - 2025-09-13T16:14:02.480Z - Established a connection. Number of open connections: 3
[NX v21.4.1 Daemon Server] - 2025-09-13T16:14:02.481Z - [REQUEST]: Client Request for Project Graph Received
[NX v21.4.1 Daemon Server] - 2025-09-13T16:14:02.481Z - Reusing in-memory cached project graph because no files changed.
[NX v21.4.1 Daemon Server] - 2025-09-13T16:14:02.481Z - [REQUEST]: Responding to the client. project-graph
[NX v21.4.1 Daemon Server] - 2025-09-13T16:14:02.484Z - Time taken for 'total for creating and serializing project graph' 0.12445800000568852ms
[NX v21.4.1 Daemon Server] - 2025-09-13T16:14:02.486Z - Done responding to the client project-graph
[NX v21.4.1 Daemon Server] - 2025-09-13T16:14:02.486Z - Handled REQUEST_PROJECT_GRAPH. Handling time: 0. Response time: 5.
[NX v21.4.1 Daemon Server] - 2025-09-13T16:14:02.746Z - [REQUEST]: Client Request for Project Graph Received
[NX v21.4.1 Daemon Server] - 2025-09-13T16:14:02.746Z - Reusing in-memory cached project graph because no files changed.
[NX v21.4.1 Daemon Server] - 2025-09-13T16:14:02.746Z - [REQUEST]: Responding to the client. project-graph
[NX v21.4.1 Daemon Server] - 2025-09-13T16:14:02.748Z - Time taken for 'total for creating and serializing project graph' 0.4416659999988042ms
[NX v21.4.1 Daemon Server] - 2025-09-13T16:14:02.823Z - Done responding to the client project-graph
[NX v21.4.1 Daemon Server] - 2025-09-13T16:14:02.823Z - Handled REQUEST_PROJECT_GRAPH. Handling time: 0. Response time: 77.
[NX v21.4.1 Daemon Server] - 2025-09-13T16:14:03.101Z - [WATCHER]: apps/student/next-env.d.ts was modified
[NX v21.4.1 Daemon Server] - 2025-09-13T16:14:03.101Z - [WATCHER]: Processing file changes in outputs
[NX v21.4.1 Daemon Server] - 2025-09-13T16:14:03.202Z - [REQUEST]: Updated workspace context based on watched changes, recomputing project graph...
[NX v21.4.1 Daemon Server] - 2025-09-13T16:14:03.202Z - [REQUEST]: apps/student/next-env.d.ts
[NX v21.4.1 Daemon Server] - 2025-09-13T16:14:03.202Z - [REQUEST]: 
[NX v21.4.1 Daemon Server] - 2025-09-13T16:14:03.204Z - Time taken for 'hash changed files from watcher' 0.4047920000157319ms
Time for 'nx/core/project-json:createNodes' [33m2.943375000031665[39m
Time for 'nx/core/package-json:createNodes' [33m3.2263749999692664[39m
Time for 'nx/js/dependencies-and-lockfile:createNodes' [33m23.34037500002887[39m
[NX v21.4.1 Daemon Server] - 2025-09-13T16:14:03.247Z - Time taken for 'build-project-configs' 37.97679099999368ms
Time for 'build typescript dependencies' [33m6.456958000024315[39m
[NX v21.4.1 Daemon Server] - 2025-09-13T16:14:03.285Z - Wrote project graph cache to /Users/3bird/Documents/personal/studycourse/education-site-frontend/.nx/workspace-data/project-graph.json
[NX v21.4.1 Daemon Server] - 2025-09-13T16:14:03.285Z - [SYNC]: collect registered sync generators
[NX v21.4.1 Daemon Server] - 2025-09-13T16:14:03.285Z - [SYNC]: project graph hash is the same, not collecting task sync generators
[NX v21.4.1 Daemon Server] - 2025-09-13T16:14:03.285Z - [SYNC]: nx.json hash is the same, not collecting global sync generators
[NX v21.4.1 Daemon Server] - 2025-09-13T16:14:03.285Z - Time taken for 'total execution time for createProjectGraph()' 34.117792000004556ms
[NX v21.4.1 Daemon Server] - 2025-09-13T16:14:03.597Z - [WATCHER]: Processing file changes in outputs
[NX v21.4.1 Daemon Server] - 2025-09-13T16:14:03.863Z - [WATCHER]: Processing file changes in outputs
[NX v21.4.1 Daemon Server] - 2025-09-13T16:14:04.104Z - [REQUEST]: Client Request for Project Graph Received
[NX v21.4.1 Daemon Server] - 2025-09-13T16:14:04.105Z - Reusing in-memory cached project graph because no files changed.
[NX v21.4.1 Daemon Server] - 2025-09-13T16:14:04.105Z - [REQUEST]: Responding to the client. project-graph
[NX v21.4.1 Daemon Server] - 2025-09-13T16:14:04.106Z - Time taken for 'total for creating and serializing project graph' 0.22570899996208027ms
[NX v21.4.1 Daemon Server] - 2025-09-13T16:14:04.113Z - [WATCHER]: Processing file changes in outputs
[NX v21.4.1 Daemon Server] - 2025-09-13T16:14:04.113Z - Done responding to the client project-graph
[NX v21.4.1 Daemon Server] - 2025-09-13T16:14:04.113Z - Handled REQUEST_PROJECT_GRAPH. Handling time: 1. Response time: 8.
[NX v21.4.1 Daemon Server] - 2025-09-13T16:14:04.166Z - [WATCHER]: Processing file changes in outputs
[NX v21.4.1 Daemon Server] - 2025-09-13T16:14:05.552Z - [WATCHER]: Processing file changes in outputs
[NX v21.4.1 Daemon Server] - 2025-09-13T16:14:21.617Z - [WATCHER]: Processing file changes in outputs
[NX v21.4.1 Daemon Server] - 2025-09-13T16:14:23.889Z - [WATCHER]: Processing file changes in outputs
[NX v21.4.1 Daemon Server] - 2025-09-13T16:14:24.457Z - [WATCHER]: Processing file changes in outputs
[NX v21.4.1 Daemon Server] - 2025-09-13T16:14:26.692Z - [WATCHER]: Processing file changes in outputs
[NX v21.4.1 Daemon Server] - 2025-09-13T16:14:26.760Z - [WATCHER]: Processing file changes in outputs
[NX v21.4.1 Daemon Server] - 2025-09-13T16:14:27.439Z - [WATCHER]: Processing file changes in outputs
[NX v21.4.1 Daemon Server] - 2025-09-13T16:14:27.812Z - [WATCHER]: Processing file changes in outputs
[NX v21.4.1 Daemon Server] - 2025-09-13T16:14:28.082Z - [WATCHER]: Processing file changes in outputs
[NX v21.4.1 Daemon Server] - 2025-09-13T16:20:45.154Z - [WATCHER]: 1 file(s) created or restored, 0 file(s) modified, 1 file(s) deleted
[NX v21.4.1 Daemon Server] - 2025-09-13T16:20:45.158Z - [WATCHER]: Processing file changes in outputs
[NX v21.4.1 Daemon Server] - 2025-09-13T16:20:45.260Z - [REQUEST]: Updated workspace context based on watched changes, recomputing project graph...
[NX v21.4.1 Daemon Server] - 2025-09-13T16:20:45.261Z - [REQUEST]: apps/student/assets/Logo/Logonew.jpeg
[NX v21.4.1 Daemon Server] - 2025-09-13T16:20:45.261Z - [REQUEST]: apps/student/assets/Logo/Unconfirmed 768125.crdownload
[NX v21.4.1 Daemon Server] - 2025-09-13T16:20:45.269Z - Time taken for 'hash changed files from watcher' 2.4988750000484288ms
Time for 'nx/core/package-json:createNodes' [33m1.999250000109896[39m
Time for 'nx/core/project-json:createNodes' [33m3.072000000043772[39m
Time for 'nx/js/dependencies-and-lockfile:createNodes' [33m27.5201249999227[39m
[NX v21.4.1 Daemon Server] - 2025-09-13T16:20:45.318Z - Time taken for 'build-project-configs' 44.89166700001806ms
Time for 'build typescript dependencies' [33m3.2230829999316484[39m
[NX v21.4.1 Daemon Server] - 2025-09-13T16:20:45.355Z - Wrote project graph cache to /Users/3bird/Documents/personal/studycourse/education-site-frontend/.nx/workspace-data/project-graph.json
[NX v21.4.1 Daemon Server] - 2025-09-13T16:20:45.355Z - [SYNC]: collect registered sync generators
[NX v21.4.1 Daemon Server] - 2025-09-13T16:20:45.355Z - [SYNC]: project graph hash is the same, not collecting task sync generators
[NX v21.4.1 Daemon Server] - 2025-09-13T16:20:45.355Z - [SYNC]: nx.json hash is the same, not collecting global sync generators
[NX v21.4.1 Daemon Server] - 2025-09-13T16:20:45.355Z - Time taken for 'total execution time for createProjectGraph()' 31.291916999965906ms
[NX v21.4.1 Daemon Server] - 2025-09-13T16:20:58.144Z - [WATCHER]: Processing file changes in outputs
[NX v21.4.1 Daemon Server] - 2025-09-13T16:20:58.148Z - [WATCHER]: apps/student/components/v2/Navbar.tsx was modified
[NX v21.4.1 Daemon Server] - 2025-09-13T16:20:58.354Z - [REQUEST]: Updated workspace context based on watched changes, recomputing project graph...
[NX v21.4.1 Daemon Server] - 2025-09-13T16:20:58.355Z - [REQUEST]: apps/student/components/v2/Navbar.tsx
[NX v21.4.1 Daemon Server] - 2025-09-13T16:20:58.359Z - [REQUEST]: 
[NX v21.4.1 Daemon Server] - 2025-09-13T16:20:58.394Z - Time taken for 'hash changed files from watcher' 3.9787500000093132ms
Time for 'nx/core/project-json:createNodes' [33m2.060583999962546[39m
Time for 'nx/core/package-json:createNodes' [33m1.6922499999636784[39m
Time for 'nx/js/dependencies-and-lockfile:createNodes' [33m33.13954200001899[39m
[NX v21.4.1 Daemon Server] - 2025-09-13T16:20:58.505Z - Time taken for 'build-project-configs' 95.0556660000002ms
Time for 'build typescript dependencies' [33m19.134250000002794[39m
[NX v21.4.1 Daemon Server] - 2025-09-13T16:20:58.755Z - Wrote project graph cache to /Users/3bird/Documents/personal/studycourse/education-site-frontend/.nx/workspace-data/project-graph.json
[NX v21.4.1 Daemon Server] - 2025-09-13T16:20:58.755Z - [SYNC]: collect registered sync generators
[NX v21.4.1 Daemon Server] - 2025-09-13T16:20:58.755Z - [SYNC]: project graph hash is the same, not collecting task sync generators
[NX v21.4.1 Daemon Server] - 2025-09-13T16:20:58.755Z - [SYNC]: nx.json hash is the same, not collecting global sync generators
[NX v21.4.1 Daemon Server] - 2025-09-13T16:20:58.755Z - Time taken for 'total execution time for createProjectGraph()' 255.33345799997915ms
[NX v21.4.1 Daemon Server] - 2025-09-13T16:21:01.462Z - [WATCHER]: Processing file changes in outputs
[NX v21.4.1 Daemon Server] - 2025-09-13T16:21:01.469Z - [WATCHER]: apps/student/components/v2/Navbar.tsx was modified
[NX v21.4.1 Daemon Server] - 2025-09-13T16:21:01.873Z - [REQUEST]: Updated workspace context based on watched changes, recomputing project graph...
[NX v21.4.1 Daemon Server] - 2025-09-13T16:21:01.873Z - [REQUEST]: apps/student/components/v2/Navbar.tsx
[NX v21.4.1 Daemon Server] - 2025-09-13T16:21:01.873Z - [REQUEST]: 
[NX v21.4.1 Daemon Server] - 2025-09-13T16:21:01.876Z - Time taken for 'hash changed files from watcher' 1.3414169999305159ms
Time for 'nx/core/package-json:createNodes' [33m1.011832999996841[39m
Time for 'nx/core/project-json:createNodes' [33m1.0304160000523552[39m
Time for 'nx/js/dependencies-and-lockfile:createNodes' [33m28.834832999971695[39m
[NX v21.4.1 Daemon Server] - 2025-09-13T16:21:01.916Z - Time taken for 'build-project-configs' 37.957041000016034ms
Time for 'build typescript dependencies' [33m3.110791999963112[39m
[NX v21.4.1 Daemon Server] - 2025-09-13T16:21:01.956Z - Wrote project graph cache to /Users/3bird/Documents/personal/studycourse/education-site-frontend/.nx/workspace-data/project-graph.json
[NX v21.4.1 Daemon Server] - 2025-09-13T16:21:01.956Z - [SYNC]: collect registered sync generators
[NX v21.4.1 Daemon Server] - 2025-09-13T16:21:01.957Z - [SYNC]: project graph hash is the same, not collecting task sync generators
[NX v21.4.1 Daemon Server] - 2025-09-13T16:21:01.957Z - [SYNC]: nx.json hash is the same, not collecting global sync generators
[NX v21.4.1 Daemon Server] - 2025-09-13T16:21:01.957Z - Time taken for 'total execution time for createProjectGraph()' 30.61912500008475ms
[NX v21.4.1 Daemon Server] - 2025-09-13T16:21:06.113Z - [WATCHER]: apps/student/components/v2/Navbar.tsx was modified
[NX v21.4.1 Daemon Server] - 2025-09-13T16:21:06.114Z - [WATCHER]: Processing file changes in outputs
[NX v21.4.1 Daemon Server] - 2025-09-13T16:21:06.915Z - [REQUEST]: Updated workspace context based on watched changes, recomputing project graph...
[NX v21.4.1 Daemon Server] - 2025-09-13T16:21:06.915Z - [REQUEST]: apps/student/components/v2/Navbar.tsx
[NX v21.4.1 Daemon Server] - 2025-09-13T16:21:06.915Z - [REQUEST]: 
Time for 'nx/core/package-json:createNodes' [33m1.1813339999644086[39m
[NX v21.4.1 Daemon Server] - 2025-09-13T16:21:06.931Z - Time taken for 'hash changed files from watcher' 0.43487500003539026ms
Time for 'nx/core/project-json:createNodes' [33m1.5233330000191927[39m
Time for 'nx/js/dependencies-and-lockfile:createNodes' [33m44.11499999999069[39m
[NX v21.4.1 Daemon Server] - 2025-09-13T16:21:06.986Z - Time taken for 'build-project-configs' 59.786167000071146ms
Time for 'build typescript dependencies' [33m2.28229200001806[39m
[NX v21.4.1 Daemon Server] - 2025-09-13T16:21:07.015Z - Wrote project graph cache to /Users/3bird/Documents/personal/studycourse/education-site-frontend/.nx/workspace-data/project-graph.json
[NX v21.4.1 Daemon Server] - 2025-09-13T16:21:07.015Z - [SYNC]: collect registered sync generators
[NX v21.4.1 Daemon Server] - 2025-09-13T16:21:07.016Z - [SYNC]: project graph hash is the same, not collecting task sync generators
[NX v21.4.1 Daemon Server] - 2025-09-13T16:21:07.016Z - [SYNC]: nx.json hash is the same, not collecting global sync generators
[NX v21.4.1 Daemon Server] - 2025-09-13T16:21:07.016Z - Time taken for 'total execution time for createProjectGraph()' 26.389499999932013ms
[NX v21.4.1 Daemon Server] - 2025-09-13T16:21:07.321Z - [WATCHER]: apps/student/components/v2/Navbar.tsx was modified
[NX v21.4.1 Daemon Server] - 2025-09-13T16:21:07.321Z - [WATCHER]: Processing file changes in outputs
[NX v21.4.1 Daemon Server] - 2025-09-13T16:21:07.494Z - [WATCHER]: Processing file changes in outputs
[NX v21.4.1 Daemon Server] - 2025-09-13T16:21:08.005Z - [WATCHER]: Processing file changes in outputs
[NX v21.4.1 Daemon Server] - 2025-09-13T16:21:08.705Z - [WATCHER]: Processing file changes in outputs
[NX v21.4.1 Daemon Server] - 2025-09-13T16:21:08.923Z - [REQUEST]: Updated workspace context based on watched changes, recomputing project graph...
[NX v21.4.1 Daemon Server] - 2025-09-13T16:21:08.923Z - [REQUEST]: apps/student/components/v2/Navbar.tsx
[NX v21.4.1 Daemon Server] - 2025-09-13T16:21:08.923Z - [REQUEST]: 
[NX v21.4.1 Daemon Server] - 2025-09-13T16:21:08.925Z - Time taken for 'hash changed files from watcher' 0.4685420000459999ms
Time for 'nx/core/project-json:createNodes' [33m0.8725420000264421[39m
Time for 'nx/core/package-json:createNodes' [33m1.510666000074707[39m
Time for 'nx/js/dependencies-and-lockfile:createNodes' [33m19.26712500001304[39m
[NX v21.4.1 Daemon Server] - 2025-09-13T16:21:08.960Z - Time taken for 'build-project-configs' 28.734375ms
Time for 'build typescript dependencies' [33m7.102624999941327[39m
[NX v21.4.1 Daemon Server] - 2025-09-13T16:21:09.020Z - Wrote project graph cache to /Users/3bird/Documents/personal/studycourse/education-site-frontend/.nx/workspace-data/project-graph.json
[NX v21.4.1 Daemon Server] - 2025-09-13T16:21:09.020Z - [SYNC]: collect registered sync generators
[NX v21.4.1 Daemon Server] - 2025-09-13T16:21:09.020Z - [SYNC]: project graph hash is the same, not collecting task sync generators
[NX v21.4.1 Daemon Server] - 2025-09-13T16:21:09.020Z - [SYNC]: nx.json hash is the same, not collecting global sync generators
[NX v21.4.1 Daemon Server] - 2025-09-13T16:21:09.021Z - Time taken for 'total execution time for createProjectGraph()' 56.789125000010245ms
[NX v21.4.1 Daemon Server] - 2025-09-13T16:21:35.928Z - [WATCHER]: apps/student/components/v2/Navbar.tsx was modified
[NX v21.4.1 Daemon Server] - 2025-09-13T16:21:35.929Z - [WATCHER]: Processing file changes in outputs
[NX v21.4.1 Daemon Server] - 2025-09-13T16:21:36.055Z - [WATCHER]: Processing file changes in outputs
[NX v21.4.1 Daemon Server] - 2025-09-13T16:21:36.203Z - [WATCHER]: Processing file changes in outputs
[NX v21.4.1 Daemon Server] - 2025-09-13T16:21:36.561Z - [WATCHER]: Processing file changes in outputs
[NX v21.4.1 Daemon Server] - 2025-09-13T16:21:38.201Z - [WATCHER]: apps/student/components/v2/Navbar.tsx was modified
[NX v21.4.1 Daemon Server] - 2025-09-13T16:21:38.201Z - [WATCHER]: Processing file changes in outputs
[NX v21.4.1 Daemon Server] - 2025-09-13T16:21:38.514Z - [WATCHER]: Processing file changes in outputs
[NX v21.4.1 Daemon Server] - 2025-09-13T16:21:38.633Z - [WATCHER]: Processing file changes in outputs
[NX v21.4.1 Daemon Server] - 2025-09-13T16:21:39.133Z - [REQUEST]: Updated workspace context based on watched changes, recomputing project graph...
[NX v21.4.1 Daemon Server] - 2025-09-13T16:21:39.133Z - [REQUEST]: apps/student/components/v2/Navbar.tsx
[NX v21.4.1 Daemon Server] - 2025-09-13T16:21:39.133Z - [REQUEST]: 
[NX v21.4.1 Daemon Server] - 2025-09-13T16:21:39.143Z - Time taken for 'hash changed files from watcher' 2.9423749999841675ms
Time for 'nx/core/package-json:createNodes' [33m3.916916999965906[39m
Time for 'nx/core/project-json:createNodes' [33m4.478167000110261[39m
Time for 'nx/js/dependencies-and-lockfile:createNodes' [33m17.939583000028506[39m
[NX v21.4.1 Daemon Server] - 2025-09-13T16:21:39.176Z - Time taken for 'build-project-configs' 36.48762499995064ms
Time for 'build typescript dependencies' [33m5.447000000043772[39m
[NX v21.4.1 Daemon Server] - 2025-09-13T16:21:39.219Z - Wrote project graph cache to /Users/3bird/Documents/personal/studycourse/education-site-frontend/.nx/workspace-data/project-graph.json
[NX v21.4.1 Daemon Server] - 2025-09-13T16:21:39.219Z - [SYNC]: collect registered sync generators
[NX v21.4.1 Daemon Server] - 2025-09-13T16:21:39.219Z - [SYNC]: project graph hash is the same, not collecting task sync generators
[NX v21.4.1 Daemon Server] - 2025-09-13T16:21:39.219Z - [SYNC]: nx.json hash is the same, not collecting global sync generators
[NX v21.4.1 Daemon Server] - 2025-09-13T16:21:39.219Z - Time taken for 'total execution time for createProjectGraph()' 38.51670799998101ms
[NX v21.4.1 Daemon Server] - 2025-09-13T16:21:50.083Z - [WATCHER]: Processing file changes in outputs
[NX v21.4.1 Daemon Server] - 2025-09-13T16:21:50.086Z - [WATCHER]: apps/student/components/v2/Navbar.tsx was modified
[NX v21.4.1 Daemon Server] - 2025-09-13T16:21:50.217Z - [WATCHER]: Processing file changes in outputs
[NX v21.4.1 Daemon Server] - 2025-09-13T16:21:50.462Z - [WATCHER]: Processing file changes in outputs
[NX v21.4.1 Daemon Server] - 2025-09-13T16:21:52.637Z - [WATCHER]: apps/student/components/v2/Navbar.tsx was modified
[NX v21.4.1 Daemon Server] - 2025-09-13T16:21:52.638Z - [WATCHER]: Processing file changes in outputs
[NX v21.4.1 Daemon Server] - 2025-09-13T16:21:52.808Z - [WATCHER]: Processing file changes in outputs
[NX v21.4.1 Daemon Server] - 2025-09-13T16:21:52.959Z - [WATCHER]: Processing file changes in outputs
[NX v21.4.1 Daemon Server] - 2025-09-13T16:21:56.492Z - [REQUEST]: Updated workspace context based on watched changes, recomputing project graph...
[NX v21.4.1 Daemon Server] - 2025-09-13T16:21:56.492Z - [REQUEST]: apps/student/components/v2/Navbar.tsx
[NX v21.4.1 Daemon Server] - 2025-09-13T16:21:56.492Z - [REQUEST]: 
[NX v21.4.1 Daemon Server] - 2025-09-13T16:21:56.500Z - Time taken for 'hash changed files from watcher' 1.8592909999424592ms
Time for 'nx/core/package-json:createNodes' [33m2.154209000058472[39m
Time for 'nx/core/project-json:createNodes' [33m3.197792000020854[39m
Time for 'nx/js/dependencies-and-lockfile:createNodes' [33m33.38124999997672[39m
[NX v21.4.1 Daemon Server] - 2025-09-13T16:21:56.554Z - Time taken for 'build-project-configs' 50.10691699991003ms
Time for 'build typescript dependencies' [33m4.251541999983601[39m
[NX v21.4.1 Daemon Server] - 2025-09-13T16:21:56.591Z - Wrote project graph cache to /Users/3bird/Documents/personal/studycourse/education-site-frontend/.nx/workspace-data/project-graph.json
[NX v21.4.1 Daemon Server] - 2025-09-13T16:21:56.591Z - [SYNC]: collect registered sync generators
[NX v21.4.1 Daemon Server] - 2025-09-13T16:21:56.592Z - [SYNC]: project graph hash is the same, not collecting task sync generators
[NX v21.4.1 Daemon Server] - 2025-09-13T16:21:56.592Z - [SYNC]: nx.json hash is the same, not collecting global sync generators
[NX v21.4.1 Daemon Server] - 2025-09-13T16:21:56.592Z - Time taken for 'total execution time for createProjectGraph()' 34.24754199991003ms
[NX v21.4.1 Daemon Server] - 2025-09-13T16:22:53.012Z - [WATCHER]: Processing file changes in outputs
[NX v21.4.1 Daemon Server] - 2025-09-13T16:22:53.323Z - [WATCHER]: Processing file changes in outputs
[NX v21.4.1 Daemon Server] - 2025-09-13T16:22:53.538Z - [WATCHER]: Processing file changes in outputs
[NX v21.4.1 Daemon Server] - 2025-09-13T16:22:53.626Z - [WATCHER]: Processing file changes in outputs
[NX v21.4.1 Daemon Server] - 2025-09-13T16:22:53.781Z - [WATCHER]: Processing file changes in outputs
[NX v21.4.1 Daemon Server] - 2025-09-13T16:22:53.941Z - [WATCHER]: Processing file changes in outputs
[NX v21.4.1 Daemon Server] - 2025-09-13T16:23:19.565Z - [WATCHER]: 1 file(s) created or restored, 0 file(s) modified, 1 file(s) deleted
[NX v21.4.1 Daemon Server] - 2025-09-13T16:23:19.566Z - [WATCHER]: Processing file changes in outputs
[NX v21.4.1 Daemon Server] - 2025-09-13T16:23:19.669Z - [REQUEST]: Updated workspace context based on watched changes, recomputing project graph...
[NX v21.4.1 Daemon Server] - 2025-09-13T16:23:19.669Z - [REQUEST]: apps/student/assets/Logo/Logostudyvisa.png
[NX v21.4.1 Daemon Server] - 2025-09-13T16:23:19.669Z - [REQUEST]: apps/student/assets/Logo/Unconfirmed 872793.crdownload
[NX v21.4.1 Daemon Server] - 2025-09-13T16:23:19.678Z - Time taken for 'hash changed files from watcher' 2.9177919999929145ms
Time for 'nx/core/package-json:createNodes' [33m1.7387500000186265[39m
Time for 'nx/core/project-json:createNodes' [33m2.4329579999903217[39m
Time for 'nx/js/dependencies-and-lockfile:createNodes' [33m11.931499999947846[39m
[NX v21.4.1 Daemon Server] - 2025-09-13T16:23:19.712Z - Time taken for 'build-project-configs' 29.31312499998603ms
Time for 'build typescript dependencies' [33m3.9556660000234842[39m
[NX v21.4.1 Daemon Server] - 2025-09-13T16:23:19.754Z - Wrote project graph cache to /Users/3bird/Documents/personal/studycourse/education-site-frontend/.nx/workspace-data/project-graph.json
[NX v21.4.1 Daemon Server] - 2025-09-13T16:23:19.754Z - [SYNC]: collect registered sync generators
[NX v21.4.1 Daemon Server] - 2025-09-13T16:23:19.754Z - [SYNC]: project graph hash is the same, not collecting task sync generators
[NX v21.4.1 Daemon Server] - 2025-09-13T16:23:19.754Z - [SYNC]: nx.json hash is the same, not collecting global sync generators
[NX v21.4.1 Daemon Server] - 2025-09-13T16:23:19.754Z - Time taken for 'total execution time for createProjectGraph()' 38.765417000046ms
[NX v21.4.1 Daemon Server] - 2025-09-13T16:23:38.983Z - [WATCHER]: apps/student/components/v2/Navbar.tsx was modified
[NX v21.4.1 Daemon Server] - 2025-09-13T16:23:38.988Z - [WATCHER]: Processing file changes in outputs
[NX v21.4.1 Daemon Server] - 2025-09-13T16:23:39.187Z - [REQUEST]: Updated workspace context based on watched changes, recomputing project graph...
[NX v21.4.1 Daemon Server] - 2025-09-13T16:23:39.187Z - [REQUEST]: apps/student/components/v2/Navbar.tsx
[NX v21.4.1 Daemon Server] - 2025-09-13T16:23:39.187Z - [REQUEST]: 
[NX v21.4.1 Daemon Server] - 2025-09-13T16:23:39.192Z - Time taken for 'hash changed files from watcher' 1.0248330000322312ms
Time for 'nx/core/project-json:createNodes' [33m15.625666999956593[39m
Time for 'nx/core/package-json:createNodes' [33m16.551875000004657[39m
Time for 'nx/js/dependencies-and-lockfile:createNodes' [33m27.06054099998437[39m
[NX v21.4.1 Daemon Server] - 2025-09-13T16:23:39.264Z - Time taken for 'build-project-configs' 62.68616699997801ms
Time for 'build typescript dependencies' [33m8.405458999914117[39m
[NX v21.4.1 Daemon Server] - 2025-09-13T16:23:39.342Z - Wrote project graph cache to /Users/3bird/Documents/personal/studycourse/education-site-frontend/.nx/workspace-data/project-graph.json
[NX v21.4.1 Daemon Server] - 2025-09-13T16:23:39.342Z - [SYNC]: collect registered sync generators
[NX v21.4.1 Daemon Server] - 2025-09-13T16:23:39.342Z - [SYNC]: project graph hash is the same, not collecting task sync generators
[NX v21.4.1 Daemon Server] - 2025-09-13T16:23:39.342Z - [SYNC]: nx.json hash is the same, not collecting global sync generators
[NX v21.4.1 Daemon Server] - 2025-09-13T16:23:39.342Z - Time taken for 'total execution time for createProjectGraph()' 73.79108400002588ms
[NX v21.4.1 Daemon Server] - 2025-09-13T16:23:41.481Z - [WATCHER]: apps/student/components/v2/Navbar.tsx was modified
[NX v21.4.1 Daemon Server] - 2025-09-13T16:23:41.481Z - [WATCHER]: Processing file changes in outputs
[NX v21.4.1 Daemon Server] - 2025-09-13T16:23:41.883Z - [REQUEST]: Updated workspace context based on watched changes, recomputing project graph...
[NX v21.4.1 Daemon Server] - 2025-09-13T16:23:41.883Z - [REQUEST]: apps/student/components/v2/Navbar.tsx
[NX v21.4.1 Daemon Server] - 2025-09-13T16:23:41.883Z - [REQUEST]: 
[NX v21.4.1 Daemon Server] - 2025-09-13T16:23:41.887Z - Time taken for 'hash changed files from watcher' 0.5750000000698492ms
Time for 'nx/core/project-json:createNodes' [33m3.3073749999748543[39m
Time for 'nx/core/package-json:createNodes' [33m2.343417000025511[39m
Time for 'nx/js/dependencies-and-lockfile:createNodes' [33m15.935916000045836[39m
[NX v21.4.1 Daemon Server] - 2025-09-13T16:23:41.927Z - Time taken for 'build-project-configs' 30.714582999935374ms
Time for 'build typescript dependencies' [33m4.07854200003203[39m
[NX v21.4.1 Daemon Server] - 2025-09-13T16:23:41.968Z - Wrote project graph cache to /Users/3bird/Documents/personal/studycourse/education-site-frontend/.nx/workspace-data/project-graph.json
[NX v21.4.1 Daemon Server] - 2025-09-13T16:23:41.968Z - [SYNC]: collect registered sync generators
[NX v21.4.1 Daemon Server] - 2025-09-13T16:23:41.968Z - [SYNC]: project graph hash is the same, not collecting task sync generators
[NX v21.4.1 Daemon Server] - 2025-09-13T16:23:41.969Z - [SYNC]: nx.json hash is the same, not collecting global sync generators
[NX v21.4.1 Daemon Server] - 2025-09-13T16:23:41.969Z - Time taken for 'total execution time for createProjectGraph()' 43.194499999983236ms
[NX v21.4.1 Daemon Server] - 2025-09-13T16:23:47.093Z - [WATCHER]: Processing file changes in outputs
[NX v21.4.1 Daemon Server] - 2025-09-13T16:23:47.096Z - [WATCHER]: apps/student/components/v2/Navbar.tsx was modified
[NX v21.4.1 Daemon Server] - 2025-09-13T16:23:47.264Z - [WATCHER]: Processing file changes in outputs
[NX v21.4.1 Daemon Server] - 2025-09-13T16:23:47.445Z - [WATCHER]: Processing file changes in outputs
[NX v21.4.1 Daemon Server] - 2025-09-13T16:23:47.897Z - [REQUEST]: Updated workspace context based on watched changes, recomputing project graph...
[NX v21.4.1 Daemon Server] - 2025-09-13T16:23:47.898Z - [REQUEST]: apps/student/components/v2/Navbar.tsx
[NX v21.4.1 Daemon Server] - 2025-09-13T16:23:47.898Z - [REQUEST]: 
[NX v21.4.1 Daemon Server] - 2025-09-13T16:23:47.901Z - Time taken for 'hash changed files from watcher' 0.5068339999997988ms
Time for 'nx/core/package-json:createNodes' [33m2.439916000002995[39m
Time for 'nx/core/project-json:createNodes' [33m2.0532080000266433[39m
[NX v21.4.1 Daemon Server] - 2025-09-13T16:23:47.924Z - [WATCHER]: Processing file changes in outputs
Time for 'nx/js/dependencies-and-lockfile:createNodes' [33m12.942500000004657[39m
[NX v21.4.1 Daemon Server] - 2025-09-13T16:23:47.955Z - Time taken for 'build-project-configs' 47.041124999988824ms
Time for 'build typescript dependencies' [33m26.339916000026278[39m
[NX v21.4.1 Daemon Server] - 2025-09-13T16:23:48.028Z - Wrote project graph cache to /Users/3bird/Documents/personal/studycourse/education-site-frontend/.nx/workspace-data/project-graph.json
[NX v21.4.1 Daemon Server] - 2025-09-13T16:23:48.028Z - [SYNC]: collect registered sync generators
[NX v21.4.1 Daemon Server] - 2025-09-13T16:23:48.028Z - [SYNC]: project graph hash is the same, not collecting task sync generators
[NX v21.4.1 Daemon Server] - 2025-09-13T16:23:48.028Z - [SYNC]: nx.json hash is the same, not collecting global sync generators
[NX v21.4.1 Daemon Server] - 2025-09-13T16:23:48.028Z - Time taken for 'total execution time for createProjectGraph()' 74.564916000003ms
[NX v21.4.1 Daemon Server] - 2025-09-13T16:24:19.264Z - [WATCHER]: Processing file changes in outputs
[NX v21.4.1 Daemon Server] - 2025-09-13T16:24:19.272Z - [WATCHER]: apps/student/components/v2/Navbar.tsx was modified
[NX v21.4.1 Daemon Server] - 2025-09-13T16:24:19.487Z - [WATCHER]: Processing file changes in outputs
[NX v21.4.1 Daemon Server] - 2025-09-13T16:24:19.617Z - [WATCHER]: Processing file changes in outputs
[NX v21.4.1 Daemon Server] - 2025-09-13T16:24:20.873Z - [REQUEST]: Updated workspace context based on watched changes, recomputing project graph...
[NX v21.4.1 Daemon Server] - 2025-09-13T16:24:20.873Z - [REQUEST]: apps/student/components/v2/Navbar.tsx
[NX v21.4.1 Daemon Server] - 2025-09-13T16:24:20.873Z - [REQUEST]: 
[NX v21.4.1 Daemon Server] - 2025-09-13T16:24:20.876Z - Time taken for 'hash changed files from watcher' 0.5416249999543652ms
Time for 'nx/core/package-json:createNodes' [33m1.4555419998941943[39m
Time for 'nx/core/project-json:createNodes' [33m1.8506660000421107[39m
Time for 'nx/js/dependencies-and-lockfile:createNodes' [33m12.960166999953799[39m
[NX v21.4.1 Daemon Server] - 2025-09-13T16:24:20.913Z - Time taken for 'build-project-configs' 32.69220900000073ms
Time for 'build typescript dependencies' [33m2.7120839999988675[39m
[NX v21.4.1 Daemon Server] - 2025-09-13T16:24:20.945Z - Wrote project graph cache to /Users/3bird/Documents/personal/studycourse/education-site-frontend/.nx/workspace-data/project-graph.json
[NX v21.4.1 Daemon Server] - 2025-09-13T16:24:20.945Z - [SYNC]: collect registered sync generators
[NX v21.4.1 Daemon Server] - 2025-09-13T16:24:20.945Z - [SYNC]: project graph hash is the same, not collecting task sync generators
[NX v21.4.1 Daemon Server] - 2025-09-13T16:24:20.945Z - [SYNC]: nx.json hash is the same, not collecting global sync generators
[NX v21.4.1 Daemon Server] - 2025-09-13T16:24:20.945Z - Time taken for 'total execution time for createProjectGraph()' 29.37383299996145ms
[NX v21.4.1 Daemon Server] - 2025-09-13T16:24:22.770Z - [WATCHER]: apps/student/components/v2/Navbar.tsx was modified
[NX v21.4.1 Daemon Server] - 2025-09-13T16:24:22.772Z - [WATCHER]: Processing file changes in outputs
[NX v21.4.1 Daemon Server] - 2025-09-13T16:24:22.843Z - [WATCHER]: apps/student/components/v2/Navbar.tsx was modified
[NX v21.4.1 Daemon Server] - 2025-09-13T16:24:23.122Z - [WATCHER]: Processing file changes in outputs
[NX v21.4.1 Daemon Server] - 2025-09-13T16:24:23.370Z - [WATCHER]: Processing file changes in outputs
[NX v21.4.1 Daemon Server] - 2025-09-13T16:24:24.010Z - [WATCHER]: Processing file changes in outputs
[NX v21.4.1 Daemon Server] - 2025-09-13T16:24:24.029Z - [WATCHER]: apps/student/components/v2/Navbar.tsx was modified
[NX v21.4.1 Daemon Server] - 2025-09-13T16:24:25.485Z - [WATCHER]: Processing file changes in outputs
[NX v21.4.1 Daemon Server] - 2025-09-13T16:24:25.589Z - [WATCHER]: Processing file changes in outputs
[NX v21.4.1 Daemon Server] - 2025-09-13T16:24:25.591Z - [WATCHER]: apps/student/components/v2/Navbar.tsx was modified
[NX v21.4.1 Daemon Server] - 2025-09-13T16:24:25.973Z - [REQUEST]: Updated workspace context based on watched changes, recomputing project graph...
[NX v21.4.1 Daemon Server] - 2025-09-13T16:24:25.973Z - [REQUEST]: apps/student/components/v2/Navbar.tsx
[NX v21.4.1 Daemon Server] - 2025-09-13T16:24:25.973Z - [REQUEST]: 
[NX v21.4.1 Daemon Server] - 2025-09-13T16:24:25.997Z - Time taken for 'hash changed files from watcher' 1.106082999962382ms
Time for 'nx/core/project-json:createNodes' [33m3.2814580000704154[39m
Time for 'nx/core/package-json:createNodes' [33m5.896833000006154[39m
Time for 'nx/js/dependencies-and-lockfile:createNodes' [33m43.34183300007135[39m
[NX v21.4.1 Daemon Server] - 2025-09-13T16:24:26.113Z - Time taken for 'build-project-configs' 128.1976250000298ms
Time for 'build typescript dependencies' [33m3.3708750000223517[39m
[NX v21.4.1 Daemon Server] - 2025-09-13T16:24:26.167Z - Wrote project graph cache to /Users/3bird/Documents/personal/studycourse/education-site-frontend/.nx/workspace-data/project-graph.json
[NX v21.4.1 Daemon Server] - 2025-09-13T16:24:26.167Z - [SYNC]: collect registered sync generators
[NX v21.4.1 Daemon Server] - 2025-09-13T16:24:26.168Z - [SYNC]: project graph hash is the same, not collecting task sync generators
[NX v21.4.1 Daemon Server] - 2025-09-13T16:24:26.169Z - [SYNC]: nx.json hash is the same, not collecting global sync generators
[NX v21.4.1 Daemon Server] - 2025-09-13T16:24:26.169Z - Time taken for 'total execution time for createProjectGraph()' 47.69458299991675ms
[NX v21.4.1 Daemon Server] - 2025-09-13T16:24:26.414Z - [WATCHER]: Processing file changes in outputs
[NX v21.4.1 Daemon Server] - 2025-09-13T16:24:26.488Z - [WATCHER]: Processing file changes in outputs
[NX v21.4.1 Daemon Server] - 2025-09-13T16:24:26.699Z - [WATCHER]: Processing file changes in outputs
[NX v21.4.1 Daemon Server] - 2025-09-13T16:24:26.732Z - [WATCHER]: apps/student/components/v2/Navbar.tsx was modified
[NX v21.4.1 Daemon Server] - 2025-09-13T16:24:27.392Z - [WATCHER]: Processing file changes in outputs
[NX v21.4.1 Daemon Server] - 2025-09-13T16:24:27.684Z - [WATCHER]: Processing file changes in outputs
[NX v21.4.1 Daemon Server] - 2025-09-13T16:24:28.432Z - [WATCHER]: Processing file changes in outputs
[NX v21.4.1 Daemon Server] - 2025-09-13T16:24:28.601Z - [WATCHER]: apps/student/components/v2/Navbar.tsx was modified
[NX v21.4.1 Daemon Server] - 2025-09-13T16:24:28.601Z - [WATCHER]: Processing file changes in outputs
[NX v21.4.1 Daemon Server] - 2025-09-13T16:24:28.945Z - [WATCHER]: Processing file changes in outputs
[NX v21.4.1 Daemon Server] - 2025-09-13T16:24:29.173Z - [WATCHER]: Processing file changes in outputs
[NX v21.4.1 Daemon Server] - 2025-09-13T16:24:30.354Z - [WATCHER]: Processing file changes in outputs
[NX v21.4.1 Daemon Server] - 2025-09-13T16:24:30.732Z - [WATCHER]: Processing file changes in outputs
[NX v21.4.1 Daemon Server] - 2025-09-13T16:24:33.136Z - [REQUEST]: Updated workspace context based on watched changes, recomputing project graph...
[NX v21.4.1 Daemon Server] - 2025-09-13T16:24:33.137Z - [REQUEST]: apps/student/components/v2/Navbar.tsx
[NX v21.4.1 Daemon Server] - 2025-09-13T16:24:33.137Z - [REQUEST]: 
[NX v21.4.1 Daemon Server] - 2025-09-13T16:24:33.148Z - Time taken for 'hash changed files from watcher' 1.4010830000042915ms
Time for 'nx/core/project-json:createNodes' [33m6.462916999938898[39m
Time for 'nx/core/package-json:createNodes' [33m4.282792000100017[39m
Time for 'nx/js/dependencies-and-lockfile:createNodes' [33m19.828291999991052[39m
[NX v21.4.1 Daemon Server] - 2025-09-13T16:24:33.191Z - Time taken for 'build-project-configs' 46.409915999975055ms
Time for 'build typescript dependencies' [33m6.715792000060901[39m
[NX v21.4.1 Daemon Server] - 2025-09-13T16:24:33.233Z - Wrote project graph cache to /Users/3bird/Documents/personal/studycourse/education-site-frontend/.nx/workspace-data/project-graph.json
[NX v21.4.1 Daemon Server] - 2025-09-13T16:24:33.233Z - [SYNC]: collect registered sync generators
[NX v21.4.1 Daemon Server] - 2025-09-13T16:24:33.233Z - [SYNC]: project graph hash is the same, not collecting task sync generators
[NX v21.4.1 Daemon Server] - 2025-09-13T16:24:33.233Z - [SYNC]: nx.json hash is the same, not collecting global sync generators
[NX v21.4.1 Daemon Server] - 2025-09-13T16:24:33.233Z - Time taken for 'total execution time for createProjectGraph()' 37.98645900003612ms
[NX v21.4.1 Daemon Server] - 2025-09-13T16:25:29.466Z - [WATCHER]: Processing file changes in outputs
[NX v21.4.1 Daemon Server] - 2025-09-13T16:25:29.664Z - [WATCHER]: Processing file changes in outputs
[NX v21.4.1 Daemon Server] - 2025-09-13T16:25:29.778Z - [WATCHER]: Processing file changes in outputs
[NX v21.4.1 Daemon Server] - 2025-09-13T16:25:29.906Z - [WATCHER]: Processing file changes in outputs
[NX v21.4.1 Daemon Server] - 2025-09-13T16:26:57.729Z - [WATCHER]: Processing file changes in outputs
[NX v21.4.1 Daemon Server] - 2025-09-13T16:26:57.741Z - [WATCHER]: apps/student/app/global.css was modified
[NX v21.4.1 Daemon Server] - 2025-09-13T16:26:58.384Z - [WATCHER]: Processing file changes in outputs
[NX v21.4.1 Daemon Server] - 2025-09-13T16:26:58.867Z - [WATCHER]: Processing file changes in outputs
[NX v21.4.1 Daemon Server] - 2025-09-13T16:27:01.630Z - [WATCHER]: Processing file changes in outputs
[NX v21.4.1 Daemon Server] - 2025-09-13T16:27:01.636Z - [WATCHER]: apps/student/app/global.css was modified
[NX v21.4.1 Daemon Server] - 2025-09-13T16:27:01.993Z - [WATCHER]: Processing file changes in outputs
[NX v21.4.1 Daemon Server] - 2025-09-13T16:27:02.454Z - [WATCHER]: Processing file changes in outputs
[NX v21.4.1 Daemon Server] - 2025-09-13T16:27:02.501Z - [WATCHER]: Processing file changes in outputs
[NX v21.4.1 Daemon Server] - 2025-09-13T16:27:02.507Z - [WATCHER]: apps/student/app/global.css was modified
[NX v21.4.1 Daemon Server] - 2025-09-13T16:27:02.856Z - [WATCHER]: Processing file changes in outputs
[NX v21.4.1 Daemon Server] - 2025-09-13T16:27:03.312Z - [WATCHER]: Processing file changes in outputs
[NX v21.4.1 Daemon Server] - 2025-09-13T16:27:04.144Z - [REQUEST]: Updated workspace context based on watched changes, recomputing project graph...
[NX v21.4.1 Daemon Server] - 2025-09-13T16:27:04.144Z - [REQUEST]: apps/student/app/global.css
[NX v21.4.1 Daemon Server] - 2025-09-13T16:27:04.144Z - [REQUEST]: 
[NX v21.4.1 Daemon Server] - 2025-09-13T16:27:04.146Z - Time taken for 'hash changed files from watcher' 0.7002080001402646ms
Time for 'nx/core/project-json:createNodes' [33m9.447292000055313[39m
Time for 'nx/core/package-json:createNodes' [33m10.197958000004292[39m
Time for 'nx/js/dependencies-and-lockfile:createNodes' [33m33.660875000059605[39m
[NX v21.4.1 Daemon Server] - 2025-09-13T16:27:04.210Z - Time taken for 'build-project-configs' 55.695709000108764ms
Time for 'build typescript dependencies' [33m4.579041999997571[39m
[NX v21.4.1 Daemon Server] - 2025-09-13T16:27:04.253Z - Wrote project graph cache to /Users/3bird/Documents/personal/studycourse/education-site-frontend/.nx/workspace-data/project-graph.json
[NX v21.4.1 Daemon Server] - 2025-09-13T16:27:04.253Z - [SYNC]: collect registered sync generators
[NX v21.4.1 Daemon Server] - 2025-09-13T16:27:04.253Z - [SYNC]: project graph hash is the same, not collecting task sync generators
[NX v21.4.1 Daemon Server] - 2025-09-13T16:27:04.253Z - [SYNC]: nx.json hash is the same, not collecting global sync generators
[NX v21.4.1 Daemon Server] - 2025-09-13T16:27:04.253Z - Time taken for 'total execution time for createProjectGraph()' 40.59533299994655ms
[NX v21.4.1 Daemon Server] - 2025-09-13T16:27:04.495Z - [WATCHER]: apps/student/app/global.css was modified
[NX v21.4.1 Daemon Server] - 2025-09-13T16:27:04.497Z - [WATCHER]: Processing file changes in outputs
[NX v21.4.1 Daemon Server] - 2025-09-13T16:27:04.902Z - [WATCHER]: Processing file changes in outputs
[NX v21.4.1 Daemon Server] - 2025-09-13T16:27:05.582Z - [WATCHER]: Processing file changes in outputs
[NX v21.4.1 Daemon Server] - 2025-09-13T16:27:10.900Z - [REQUEST]: Updated workspace context based on watched changes, recomputing project graph...
[NX v21.4.1 Daemon Server] - 2025-09-13T16:27:10.901Z - [REQUEST]: apps/student/app/global.css
[NX v21.4.1 Daemon Server] - 2025-09-13T16:27:10.901Z - [REQUEST]: 
[NX v21.4.1 Daemon Server] - 2025-09-13T16:27:10.908Z - Time taken for 'hash changed files from watcher' 1.122082999907434ms
Time for 'nx/core/project-json:createNodes' [33m1.6805000000167638[39m
Time for 'nx/core/package-json:createNodes' [33m8.809000000124797[39m
Time for 'nx/js/dependencies-and-lockfile:createNodes' [33m31.20416700001806[39m
[NX v21.4.1 Daemon Server] - 2025-09-13T16:27:10.955Z - Time taken for 'build-project-configs' 45.30879099993035ms
Time for 'build typescript dependencies' [33m0.026375000132247806[39m
[NX v21.4.1 Daemon Server] - 2025-09-13T16:27:10.989Z - Wrote project graph cache to /Users/3bird/Documents/personal/studycourse/education-site-frontend/.nx/workspace-data/project-graph.json
[NX v21.4.1 Daemon Server] - 2025-09-13T16:27:10.989Z - [SYNC]: collect registered sync generators
[NX v21.4.1 Daemon Server] - 2025-09-13T16:27:10.989Z - [SYNC]: project graph hash is the same, not collecting task sync generators
[NX v21.4.1 Daemon Server] - 2025-09-13T16:27:10.989Z - [SYNC]: nx.json hash is the same, not collecting global sync generators
[NX v21.4.1 Daemon Server] - 2025-09-13T16:27:10.990Z - Time taken for 'total execution time for createProjectGraph()' 31.067917000036687ms
[NX v21.4.1 Daemon Server] - 2025-09-13T16:27:19.730Z - [WATCHER]: Processing file changes in outputs
[NX v21.4.1 Daemon Server] - 2025-09-13T16:27:19.736Z - [WATCHER]: apps/student/app/global.css was modified
[NX v21.4.1 Daemon Server] - 2025-09-13T16:27:19.963Z - [WATCHER]: Processing file changes in outputs
[NX v21.4.1 Daemon Server] - 2025-09-13T16:27:20.361Z - [WATCHER]: Processing file changes in outputs
[NX v21.4.1 Daemon Server] - 2025-09-13T16:27:26.141Z - [REQUEST]: Updated workspace context based on watched changes, recomputing project graph...
[NX v21.4.1 Daemon Server] - 2025-09-13T16:27:26.142Z - [REQUEST]: apps/student/app/global.css
[NX v21.4.1 Daemon Server] - 2025-09-13T16:27:26.142Z - [REQUEST]: 
[NX v21.4.1 Daemon Server] - 2025-09-13T16:27:26.146Z - Time taken for 'hash changed files from watcher' 1.5275419999379665ms
Time for 'nx/core/package-json:createNodes' [33m1.4346669998485595[39m
Time for 'nx/core/project-json:createNodes' [33m1.9015420000068843[39m
Time for 'nx/js/dependencies-and-lockfile:createNodes' [33m39.217583999969065[39m
[NX v21.4.1 Daemon Server] - 2025-09-13T16:27:26.214Z - Time taken for 'build-project-configs' 63.90920899994671ms
Time for 'build typescript dependencies' [33m2.113833000184968[39m
[NX v21.4.1 Daemon Server] - 2025-09-13T16:27:26.249Z - Wrote project graph cache to /Users/3bird/Documents/personal/studycourse/education-site-frontend/.nx/workspace-data/project-graph.json
[NX v21.4.1 Daemon Server] - 2025-09-13T16:27:26.250Z - [SYNC]: collect registered sync generators
[NX v21.4.1 Daemon Server] - 2025-09-13T16:27:26.250Z - [SYNC]: project graph hash is the same, not collecting task sync generators
[NX v21.4.1 Daemon Server] - 2025-09-13T16:27:26.250Z - [SYNC]: nx.json hash is the same, not collecting global sync generators
[NX v21.4.1 Daemon Server] - 2025-09-13T16:27:26.250Z - Time taken for 'total execution time for createProjectGraph()' 33.478292000014335ms
[NX v21.4.1 Daemon Server] - 2025-09-13T16:28:04.194Z - [WATCHER]: apps/student/app/pages/v2/HeroSection/index.tsx was modified
[NX v21.4.1 Daemon Server] - 2025-09-13T16:28:04.195Z - [WATCHER]: Processing file changes in outputs
[NX v21.4.1 Daemon Server] - 2025-09-13T16:28:10.599Z - [REQUEST]: Updated workspace context based on watched changes, recomputing project graph...
[NX v21.4.1 Daemon Server] - 2025-09-13T16:28:10.600Z - [REQUEST]: apps/student/app/pages/v2/HeroSection/index.tsx
[NX v21.4.1 Daemon Server] - 2025-09-13T16:28:10.600Z - [REQUEST]: 
[NX v21.4.1 Daemon Server] - 2025-09-13T16:28:10.604Z - Time taken for 'hash changed files from watcher' 1.0111670000478625ms
Time for 'nx/core/package-json:createNodes' [33m4.614166999934241[39m
Time for 'nx/core/project-json:createNodes' [33m7.36462500016205[39m
Time for 'nx/js/dependencies-and-lockfile:createNodes' [33m29.084584000054747[39m
[NX v21.4.1 Daemon Server] - 2025-09-13T16:28:10.657Z - Time taken for 'build-project-configs' 47.135917000006884ms
Time for 'build typescript dependencies' [33m10.728541999822482[39m
[NX v21.4.1 Daemon Server] - 2025-09-13T16:28:10.712Z - Wrote project graph cache to /Users/3bird/Documents/personal/studycourse/education-site-frontend/.nx/workspace-data/project-graph.json
[NX v21.4.1 Daemon Server] - 2025-09-13T16:28:10.712Z - [SYNC]: collect registered sync generators
[NX v21.4.1 Daemon Server] - 2025-09-13T16:28:10.712Z - [SYNC]: project graph hash is the same, not collecting task sync generators
[NX v21.4.1 Daemon Server] - 2025-09-13T16:28:10.712Z - [SYNC]: nx.json hash is the same, not collecting global sync generators
[NX v21.4.1 Daemon Server] - 2025-09-13T16:28:10.715Z - Time taken for 'total execution time for createProjectGraph()' 54.00424999999814ms
[NX v21.4.1 Daemon Server] - 2025-09-13T16:28:10.917Z - [WATCHER]: Processing file changes in outputs
[NX v21.4.1 Daemon Server] - 2025-09-13T16:28:10.919Z - [WATCHER]: apps/student/app/layout.tsx was modified
[NX v21.4.1 Daemon Server] - 2025-09-13T16:28:16.512Z - [WATCHER]: apps/student/app/page.tsx was modified
[NX v21.4.1 Daemon Server] - 2025-09-13T16:28:16.513Z - [WATCHER]: Processing file changes in outputs
[NX v21.4.1 Daemon Server] - 2025-09-13T16:28:17.322Z - [REQUEST]: Updated workspace context based on watched changes, recomputing project graph...
[NX v21.4.1 Daemon Server] - 2025-09-13T16:28:17.322Z - [REQUEST]: apps/student/app/layout.tsx,apps/student/app/page.tsx
[NX v21.4.1 Daemon Server] - 2025-09-13T16:28:17.322Z - [REQUEST]: 
[NX v21.4.1 Daemon Server] - 2025-09-13T16:28:17.324Z - Time taken for 'hash changed files from watcher' 1.7130829999223351ms
Time for 'nx/core/package-json:createNodes' [33m0.8913329998031259[39m
Time for 'nx/core/project-json:createNodes' [33m1.7237090000417084[39m
Time for 'nx/js/dependencies-and-lockfile:createNodes' [33m9.049832999939099[39m
[NX v21.4.1 Daemon Server] - 2025-09-13T16:28:17.352Z - Time taken for 'build-project-configs' 23.818292000098154ms
Time for 'build typescript dependencies' [33m10.42104099993594[39m
[NX v21.4.1 Daemon Server] - 2025-09-13T16:28:17.396Z - Wrote project graph cache to /Users/3bird/Documents/personal/studycourse/education-site-frontend/.nx/workspace-data/project-graph.json
[NX v21.4.1 Daemon Server] - 2025-09-13T16:28:17.396Z - [SYNC]: collect registered sync generators
[NX v21.4.1 Daemon Server] - 2025-09-13T16:28:17.396Z - [SYNC]: project graph hash is the same, not collecting task sync generators
[NX v21.4.1 Daemon Server] - 2025-09-13T16:28:17.396Z - [SYNC]: nx.json hash is the same, not collecting global sync generators
[NX v21.4.1 Daemon Server] - 2025-09-13T16:28:17.396Z - Time taken for 'total execution time for createProjectGraph()' 40.16654200013727ms
[NX v21.4.1 Daemon Server] - 2025-09-13T16:28:20.194Z - [WATCHER]: Processing file changes in outputs
[NX v21.4.1 Daemon Server] - 2025-09-13T16:28:20.214Z - [WATCHER]: apps/student/app/pages/v2/HeroSection/index.tsx was modified
[NX v21.4.1 Daemon Server] - 2025-09-13T16:28:25.622Z - [WATCHER]: apps/student/app/layout.tsx was modified
[NX v21.4.1 Daemon Server] - 2025-09-13T16:28:25.623Z - [WATCHER]: Processing file changes in outputs
[NX v21.4.1 Daemon Server] - 2025-09-13T16:28:26.615Z - [REQUEST]: Updated workspace context based on watched changes, recomputing project graph...
[NX v21.4.1 Daemon Server] - 2025-09-13T16:28:26.615Z - [REQUEST]: apps/student/app/pages/v2/HeroSection/index.tsx,apps/student/app/layout.tsx
[NX v21.4.1 Daemon Server] - 2025-09-13T16:28:26.615Z - [REQUEST]: 
[NX v21.4.1 Daemon Server] - 2025-09-13T16:28:26.618Z - Time taken for 'hash changed files from watcher' 0.6682909999508411ms
Time for 'nx/core/package-json:createNodes' [33m0.9714999999850988[39m
Time for 'nx/core/project-json:createNodes' [33m1.6667920001782477[39m
Time for 'nx/js/dependencies-and-lockfile:createNodes' [33m11.220708000008017[39m
[NX v21.4.1 Daemon Server] - 2025-09-13T16:28:26.645Z - Time taken for 'build-project-configs' 24.785166000016034ms
Time for 'build typescript dependencies' [33m0.01924999989569187[39m
[NX v21.4.1 Daemon Server] - 2025-09-13T16:28:26.670Z - Wrote project graph cache to /Users/3bird/Documents/personal/studycourse/education-site-frontend/.nx/workspace-data/project-graph.json
[NX v21.4.1 Daemon Server] - 2025-09-13T16:28:26.670Z - [SYNC]: collect registered sync generators
[NX v21.4.1 Daemon Server] - 2025-09-13T16:28:26.670Z - [SYNC]: project graph hash is the same, not collecting task sync generators
[NX v21.4.1 Daemon Server] - 2025-09-13T16:28:26.670Z - [SYNC]: nx.json hash is the same, not collecting global sync generators
[NX v21.4.1 Daemon Server] - 2025-09-13T16:28:26.670Z - Time taken for 'total execution time for createProjectGraph()' 20.033500000135973ms
[NX v21.4.1 Daemon Server] - 2025-09-13T16:28:30.455Z - [WATCHER]: apps/student/app/global.css was modified
[NX v21.4.1 Daemon Server] - 2025-09-13T16:28:30.455Z - [WATCHER]: Processing file changes in outputs
[NX v21.4.1 Daemon Server] - 2025-09-13T16:28:36.860Z - [REQUEST]: Updated workspace context based on watched changes, recomputing project graph...
[NX v21.4.1 Daemon Server] - 2025-09-13T16:28:36.860Z - [REQUEST]: apps/student/app/global.css
[NX v21.4.1 Daemon Server] - 2025-09-13T16:28:36.860Z - [REQUEST]: 
[NX v21.4.1 Daemon Server] - 2025-09-13T16:28:36.866Z - Time taken for 'hash changed files from watcher' 0.7321250000968575ms
Time for 'nx/core/package-json:createNodes' [33m1.1112500000745058[39m
Time for 'nx/core/project-json:createNodes' [33m1.7506670001894236[39m
Time for 'nx/js/dependencies-and-lockfile:createNodes' [33m9.523832999868318[39m
[NX v21.4.1 Daemon Server] - 2025-09-13T16:28:36.897Z - Time taken for 'build-project-configs' 27.544040999840945ms
Time for 'build typescript dependencies' [33m0.032792000100016594[39m
[NX v21.4.1 Daemon Server] - 2025-09-13T16:28:36.936Z - Wrote project graph cache to /Users/3bird/Documents/personal/studycourse/education-site-frontend/.nx/workspace-data/project-graph.json
[NX v21.4.1 Daemon Server] - 2025-09-13T16:28:36.936Z - [SYNC]: collect registered sync generators
[NX v21.4.1 Daemon Server] - 2025-09-13T16:28:36.936Z - [SYNC]: project graph hash is the same, not collecting task sync generators
[NX v21.4.1 Daemon Server] - 2025-09-13T16:28:36.936Z - [SYNC]: nx.json hash is the same, not collecting global sync generators
[NX v21.4.1 Daemon Server] - 2025-09-13T16:28:36.936Z - Time taken for 'total execution time for createProjectGraph()' 35.30108299991116ms
[NX v21.4.1 Daemon Server] - 2025-09-13T16:28:39.956Z - [WATCHER]: apps/student/components/v2/Navbar.tsx was modified
[NX v21.4.1 Daemon Server] - 2025-09-13T16:28:39.956Z - [WATCHER]: Processing file changes in outputs
[NX v21.4.1 Daemon Server] - 2025-09-13T16:28:46.360Z - [REQUEST]: Updated workspace context based on watched changes, recomputing project graph...
[NX v21.4.1 Daemon Server] - 2025-09-13T16:28:46.360Z - [REQUEST]: apps/student/components/v2/Navbar.tsx
[NX v21.4.1 Daemon Server] - 2025-09-13T16:28:46.360Z - [REQUEST]: 
[NX v21.4.1 Daemon Server] - 2025-09-13T16:28:46.366Z - Time taken for 'hash changed files from watcher' 0.9622499998658895ms
Time for 'nx/core/package-json:createNodes' [33m1.8143329999875277[39m
Time for 'nx/core/project-json:createNodes' [33m2.1857499999459833[39m
Time for 'nx/js/dependencies-and-lockfile:createNodes' [33m11.334250000072643[39m
[NX v21.4.1 Daemon Server] - 2025-09-13T16:28:46.392Z - Time taken for 'build-project-configs' 25.163207999896258ms
DEBUG nx::native::plugins::js::ts_import_locators: /Users/3bird/Documents/personal/studycourse/education-site-frontend/apps/student/components/v2/Navbar.tsx:496:15 Unexpected token. Did you mean `{'>'}` or `&gt;`?
Time for 'build typescript dependencies' [33m7.562582999933511[39m
[NX v21.4.1 Daemon Server] - 2025-09-13T16:28:46.442Z - Wrote project graph cache to /Users/3bird/Documents/personal/studycourse/education-site-frontend/.nx/workspace-data/project-graph.json
[NX v21.4.1 Daemon Server] - 2025-09-13T16:28:46.442Z - [SYNC]: collect registered sync generators
[NX v21.4.1 Daemon Server] - 2025-09-13T16:28:46.442Z - [SYNC]: project graph hash is the same, not collecting task sync generators
[NX v21.4.1 Daemon Server] - 2025-09-13T16:28:46.442Z - [SYNC]: nx.json hash is the same, not collecting global sync generators
[NX v21.4.1 Daemon Server] - 2025-09-13T16:28:46.442Z - Time taken for 'total execution time for createProjectGraph()' 46.925332999788225ms
[NX v21.4.1 Daemon Server] - 2025-09-13T16:28:58.342Z - [WATCHER]: Processing file changes in outputs
[NX v21.4.1 Daemon Server] - 2025-09-13T16:28:58.346Z - [WATCHER]: 0 file(s) created or restored, 5 file(s) modified, 0 file(s) deleted
[NX v21.4.1 Daemon Server] - 2025-09-13T16:29:00.040Z - [WATCHER]: Processing file changes in outputs
[NX v21.4.1 Daemon Server] - 2025-09-13T16:29:00.042Z - [WATCHER]: apps/student/components/v2/Navbar.tsx was modified
[NX v21.4.1 Daemon Server] - 2025-09-13T16:29:04.751Z - [REQUEST]: Updated workspace context based on watched changes, recomputing project graph...
[NX v21.4.1 Daemon Server] - 2025-09-13T16:29:04.752Z - [REQUEST]: apps/student/components/v2/Navbar.tsx,apps/student/app/pages/v2/HeroSection/index.tsx,apps/student/app/page.tsx,apps/student/app/global.css,apps/student/app/layout.tsx
[NX v21.4.1 Daemon Server] - 2025-09-13T16:29:04.752Z - [REQUEST]: 
[NX v21.4.1 Daemon Server] - 2025-09-13T16:29:04.755Z - Time taken for 'hash changed files from watcher' 1.3107079998590052ms
Time for 'nx/core/package-json:createNodes' [33m1.2694590000901371[39m
Time for 'nx/core/project-json:createNodes' [33m1.885416999924928[39m
Time for 'nx/js/dependencies-and-lockfile:createNodes' [33m10.57412500004284[39m
[NX v21.4.1 Daemon Server] - 2025-09-13T16:29:04.782Z - Time taken for 'build-project-configs' 22.90895799989812ms
Time for 'build typescript dependencies' [33m0.031583999982103705[39m
[NX v21.4.1 Daemon Server] - 2025-09-13T16:29:04.823Z - Wrote project graph cache to /Users/3bird/Documents/personal/studycourse/education-site-frontend/.nx/workspace-data/project-graph.json
[NX v21.4.1 Daemon Server] - 2025-09-13T16:29:04.823Z - [SYNC]: collect registered sync generators
[NX v21.4.1 Daemon Server] - 2025-09-13T16:29:04.824Z - [SYNC]: project graph hash is the same, not collecting task sync generators
[NX v21.4.1 Daemon Server] - 2025-09-13T16:29:04.824Z - [SYNC]: nx.json hash is the same, not collecting global sync generators
[NX v21.4.1 Daemon Server] - 2025-09-13T16:29:04.824Z - Time taken for 'total execution time for createProjectGraph()' 38.14687500009313ms
[NX v21.4.1 Daemon Server] - 2025-09-13T16:29:05.149Z - [WATCHER]: apps/student/app/pages/v2/HeroSection/index.tsx was modified
[NX v21.4.1 Daemon Server] - 2025-09-13T16:29:05.149Z - [WATCHER]: Processing file changes in outputs
[NX v21.4.1 Daemon Server] - 2025-09-13T16:29:05.941Z - [WATCHER]: Processing file changes in outputs
[NX v21.4.1 Daemon Server] - 2025-09-13T16:29:06.137Z - [WATCHER]: Processing file changes in outputs
[NX v21.4.1 Daemon Server] - 2025-09-13T16:29:07.128Z - [WATCHER]: Processing file changes in outputs
[NX v21.4.1 Daemon Server] - 2025-09-13T16:29:07.132Z - [WATCHER]: apps/student/app/pages/v2/HeroSection/index.tsx was modified
[NX v21.4.1 Daemon Server] - 2025-09-13T16:29:07.502Z - [WATCHER]: Processing file changes in outputs
[NX v21.4.1 Daemon Server] - 2025-09-13T16:29:07.690Z - [WATCHER]: Processing file changes in outputs
[NX v21.4.1 Daemon Server] - 2025-09-13T16:29:11.551Z - [REQUEST]: Updated workspace context based on watched changes, recomputing project graph...
[NX v21.4.1 Daemon Server] - 2025-09-13T16:29:11.552Z - [REQUEST]: apps/student/app/pages/v2/HeroSection/index.tsx
[NX v21.4.1 Daemon Server] - 2025-09-13T16:29:11.552Z - [REQUEST]: 
[NX v21.4.1 Daemon Server] - 2025-09-13T16:29:11.558Z - Time taken for 'hash changed files from watcher' 1.0362499998882413ms
Time for 'nx/core/package-json:createNodes' [33m1.3360000001266599[39m
Time for 'nx/core/project-json:createNodes' [33m2.2665410002227873[39m
Time for 'nx/js/dependencies-and-lockfile:createNodes' [33m18.65795799996704[39m
[NX v21.4.1 Daemon Server] - 2025-09-13T16:29:11.595Z - Time taken for 'build-project-configs' 35.06162500008941ms
Time for 'build typescript dependencies' [33m5.232833999907598[39m
[NX v21.4.1 Daemon Server] - 2025-09-13T16:29:11.646Z - Wrote project graph cache to /Users/3bird/Documents/personal/studycourse/education-site-frontend/.nx/workspace-data/project-graph.json
[NX v21.4.1 Daemon Server] - 2025-09-13T16:29:11.646Z - [SYNC]: collect registered sync generators
[NX v21.4.1 Daemon Server] - 2025-09-13T16:29:11.647Z - [SYNC]: project graph hash is the same, not collecting task sync generators
[NX v21.4.1 Daemon Server] - 2025-09-13T16:29:11.647Z - [SYNC]: nx.json hash is the same, not collecting global sync generators
[NX v21.4.1 Daemon Server] - 2025-09-13T16:29:11.647Z - Time taken for 'total execution time for createProjectGraph()' 44.62237500003539ms
[NX v21.4.1 Daemon Server] - 2025-09-13T16:30:03.916Z - [WATCHER]: apps/student/components/v2/Navbar.tsx was modified
[NX v21.4.1 Daemon Server] - 2025-09-13T16:30:03.919Z - [WATCHER]: Processing file changes in outputs
[NX v21.4.1 Daemon Server] - 2025-09-13T16:30:04.382Z - [WATCHER]: Processing file changes in outputs
[NX v21.4.1 Daemon Server] - 2025-09-13T16:30:04.742Z - [WATCHER]: Processing file changes in outputs
[NX v21.4.1 Daemon Server] - 2025-09-13T16:30:04.858Z - [WATCHER]: Processing file changes in outputs
[NX v21.4.1 Daemon Server] - 2025-09-13T16:30:05.561Z - [WATCHER]: Processing file changes in outputs
[NX v21.4.1 Daemon Server] - 2025-09-13T16:30:10.321Z - [REQUEST]: Updated workspace context based on watched changes, recomputing project graph...
[NX v21.4.1 Daemon Server] - 2025-09-13T16:30:10.322Z - [REQUEST]: apps/student/components/v2/Navbar.tsx
[NX v21.4.1 Daemon Server] - 2025-09-13T16:30:10.322Z - [REQUEST]: 
[NX v21.4.1 Daemon Server] - 2025-09-13T16:30:10.324Z - Time taken for 'hash changed files from watcher' 0.9576659998856485ms
Time for 'nx/core/package-json:createNodes' [33m1.6429169999901205[39m
Time for 'nx/core/project-json:createNodes' [33m2.590667000040412[39m
Time for 'nx/js/dependencies-and-lockfile:createNodes' [33m14.157916000112891[39m
[NX v21.4.1 Daemon Server] - 2025-09-13T16:30:10.369Z - Time taken for 'build-project-configs' 32.85904200002551ms
Time for 'build typescript dependencies' [33m5.728041999973357[39m
[NX v21.4.1 Daemon Server] - 2025-09-13T16:30:10.418Z - Wrote project graph cache to /Users/3bird/Documents/personal/studycourse/education-site-frontend/.nx/workspace-data/project-graph.json
[NX v21.4.1 Daemon Server] - 2025-09-13T16:30:10.418Z - [SYNC]: collect registered sync generators
[NX v21.4.1 Daemon Server] - 2025-09-13T16:30:10.418Z - [SYNC]: project graph hash is the same, not collecting task sync generators
[NX v21.4.1 Daemon Server] - 2025-09-13T16:30:10.418Z - [SYNC]: nx.json hash is the same, not collecting global sync generators
[NX v21.4.1 Daemon Server] - 2025-09-13T16:30:10.418Z - Time taken for 'total execution time for createProjectGraph()' 51.03545800014399ms
[NX v21.4.1 Daemon Server] - 2025-09-13T16:30:19.845Z - [WATCHER]: apps/student/components/v2/Navbar.tsx was modified
[NX v21.4.1 Daemon Server] - 2025-09-13T16:30:19.846Z - [WATCHER]: Processing file changes in outputs
[NX v21.4.1 Daemon Server] - 2025-09-13T16:30:20.036Z - [WATCHER]: Processing file changes in outputs
[NX v21.4.1 Daemon Server] - 2025-09-13T16:30:20.198Z - [WATCHER]: Processing file changes in outputs
[NX v21.4.1 Daemon Server] - 2025-09-13T16:30:26.251Z - [REQUEST]: Updated workspace context based on watched changes, recomputing project graph...
[NX v21.4.1 Daemon Server] - 2025-09-13T16:30:26.251Z - [REQUEST]: apps/student/components/v2/Navbar.tsx
[NX v21.4.1 Daemon Server] - 2025-09-13T16:30:26.251Z - [REQUEST]: 
[NX v21.4.1 Daemon Server] - 2025-09-13T16:30:26.256Z - Time taken for 'hash changed files from watcher' 1.5077919999603182ms
Time for 'nx/core/package-json:createNodes' [33m1.9723339998163283[39m
Time for 'nx/core/project-json:createNodes' [33m2.3523329999297857[39m
Time for 'nx/js/dependencies-and-lockfile:createNodes' [33m23.533707999857143[39m
[NX v21.4.1 Daemon Server] - 2025-09-13T16:30:26.301Z - Time taken for 'build-project-configs' 40.8037080001086ms
Time for 'build typescript dependencies' [33m5.12970900000073[39m
[NX v21.4.1 Daemon Server] - 2025-09-13T16:30:26.342Z - Wrote project graph cache to /Users/3bird/Documents/personal/studycourse/education-site-frontend/.nx/workspace-data/project-graph.json
[NX v21.4.1 Daemon Server] - 2025-09-13T16:30:26.342Z - [SYNC]: collect registered sync generators
[NX v21.4.1 Daemon Server] - 2025-09-13T16:30:26.342Z - [SYNC]: project graph hash is the same, not collecting task sync generators
[NX v21.4.1 Daemon Server] - 2025-09-13T16:30:26.342Z - [SYNC]: nx.json hash is the same, not collecting global sync generators
[NX v21.4.1 Daemon Server] - 2025-09-13T16:30:26.342Z - Time taken for 'total execution time for createProjectGraph()' 38.69416600000113ms
[NX v21.4.1 Daemon Server] - 2025-09-13T16:30:29.932Z - [WATCHER]: apps/student/components/v2/Navbar.tsx was modified
[NX v21.4.1 Daemon Server] - 2025-09-13T16:30:29.933Z - [WATCHER]: Processing file changes in outputs
[NX v21.4.1 Daemon Server] - 2025-09-13T16:30:30.225Z - [WATCHER]: Processing file changes in outputs
[NX v21.4.1 Daemon Server] - 2025-09-13T16:30:30.430Z - [WATCHER]: Processing file changes in outputs
[NX v21.4.1 Daemon Server] - 2025-09-13T16:30:30.875Z - [WATCHER]: Processing file changes in outputs
[NX v21.4.1 Daemon Server] - 2025-09-13T16:30:30.885Z - [WATCHER]: apps/student/components/v2/Navbar.tsx was modified
[NX v21.4.1 Daemon Server] - 2025-09-13T16:30:31.103Z - [WATCHER]: Processing file changes in outputs
[NX v21.4.1 Daemon Server] - 2025-09-13T16:30:31.250Z - [WATCHER]: Processing file changes in outputs
[NX v21.4.1 Daemon Server] - 2025-09-13T16:30:33.294Z - [WATCHER]: apps/student/components/v2/Navbar.tsx was modified
[NX v21.4.1 Daemon Server] - 2025-09-13T16:30:33.295Z - [WATCHER]: Processing file changes in outputs
[NX v21.4.1 Daemon Server] - 2025-09-13T16:30:33.602Z - [WATCHER]: Processing file changes in outputs
[NX v21.4.1 Daemon Server] - 2025-09-13T16:30:36.335Z - [REQUEST]: Updated workspace context based on watched changes, recomputing project graph...
[NX v21.4.1 Daemon Server] - 2025-09-13T16:30:36.336Z - [REQUEST]: apps/student/components/v2/Navbar.tsx
[NX v21.4.1 Daemon Server] - 2025-09-13T16:30:36.336Z - [REQUEST]: 
[NX v21.4.1 Daemon Server] - 2025-09-13T16:30:36.338Z - Time taken for 'hash changed files from watcher' 0.6177090001292527ms
Time for 'nx/core/package-json:createNodes' [33m0.9333750000223517[39m
Time for 'nx/core/project-json:createNodes' [33m2.213791999965906[39m
Time for 'nx/js/dependencies-and-lockfile:createNodes' [33m10.492165999952704[39m
[NX v21.4.1 Daemon Server] - 2025-09-13T16:30:36.376Z - Time taken for 'build-project-configs' 32.96333299996331ms
DEBUG nx::native::plugins::js::ts_import_locators: /Users/3bird/Documents/personal/studycourse/education-site-frontend/apps/student/components/v2/Navbar.tsx:496:15 Unexpected token. Did you mean `{'>'}` or `&gt;`?
Time for 'build typescript dependencies' [33m6.689125000033528[39m
[NX v21.4.1 Daemon Server] - 2025-09-13T16:30:36.416Z - Wrote project graph cache to /Users/3bird/Documents/personal/studycourse/education-site-frontend/.nx/workspace-data/project-graph.json
[NX v21.4.1 Daemon Server] - 2025-09-13T16:30:36.416Z - [SYNC]: collect registered sync generators
[NX v21.4.1 Daemon Server] - 2025-09-13T16:30:36.417Z - [SYNC]: project graph hash is the same, not collecting task sync generators
[NX v21.4.1 Daemon Server] - 2025-09-13T16:30:36.417Z - [SYNC]: nx.json hash is the same, not collecting global sync generators
[NX v21.4.1 Daemon Server] - 2025-09-13T16:30:36.417Z - Time taken for 'total execution time for createProjectGraph()' 34.40750000020489ms
[NX v21.4.1 Daemon Server] - 2025-09-13T16:31:08.140Z - [WATCHER]: apps/student/components/v2/Navbar.tsx was modified
[NX v21.4.1 Daemon Server] - 2025-09-13T16:31:08.141Z - [WATCHER]: Processing file changes in outputs
[NX v21.4.1 Daemon Server] - 2025-09-13T16:31:08.473Z - [WATCHER]: Processing file changes in outputs
[NX v21.4.1 Daemon Server] - 2025-09-13T16:31:08.958Z - [WATCHER]: apps/student/components/v2/Navbar.tsx was modified
[NX v21.4.1 Daemon Server] - 2025-09-13T16:31:08.958Z - [WATCHER]: Processing file changes in outputs
[NX v21.4.1 Daemon Server] - 2025-09-13T16:31:09.361Z - [WATCHER]: Processing file changes in outputs
[NX v21.4.1 Daemon Server] - 2025-09-13T16:31:09.938Z - [WATCHER]: Processing file changes in outputs
[NX v21.4.1 Daemon Server] - 2025-09-13T16:31:10.443Z - [WATCHER]: apps/student/components/v2/Navbar.tsx was modified
[NX v21.4.1 Daemon Server] - 2025-09-13T16:31:10.443Z - [WATCHER]: Processing file changes in outputs
[NX v21.4.1 Daemon Server] - 2025-09-13T16:31:10.618Z - [WATCHER]: Processing file changes in outputs
[NX v21.4.1 Daemon Server] - 2025-09-13T16:31:10.685Z - [WATCHER]: apps/student/components/v2/Navbar.tsx was modified
[NX v21.4.1 Daemon Server] - 2025-09-13T16:31:10.685Z - [WATCHER]: Processing file changes in outputs
[NX v21.4.1 Daemon Server] - 2025-09-13T16:31:10.757Z - [WATCHER]: Processing file changes in outputs
[NX v21.4.1 Daemon Server] - 2025-09-13T16:31:10.913Z - [WATCHER]: Processing file changes in outputs
[NX v21.4.1 Daemon Server] - 2025-09-13T16:31:11.141Z - [WATCHER]: Processing file changes in outputs
[NX v21.4.1 Daemon Server] - 2025-09-13T16:31:14.550Z - [REQUEST]: Updated workspace context based on watched changes, recomputing project graph...
[NX v21.4.1 Daemon Server] - 2025-09-13T16:31:14.551Z - [REQUEST]: apps/student/components/v2/Navbar.tsx
[NX v21.4.1 Daemon Server] - 2025-09-13T16:31:14.551Z - [REQUEST]: 
[NX v21.4.1 Daemon Server] - 2025-09-13T16:31:14.557Z - Time taken for 'hash changed files from watcher' 1.7654169998131692ms
Time for 'nx/core/package-json:createNodes' [33m1.1345000001601875[39m
Time for 'nx/core/project-json:createNodes' [33m2.9573329999111593[39m
Time for 'nx/js/dependencies-and-lockfile:createNodes' [33m18.4130830001086[39m
[NX v21.4.1 Daemon Server] - 2025-09-13T16:31:14.603Z - Time taken for 'build-project-configs' 39.991707999957725ms
Time for 'build typescript dependencies' [33m3.5625[39m
[NX v21.4.1 Daemon Server] - 2025-09-13T16:31:14.641Z - Wrote project graph cache to /Users/3bird/Documents/personal/studycourse/education-site-frontend/.nx/workspace-data/project-graph.json
[NX v21.4.1 Daemon Server] - 2025-09-13T16:31:14.641Z - [SYNC]: collect registered sync generators
[NX v21.4.1 Daemon Server] - 2025-09-13T16:31:14.641Z - [SYNC]: project graph hash is the same, not collecting task sync generators
[NX v21.4.1 Daemon Server] - 2025-09-13T16:31:14.641Z - [SYNC]: nx.json hash is the same, not collecting global sync generators
[NX v21.4.1 Daemon Server] - 2025-09-13T16:31:14.641Z - Time taken for 'total execution time for createProjectGraph()' 37.41570800007321ms
[NX v21.4.1 Daemon Server] - 2025-09-13T16:32:11.901Z - [WATCHER]: Processing file changes in outputs
[NX v21.4.1 Daemon Server] - 2025-09-13T16:32:12.544Z - [WATCHER]: Processing file changes in outputs
[NX v21.4.1 Daemon Server] - 2025-09-13T16:32:12.610Z - [WATCHER]: Processing file changes in outputs
[NX v21.4.1 Daemon Server] - 2025-09-13T16:32:12.661Z - [WATCHER]: Processing file changes in outputs
[NX v21.4.1 Daemon Server] - 2025-09-13T16:32:12.765Z - [WATCHER]: Processing file changes in outputs
[NX v21.4.1 Daemon Server] - 2025-09-13T16:32:13.021Z - [WATCHER]: Processing file changes in outputs
[NX v21.4.1 Daemon Server] - 2025-09-13T16:32:13.315Z - [WATCHER]: Processing file changes in outputs
[NX v21.4.1 Daemon Server] - 2025-09-13T16:32:33.069Z - Established a connection. Number of open connections: 4
[NX v21.4.1 Daemon Server] - 2025-09-13T16:32:33.071Z - Established a connection. Number of open connections: 5
[NX v21.4.1 Daemon Server] - 2025-09-13T16:32:33.073Z - Closed a connection. Number of open connections: 4
[NX v21.4.1 Daemon Server] - 2025-09-13T16:32:33.077Z - [REQUEST]: Client Request for Project Graph Received
[NX v21.4.1 Daemon Server] - 2025-09-13T16:32:33.077Z - Reusing in-memory cached project graph because no files changed.
[NX v21.4.1 Daemon Server] - 2025-09-13T16:32:33.078Z - [REQUEST]: Responding to the client. project-graph
[NX v21.4.1 Daemon Server] - 2025-09-13T16:32:33.079Z - Time taken for 'total for creating and serializing project graph' 0.6474999999627471ms
[NX v21.4.1 Daemon Server] - 2025-09-13T16:32:33.081Z - Done responding to the client project-graph
[NX v21.4.1 Daemon Server] - 2025-09-13T16:32:33.081Z - Handled REQUEST_PROJECT_GRAPH. Handling time: 1. Response time: 3.
[NX v21.4.1 Daemon Server] - 2025-09-13T16:32:33.087Z - [REQUEST]: Responding to the client. handleRunPreTasksExecution
[NX v21.4.1 Daemon Server] - 2025-09-13T16:32:33.087Z - Done responding to the client handleRunPreTasksExecution
[NX v21.4.1 Daemon Server] - 2025-09-13T16:32:33.087Z - Handled PRE_TASKS_EXECUTION. Handling time: 0. Response time: 0.
[NX v21.4.1 Daemon Server] - 2025-09-13T16:32:33.087Z - Time taken for 'preTasksExecution' 0.13570900005288422ms
[NX v21.4.1 Daemon Server] - 2025-09-13T16:32:33.163Z - Reusing in-memory cached project graph because no files changed.
DEBUG nx::native::tasks::task_hasher: plan length: 1
DEBUG nx::native::tasks::hashers::hash_workspace_files: Hashing workspace fileset{cache_key="nx.json,.gitignore,.nxignore"}: Adding "2913894268036001599" (".gitignore") to hash
DEBUG nx::native::tasks::hashers::hash_workspace_files: Hashing workspace fileset{cache_key="nx.json,.gitignore,.nxignore"}: Adding "3619439782444644385" ("nx.json") to hash
DEBUG nx::native::tasks::hashers::hash_workspace_files: Hashing workspace fileset{cache_key="nx.json,.gitignore,.nxignore"}: Hash Value: "12630403656253729768"
[NX v21.4.1 Daemon Server] - 2025-09-13T16:32:33.197Z - [REQUEST]: Responding to the client. handleHashTasks
[NX v21.4.1 Daemon Server] - 2025-09-13T16:32:33.198Z - Done responding to the client handleHashTasks
[NX v21.4.1 Daemon Server] - 2025-09-13T16:32:33.198Z - Handled HASH_TASKS. Handling time: 34. Response time: 1.
[NX v21.4.1 Daemon Server] - 2025-09-13T16:32:33.267Z - [REQUEST]: Responding to the client. handleGetEstimatedTaskTimings
[NX v21.4.1 Daemon Server] - 2025-09-13T16:32:33.267Z - Done responding to the client handleGetEstimatedTaskTimings
[NX v21.4.1 Daemon Server] - 2025-09-13T16:32:33.267Z - Handled GET_ESTIMATED_TASK_TIMINGS. Handling time: 1. Response time: 0.
[NX v21.4.1 Daemon Server] - 2025-09-13T16:32:34.654Z - Established a connection. Number of open connections: 5
[NX v21.4.1 Daemon Server] - 2025-09-13T16:32:34.658Z - Established a connection. Number of open connections: 6
[NX v21.4.1 Daemon Server] - 2025-09-13T16:32:34.658Z - Closed a connection. Number of open connections: 5
[NX v21.4.1 Daemon Server] - 2025-09-13T16:32:34.662Z - [REQUEST]: Client Request for Project Graph Received
[NX v21.4.1 Daemon Server] - 2025-09-13T16:32:34.663Z - Reusing in-memory cached project graph because no files changed.
[NX v21.4.1 Daemon Server] - 2025-09-13T16:32:34.663Z - [REQUEST]: Responding to the client. project-graph
[NX v21.4.1 Daemon Server] - 2025-09-13T16:32:34.664Z - Time taken for 'total for creating and serializing project graph' 0.6855000001378357ms
[NX v21.4.1 Daemon Server] - 2025-09-13T16:32:34.670Z - Done responding to the client project-graph
[NX v21.4.1 Daemon Server] - 2025-09-13T16:32:34.670Z - Handled REQUEST_PROJECT_GRAPH. Handling time: 1. Response time: 7.
[NX v21.4.1 Daemon Server] - 2025-09-13T16:32:35.583Z - Established a connection. Number of open connections: 6
[NX v21.4.1 Daemon Server] - 2025-09-13T16:32:35.584Z - Closed a connection. Number of open connections: 5
[NX v21.4.1 Daemon Server] - 2025-09-13T16:32:35.585Z - Established a connection. Number of open connections: 6
[NX v21.4.1 Daemon Server] - 2025-09-13T16:32:35.586Z - [REQUEST]: Client Request for Project Graph Received
[NX v21.4.1 Daemon Server] - 2025-09-13T16:32:35.586Z - Reusing in-memory cached project graph because no files changed.
[NX v21.4.1 Daemon Server] - 2025-09-13T16:32:35.586Z - [REQUEST]: Responding to the client. project-graph
[NX v21.4.1 Daemon Server] - 2025-09-13T16:32:35.589Z - Time taken for 'total for creating and serializing project graph' 0.3255830002017319ms
[NX v21.4.1 Daemon Server] - 2025-09-13T16:32:35.591Z - Done responding to the client project-graph
[NX v21.4.1 Daemon Server] - 2025-09-13T16:32:35.591Z - Handled REQUEST_PROJECT_GRAPH. Handling time: 0. Response time: 5.
[NX v21.4.1 Daemon Server] - 2025-09-13T16:32:35.710Z - [REQUEST]: Client Request for Project Graph Received
[NX v21.4.1 Daemon Server] - 2025-09-13T16:32:35.710Z - Reusing in-memory cached project graph because no files changed.
[NX v21.4.1 Daemon Server] - 2025-09-13T16:32:35.710Z - [REQUEST]: Responding to the client. project-graph
[NX v21.4.1 Daemon Server] - 2025-09-13T16:32:35.712Z - Time taken for 'total for creating and serializing project graph' 0.18195899995043874ms
[NX v21.4.1 Daemon Server] - 2025-09-13T16:32:35.721Z - Done responding to the client project-graph
[NX v21.4.1 Daemon Server] - 2025-09-13T16:32:35.721Z - Handled REQUEST_PROJECT_GRAPH. Handling time: 0. Response time: 11.
[NX v21.4.1 Daemon Server] - 2025-09-13T16:32:36.600Z - [WATCHER]: Processing file changes in outputs
[NX v21.4.1 Daemon Server] - 2025-09-13T16:32:36.654Z - [WATCHER]: Processing file changes in outputs
[NX v21.4.1 Daemon Server] - 2025-09-13T16:32:38.041Z - [WATCHER]: Processing file changes in outputs
[NX v21.4.1 Daemon Server] - 2025-09-13T16:32:38.320Z - [REQUEST]: Client Request for Project Graph Received
[NX v21.4.1 Daemon Server] - 2025-09-13T16:32:38.320Z - Reusing in-memory cached project graph because no files changed.
[NX v21.4.1 Daemon Server] - 2025-09-13T16:32:38.320Z - [REQUEST]: Responding to the client. project-graph
[NX v21.4.1 Daemon Server] - 2025-09-13T16:32:38.322Z - Time taken for 'total for creating and serializing project graph' 0.3847090001218021ms
[NX v21.4.1 Daemon Server] - 2025-09-13T16:32:38.322Z - [WATCHER]: Processing file changes in outputs
[NX v21.4.1 Daemon Server] - 2025-09-13T16:32:38.330Z - Done responding to the client project-graph
[NX v21.4.1 Daemon Server] - 2025-09-13T16:32:38.330Z - Handled REQUEST_PROJECT_GRAPH. Handling time: 0. Response time: 10.
[NX v21.4.1 Daemon Server] - 2025-09-13T16:32:38.379Z - [WATCHER]: Processing file changes in outputs
[NX v21.4.1 Daemon Server] - 2025-09-13T16:32:40.262Z - [WATCHER]: Processing file changes in outputs
[NX v21.4.1 Daemon Server] - 2025-09-13T16:32:50.411Z - [WATCHER]: Processing file changes in outputs
[NX v21.4.1 Daemon Server] - 2025-09-13T16:32:53.681Z - [WATCHER]: Processing file changes in outputs
[NX v21.4.1 Daemon Server] - 2025-09-13T16:32:53.856Z - [WATCHER]: Processing file changes in outputs
[NX v21.4.1 Daemon Server] - 2025-09-13T16:32:54.882Z - [WATCHER]: Processing file changes in outputs
[NX v21.4.1 Daemon Server] - 2025-09-13T16:32:57.737Z - [WATCHER]: Processing file changes in outputs
[NX v21.4.1 Daemon Server] - 2025-09-13T16:32:57.828Z - [WATCHER]: Processing file changes in outputs
[NX v21.4.1 Daemon Server] - 2025-09-13T16:32:58.679Z - [WATCHER]: Processing file changes in outputs
[NX v21.4.1 Daemon Server] - 2025-09-13T16:32:58.752Z - [WATCHER]: Processing file changes in outputs
[NX v21.4.1 Daemon Server] - 2025-09-13T16:32:59.387Z - [WATCHER]: Processing file changes in outputs
[NX v21.4.1 Daemon Server] - 2025-09-13T16:32:59.528Z - [WATCHER]: Processing file changes in outputs
[NX v21.4.1 Daemon Server] - 2025-09-13T16:33:02.273Z - [WATCHER]: Processing file changes in outputs
[NX v21.4.1 Daemon Server] - 2025-09-13T16:33:03.157Z - [WATCHER]: Processing file changes in outputs
[NX v21.4.1 Daemon Server] - 2025-09-13T16:33:09.379Z - [WATCHER]: Processing file changes in outputs
[NX v21.4.1 Daemon Server] - 2025-09-13T16:33:11.004Z - [WATCHER]: Processing file changes in outputs
[NX v21.4.1 Daemon Server] - 2025-09-13T16:33:11.081Z - [WATCHER]: Processing file changes in outputs
[NX v21.4.1 Daemon Server] - 2025-09-13T16:33:21.027Z - [WATCHER]: Processing file changes in outputs
[NX v21.4.1 Daemon Server] - 2025-09-13T16:33:21.289Z - [WATCHER]: Processing file changes in outputs
[NX v21.4.1 Daemon Server] - 2025-09-13T16:33:27.353Z - [WATCHER]: Processing file changes in outputs
[NX v21.4.1 Daemon Server] - 2025-09-13T16:33:27.686Z - [WATCHER]: Processing file changes in outputs
[NX v21.4.1 Daemon Server] - 2025-09-13T16:33:27.739Z - [WATCHER]: Processing file changes in outputs
[NX v21.4.1 Daemon Server] - 2025-09-13T16:34:28.755Z - [WATCHER]: Processing file changes in outputs
[NX v21.4.1 Daemon Server] - 2025-09-13T16:34:30.155Z - [WATCHER]: Processing file changes in outputs
[NX v21.4.1 Daemon Server] - 2025-09-13T16:34:31.487Z - [WATCHER]: Processing file changes in outputs
[NX v21.4.1 Daemon Server] - 2025-09-13T16:34:32.887Z - [WATCHER]: Processing file changes in outputs
[NX v21.4.1 Daemon Server] - 2025-09-13T16:34:33.218Z - [WATCHER]: Processing file changes in outputs
[NX v21.4.1 Daemon Server] - 2025-09-13T16:34:33.421Z - [WATCHER]: Processing file changes in outputs
[NX v21.4.1 Daemon Server] - 2025-09-13T16:34:33.657Z - [WATCHER]: Processing file changes in outputs
[NX v21.4.1 Daemon Server] - 2025-09-13T16:34:33.765Z - [WATCHER]: Processing file changes in outputs
[NX v21.4.1 Daemon Server] - 2025-09-13T16:34:35.338Z - [WATCHER]: Processing file changes in outputs
[NX v21.4.1 Daemon Server] - 2025-09-13T16:35:02.084Z - [WATCHER]: Processing file changes in outputs
[NX v21.4.1 Daemon Server] - 2025-09-13T16:35:02.577Z - [WATCHER]: Processing file changes in outputs
[NX v21.4.1 Daemon Server] - 2025-09-13T16:36:03.964Z - [WATCHER]: Processing file changes in outputs
[NX v21.4.1 Daemon Server] - 2025-09-13T16:36:04.920Z - [WATCHER]: Processing file changes in outputs
[NX v21.4.1 Daemon Server] - 2025-09-13T16:36:06.261Z - [WATCHER]: Processing file changes in outputs
[NX v21.4.1 Daemon Server] - 2025-09-13T16:36:06.328Z - [WATCHER]: Processing file changes in outputs
[NX v21.4.1 Daemon Server] - 2025-09-13T16:36:06.519Z - [WATCHER]: Processing file changes in outputs
[NX v21.4.1 Daemon Server] - 2025-09-13T16:36:06.775Z - [WATCHER]: Processing file changes in outputs
[NX v21.4.1 Daemon Server] - 2025-09-13T16:36:06.929Z - [WATCHER]: Processing file changes in outputs
[NX v21.4.1 Daemon Server] - 2025-09-13T16:38:25.022Z - [WATCHER]: Processing file changes in outputs
[NX v21.4.1 Daemon Server] - 2025-09-13T16:38:26.417Z - [WATCHER]: Processing file changes in outputs
[NX v21.4.1 Daemon Server] - 2025-09-13T16:39:25.756Z - [WATCHER]: Processing file changes in outputs
[NX v21.4.1 Daemon Server] - 2025-09-13T16:39:25.823Z - [WATCHER]: Processing file changes in outputs
[NX v21.4.1 Daemon Server] - 2025-09-13T16:39:25.966Z - [WATCHER]: Processing file changes in outputs
[NX v21.4.1 Daemon Server] - 2025-09-13T16:39:26.140Z - [WATCHER]: Processing file changes in outputs
[NX v21.4.1 Daemon Server] - 2025-09-13T16:39:26.713Z - [WATCHER]: Processing file changes in outputs
[NX v21.4.1 Daemon Server] - 2025-09-13T16:39:26.858Z - [WATCHER]: Processing file changes in outputs
[NX v21.4.1 Daemon Server] - 2025-09-13T16:39:28.126Z - [WATCHER]: Processing file changes in outputs
[NX v21.4.1 Daemon Server] - 2025-09-13T16:39:28.243Z - [WATCHER]: Processing file changes in outputs
[NX v21.4.1 Daemon Server] - 2025-09-13T16:39:28.361Z - [WATCHER]: Processing file changes in outputs
[NX v21.4.1 Daemon Server] - 2025-09-13T16:39:28.701Z - [WATCHER]: Processing file changes in outputs
[NX v21.4.1 Daemon Server] - 2025-09-13T16:42:47.965Z - [WATCHER]: apps/admin/app/features/University/Form/components/university.tsx was modified
[NX v21.4.1 Daemon Server] - 2025-09-13T16:42:47.972Z - [WATCHER]: Processing file changes in outputs
[NX v21.4.1 Daemon Server] - 2025-09-13T16:42:48.079Z - [REQUEST]: Updated workspace context based on watched changes, recomputing project graph...
[NX v21.4.1 Daemon Server] - 2025-09-13T16:42:48.080Z - [REQUEST]: apps/admin/app/features/University/Form/components/university.tsx
[NX v21.4.1 Daemon Server] - 2025-09-13T16:42:48.080Z - [REQUEST]: 
[NX v21.4.1 Daemon Server] - 2025-09-13T16:42:48.111Z - Time taken for 'hash changed files from watcher' 4.924583000130951ms
Time for 'nx/core/package-json:createNodes' [33m49.79795900010504[39m
Time for 'nx/core/project-json:createNodes' [33m38.520583000034094[39m
Time for 'nx/js/dependencies-and-lockfile:createNodes' [33m146.14041600003839[39m
[NX v21.4.1 Daemon Server] - 2025-09-13T16:42:48.614Z - Time taken for 'build-project-configs' 406.51674999995157ms
Time for 'build typescript dependencies' [33m103.18462499999441[39m
[NX v21.4.1 Daemon Server] - 2025-09-13T16:42:48.938Z - Wrote project graph cache to /Users/3bird/Documents/personal/studycourse/education-site-frontend/.nx/workspace-data/project-graph.json
[NX v21.4.1 Daemon Server] - 2025-09-13T16:42:48.938Z - [SYNC]: collect registered sync generators
[NX v21.4.1 Daemon Server] - 2025-09-13T16:42:48.939Z - [SYNC]: project graph hash is the same, not collecting task sync generators
[NX v21.4.1 Daemon Server] - 2025-09-13T16:42:48.939Z - [SYNC]: nx.json hash is the same, not collecting global sync generators
[NX v21.4.1 Daemon Server] - 2025-09-13T16:42:48.939Z - Time taken for 'total execution time for createProjectGraph()' 398.46387500013225ms
[NX v21.4.1 Daemon Server] - 2025-09-13T16:42:58.722Z - [WATCHER]: apps/admin/app/features/University/Form/components/university.tsx was modified
[NX v21.4.1 Daemon Server] - 2025-09-13T16:42:59.543Z - [WATCHER]: apps/admin/app/features/University/Form/components/university.tsx was modified
[NX v21.4.1 Daemon Server] - 2025-09-13T16:42:59.836Z - [WATCHER]: Processing file changes in outputs
[NX v21.4.1 Daemon Server] - 2025-09-13T16:42:59.917Z - [WATCHER]: Processing file changes in outputs
[NX v21.4.1 Daemon Server] - 2025-09-13T16:42:59.927Z - [REQUEST]: Updated workspace context based on watched changes, recomputing project graph...
[NX v21.4.1 Daemon Server] - 2025-09-13T16:43:00.075Z - [REQUEST]: apps/admin/app/features/University/Form/components/university.tsx
[NX v21.4.1 Daemon Server] - 2025-09-13T16:43:00.075Z - [REQUEST]: 
[NX v21.4.1 Daemon Server] - 2025-09-13T16:43:00.140Z - Time taken for 'hash changed files from watcher' 3.5958749998826534ms
Time for 'nx/core/package-json:createNodes' [33m34.97079199994914[39m
Time for 'nx/core/project-json:createNodes' [33m47.659624999854714[39m
Time for 'nx/js/dependencies-and-lockfile:createNodes' [33m299.1019999999553[39m
[NX v21.4.1 Daemon Server] - 2025-09-13T16:43:00.739Z - Time taken for 'build-project-configs' 555.7237909999676ms
Time for 'build typescript dependencies' [33m11.631749999942258[39m
[NX v21.4.1 Daemon Server] - 2025-09-13T16:43:01.335Z - Wrote project graph cache to /Users/3bird/Documents/personal/studycourse/education-site-frontend/.nx/workspace-data/project-graph.json
[NX v21.4.1 Daemon Server] - 2025-09-13T16:43:01.335Z - [SYNC]: collect registered sync generators
[NX v21.4.1 Daemon Server] - 2025-09-13T16:43:01.336Z - [SYNC]: project graph hash is the same, not collecting task sync generators
[NX v21.4.1 Daemon Server] - 2025-09-13T16:43:01.337Z - [SYNC]: nx.json hash is the same, not collecting global sync generators
[NX v21.4.1 Daemon Server] - 2025-09-13T16:43:01.337Z - Time taken for 'total execution time for createProjectGraph()' 570.2941250000149ms
[NX v21.4.1 Daemon Server] - 2025-09-13T16:43:08.615Z - [WATCHER]: apps/admin/app/features/University/Form/components/university.tsx was modified
[NX v21.4.1 Daemon Server] - 2025-09-13T16:43:08.635Z - [WATCHER]: Processing file changes in outputs
[NX v21.4.1 Daemon Server] - 2025-09-13T16:43:09.039Z - [REQUEST]: Updated workspace context based on watched changes, recomputing project graph...
[NX v21.4.1 Daemon Server] - 2025-09-13T16:43:09.039Z - [REQUEST]: apps/admin/app/features/University/Form/components/university.tsx
[NX v21.4.1 Daemon Server] - 2025-09-13T16:43:09.039Z - [REQUEST]: 
[NX v21.4.1 Daemon Server] - 2025-09-13T16:43:09.048Z - Time taken for 'hash changed files from watcher' 2.9755410000216216ms
Time for 'nx/core/package-json:createNodes' [33m36.650707999942824[39m
Time for 'nx/core/project-json:createNodes' [33m43.81008299998939[39m
Time for 'nx/js/dependencies-and-lockfile:createNodes' [33m115.48091699997894[39m
[NX v21.4.1 Daemon Server] - 2025-09-13T16:43:09.458Z - Time taken for 'build-project-configs' 352.9575000000186ms
Time for 'build typescript dependencies' [33m81.85087500000373[39m
[NX v21.4.1 Daemon Server] - 2025-09-13T16:43:09.944Z - Wrote project graph cache to /Users/3bird/Documents/personal/studycourse/education-site-frontend/.nx/workspace-data/project-graph.json
[NX v21.4.1 Daemon Server] - 2025-09-13T16:43:09.944Z - [SYNC]: collect registered sync generators
[NX v21.4.1 Daemon Server] - 2025-09-13T16:43:09.945Z - [SYNC]: project graph hash is the same, not collecting task sync generators
[NX v21.4.1 Daemon Server] - 2025-09-13T16:43:09.945Z - [SYNC]: nx.json hash is the same, not collecting global sync generators
[NX v21.4.1 Daemon Server] - 2025-09-13T16:43:09.945Z - Time taken for 'total execution time for createProjectGraph()' 508.3456670001615ms
[NX v21.4.1 Daemon Server] - 2025-09-13T16:43:11.372Z - [WATCHER]: Processing file changes in outputs
[NX v21.4.1 Daemon Server] - 2025-09-13T16:43:13.755Z - [WATCHER]: apps/admin/app/features/University/Form/components/university.tsx was modified
[NX v21.4.1 Daemon Server] - 2025-09-13T16:43:13.770Z - [WATCHER]: Processing file changes in outputs
[NX v21.4.1 Daemon Server] - 2025-09-13T16:43:14.574Z - [REQUEST]: Updated workspace context based on watched changes, recomputing project graph...
[NX v21.4.1 Daemon Server] - 2025-09-13T16:43:14.574Z - [REQUEST]: apps/admin/app/features/University/Form/components/university.tsx
[NX v21.4.1 Daemon Server] - 2025-09-13T16:43:14.574Z - [REQUEST]: 
[NX v21.4.1 Daemon Server] - 2025-09-13T16:43:14.578Z - Time taken for 'hash changed files from watcher' 0.6984999999403954ms
Time for 'nx/core/package-json:createNodes' [33m2.5389580000191927[39m
Time for 'nx/core/project-json:createNodes' [33m2.4198330000508577[39m
Time for 'nx/js/dependencies-and-lockfile:createNodes' [33m44.326124999905005[39m
[NX v21.4.1 Daemon Server] - 2025-09-13T16:43:14.669Z - Time taken for 'build-project-configs' 78.7217079999391ms
Time for 'build typescript dependencies' [33m0.02695899992249906[39m
[NX v21.4.1 Daemon Server] - 2025-09-13T16:43:14.738Z - Wrote project graph cache to /Users/3bird/Documents/personal/studycourse/education-site-frontend/.nx/workspace-data/project-graph.json
[NX v21.4.1 Daemon Server] - 2025-09-13T16:43:14.739Z - [SYNC]: collect registered sync generators
[NX v21.4.1 Daemon Server] - 2025-09-13T16:43:14.739Z - [SYNC]: project graph hash is the same, not collecting task sync generators
[NX v21.4.1 Daemon Server] - 2025-09-13T16:43:14.739Z - [SYNC]: nx.json hash is the same, not collecting global sync generators
[NX v21.4.1 Daemon Server] - 2025-09-13T16:43:14.741Z - Time taken for 'total execution time for createProjectGraph()' 70.12429199996404ms
[NX v21.4.1 Daemon Server] - 2025-09-13T16:43:15.734Z - [WATCHER]: Processing file changes in outputs
[NX v21.4.1 Daemon Server] - 2025-09-13T16:43:15.836Z - [WATCHER]: Processing file changes in outputs
[NX v21.4.1 Daemon Server] - 2025-09-13T16:43:16.095Z - [WATCHER]: Processing file changes in outputs
[NX v21.4.1 Daemon Server] - 2025-09-13T16:43:17.069Z - [WATCHER]: Processing file changes in outputs
[NX v21.4.1 Daemon Server] - 2025-09-13T16:43:18.082Z - [WATCHER]: Processing file changes in outputs
[NX v21.4.1 Daemon Server] - 2025-09-13T16:43:23.928Z - [WATCHER]: Processing file changes in outputs
[NX v21.4.1 Daemon Server] - 2025-09-13T16:43:24.026Z - [WATCHER]: apps/admin/app/features/University/Form/components/university.tsx was modified
[NX v21.4.1 Daemon Server] - 2025-09-13T16:43:24.034Z - [WATCHER]: apps/admin/app/features/University/Form/components/university.tsx was modified
[NX v21.4.1 Daemon Server] - 2025-09-13T16:43:24.036Z - [WATCHER]: Processing file changes in outputs
[NX v21.4.1 Daemon Server] - 2025-09-13T16:43:24.735Z - [WATCHER]: Processing file changes in outputs
[NX v21.4.1 Daemon Server] - 2025-09-13T16:43:25.643Z - [REQUEST]: Updated workspace context based on watched changes, recomputing project graph...
[NX v21.4.1 Daemon Server] - 2025-09-13T16:43:25.645Z - [REQUEST]: apps/admin/app/features/University/Form/components/university.tsx
[NX v21.4.1 Daemon Server] - 2025-09-13T16:43:25.645Z - [REQUEST]: 
[NX v21.4.1 Daemon Server] - 2025-09-13T16:43:25.661Z - Time taken for 'hash changed files from watcher' 4.6454169997014105ms
Time for 'nx/core/package-json:createNodes' [33m3.2791250003501773[39m
Time for 'nx/core/project-json:createNodes' [33m3.85495899990201[39m
Time for 'nx/js/dependencies-and-lockfile:createNodes' [33m51.125957999844104[39m
[NX v21.4.1 Daemon Server] - 2025-09-13T16:43:25.761Z - Time taken for 'build-project-configs' 96.94758399995044ms
Time for 'build typescript dependencies' [33m12.046915999613702[39m
[NX v21.4.1 Daemon Server] - 2025-09-13T16:43:25.839Z - Wrote project graph cache to /Users/3bird/Documents/personal/studycourse/education-site-frontend/.nx/workspace-data/project-graph.json
[NX v21.4.1 Daemon Server] - 2025-09-13T16:43:25.839Z - [SYNC]: collect registered sync generators
[NX v21.4.1 Daemon Server] - 2025-09-13T16:43:25.839Z - [SYNC]: project graph hash is the same, not collecting task sync generators
[NX v21.4.1 Daemon Server] - 2025-09-13T16:43:25.839Z - [SYNC]: nx.json hash is the same, not collecting global sync generators
[NX v21.4.1 Daemon Server] - 2025-09-13T16:43:25.839Z - Time taken for 'total execution time for createProjectGraph()' 75.1755420002155ms
[NX v21.4.1 Daemon Server] - 2025-09-13T16:43:25.901Z - [WATCHER]: Processing file changes in outputs
[NX v21.4.1 Daemon Server] - 2025-09-13T16:43:26.077Z - [WATCHER]: Processing file changes in outputs
[NX v21.4.1 Daemon Server] - 2025-09-13T16:43:26.993Z - [WATCHER]: Processing file changes in outputs
[NX v21.4.1 Daemon Server] - 2025-09-13T16:43:27.112Z - [WATCHER]: Processing file changes in outputs
[NX v21.4.1 Daemon Server] - 2025-09-13T16:43:27.584Z - [WATCHER]: Processing file changes in outputs
[NX v21.4.1 Daemon Server] - 2025-09-13T16:43:27.699Z - [WATCHER]: Processing file changes in outputs
[NX v21.4.1 Daemon Server] - 2025-09-13T16:43:29.341Z - [WATCHER]: Processing file changes in outputs
[NX v21.4.1 Daemon Server] - 2025-09-13T16:43:29.887Z - [WATCHER]: Processing file changes in outputs
[NX v21.4.1 Daemon Server] - 2025-09-13T16:43:30.208Z - [WATCHER]: Processing file changes in outputs
[NX v21.4.1 Daemon Server] - 2025-09-13T16:43:34.666Z - [WATCHER]: apps/admin/app/features/University/Form/components/university.tsx was modified
[NX v21.4.1 Daemon Server] - 2025-09-13T16:43:34.667Z - [WATCHER]: Processing file changes in outputs
[NX v21.4.1 Daemon Server] - 2025-09-13T16:43:35.877Z - [WATCHER]: Processing file changes in outputs
[NX v21.4.1 Daemon Server] - 2025-09-13T16:43:36.349Z - [WATCHER]: Processing file changes in outputs
[NX v21.4.1 Daemon Server] - 2025-09-13T16:43:37.868Z - [REQUEST]: Updated workspace context based on watched changes, recomputing project graph...
[NX v21.4.1 Daemon Server] - 2025-09-13T16:43:37.868Z - [REQUEST]: apps/admin/app/features/University/Form/components/university.tsx
[NX v21.4.1 Daemon Server] - 2025-09-13T16:43:37.868Z - [REQUEST]: 
[NX v21.4.1 Daemon Server] - 2025-09-13T16:43:37.870Z - Time taken for 'hash changed files from watcher' 0.36466600000858307ms
Time for 'nx/core/package-json:createNodes' [33m0.7599579999223351[39m
Time for 'nx/core/project-json:createNodes' [33m1.6377920000813901[39m
Time for 'nx/js/dependencies-and-lockfile:createNodes' [33m19.822499999776483[39m
[NX v21.4.1 Daemon Server] - 2025-09-13T16:43:37.913Z - Time taken for 'build-project-configs' 35.44658300001174ms
Time for 'build typescript dependencies' [33m8.866792000364512[39m
[NX v21.4.1 Daemon Server] - 2025-09-13T16:43:37.952Z - Wrote project graph cache to /Users/3bird/Documents/personal/studycourse/education-site-frontend/.nx/workspace-data/project-graph.json
[NX v21.4.1 Daemon Server] - 2025-09-13T16:43:37.952Z - [SYNC]: collect registered sync generators
[NX v21.4.1 Daemon Server] - 2025-09-13T16:43:37.953Z - [SYNC]: project graph hash is the same, not collecting task sync generators
[NX v21.4.1 Daemon Server] - 2025-09-13T16:43:37.953Z - [SYNC]: nx.json hash is the same, not collecting global sync generators
[NX v21.4.1 Daemon Server] - 2025-09-13T16:43:37.953Z - Time taken for 'total execution time for createProjectGraph()' 36.093541000038385ms
[NX v21.4.1 Daemon Server] - 2025-09-13T16:43:44.714Z - [WATCHER]: Processing file changes in outputs
[NX v21.4.1 Daemon Server] - 2025-09-13T16:43:44.719Z - [WATCHER]: apps/admin/app/features/University/Form/components/university.tsx was modified
[NX v21.4.1 Daemon Server] - 2025-09-13T16:43:45.378Z - [WATCHER]: Processing file changes in outputs
[NX v21.4.1 Daemon Server] - 2025-09-13T16:43:45.808Z - [WATCHER]: Processing file changes in outputs
[NX v21.4.1 Daemon Server] - 2025-09-13T16:43:51.122Z - [REQUEST]: Updated workspace context based on watched changes, recomputing project graph...
[NX v21.4.1 Daemon Server] - 2025-09-13T16:43:51.123Z - [REQUEST]: apps/admin/app/features/University/Form/components/university.tsx
[NX v21.4.1 Daemon Server] - 2025-09-13T16:43:51.123Z - [REQUEST]: 
[NX v21.4.1 Daemon Server] - 2025-09-13T16:43:51.126Z - Time taken for 'hash changed files from watcher' 0.8349170000292361ms
Time for 'nx/core/package-json:createNodes' [33m1.877834000159055[39m
Time for 'nx/core/project-json:createNodes' [33m2.7022919999435544[39m
Time for 'nx/js/dependencies-and-lockfile:createNodes' [33m14.3125[39m
[NX v21.4.1 Daemon Server] - 2025-09-13T16:43:51.159Z - Time taken for 'build-project-configs' 29.59637500019744ms
Time for 'build typescript dependencies' [33m0.02412499999627471[39m
[NX v21.4.1 Daemon Server] - 2025-09-13T16:43:51.193Z - Wrote project graph cache to /Users/3bird/Documents/personal/studycourse/education-site-frontend/.nx/workspace-data/project-graph.json
[NX v21.4.1 Daemon Server] - 2025-09-13T16:43:51.193Z - [SYNC]: collect registered sync generators
[NX v21.4.1 Daemon Server] - 2025-09-13T16:43:51.194Z - [SYNC]: project graph hash is the same, not collecting task sync generators
[NX v21.4.1 Daemon Server] - 2025-09-13T16:43:51.194Z - [SYNC]: nx.json hash is the same, not collecting global sync generators
[NX v21.4.1 Daemon Server] - 2025-09-13T16:43:51.194Z - Time taken for 'total execution time for createProjectGraph()' 24.521166999824345ms
[NX v21.4.1 Daemon Server] - 2025-09-13T16:44:13.452Z - [WATCHER]: Processing file changes in outputs
[NX v21.4.1 Daemon Server] - 2025-09-13T16:44:13.456Z - [WATCHER]: apps/admin/app/features/University/Form/components/university.tsx was modified
[NX v21.4.1 Daemon Server] - 2025-09-13T16:44:15.036Z - [WATCHER]: Processing file changes in outputs
[NX v21.4.1 Daemon Server] - 2025-09-13T16:44:15.741Z - [WATCHER]: Processing file changes in outputs
[NX v21.4.1 Daemon Server] - 2025-09-13T16:44:19.859Z - [REQUEST]: Updated workspace context based on watched changes, recomputing project graph...
[NX v21.4.1 Daemon Server] - 2025-09-13T16:44:19.859Z - [REQUEST]: apps/admin/app/features/University/Form/components/university.tsx
[NX v21.4.1 Daemon Server] - 2025-09-13T16:44:19.860Z - [REQUEST]: 
[NX v21.4.1 Daemon Server] - 2025-09-13T16:44:19.862Z - Time taken for 'hash changed files from watcher' 0.5627910001203418ms
Time for 'nx/core/package-json:createNodes' [33m1.2665420002304018[39m
Time for 'nx/core/project-json:createNodes' [33m2.7662909999489784[39m
Time for 'nx/js/dependencies-and-lockfile:createNodes' [33m16.85412500007078[39m
[NX v21.4.1 Daemon Server] - 2025-09-13T16:44:19.900Z - Time taken for 'build-project-configs' 29.590416999999434ms
Time for 'build typescript dependencies' [33m11.217709000222385[39m
[NX v21.4.1 Daemon Server] - 2025-09-13T16:44:19.963Z - Wrote project graph cache to /Users/3bird/Documents/personal/studycourse/education-site-frontend/.nx/workspace-data/project-graph.json
[NX v21.4.1 Daemon Server] - 2025-09-13T16:44:19.963Z - [SYNC]: collect registered sync generators
[NX v21.4.1 Daemon Server] - 2025-09-13T16:44:19.964Z - [SYNC]: project graph hash is the same, not collecting task sync generators
[NX v21.4.1 Daemon Server] - 2025-09-13T16:44:19.964Z - [SYNC]: nx.json hash is the same, not collecting global sync generators
[NX v21.4.1 Daemon Server] - 2025-09-13T16:44:19.964Z - Time taken for 'total execution time for createProjectGraph()' 64.02620799979195ms
[NX v21.4.1 Daemon Server] - 2025-09-13T16:44:22.725Z - [WATCHER]: Processing file changes in outputs
[NX v21.4.1 Daemon Server] - 2025-09-13T16:44:22.737Z - [WATCHER]: apps/admin/components/SCForm/SCUpload/index.tsx was modified
[NX v21.4.1 Daemon Server] - 2025-09-13T16:44:26.905Z - [WATCHER]: Processing file changes in outputs
[NX v21.4.1 Daemon Server] - 2025-09-13T16:44:27.091Z - [WATCHER]: Processing file changes in outputs
[NX v21.4.1 Daemon Server] - 2025-09-13T16:44:27.214Z - [WATCHER]: Processing file changes in outputs
[NX v21.4.1 Daemon Server] - 2025-09-13T16:44:27.264Z - [WATCHER]: Processing file changes in outputs
[NX v21.4.1 Daemon Server] - 2025-09-13T16:44:27.339Z - [WATCHER]: Processing file changes in outputs
[NX v21.4.1 Daemon Server] - 2025-09-13T16:44:27.392Z - [WATCHER]: Processing file changes in outputs
[NX v21.4.1 Daemon Server] - 2025-09-13T16:44:29.142Z - [REQUEST]: Updated workspace context based on watched changes, recomputing project graph...
[NX v21.4.1 Daemon Server] - 2025-09-13T16:44:29.142Z - [REQUEST]: apps/admin/components/SCForm/SCUpload/index.tsx
[NX v21.4.1 Daemon Server] - 2025-09-13T16:44:29.142Z - [REQUEST]: 
[NX v21.4.1 Daemon Server] - 2025-09-13T16:44:29.151Z - Time taken for 'hash changed files from watcher' 1.296458000317216ms
Time for 'nx/core/package-json:createNodes' [33m3.4115000003948808[39m
Time for 'nx/core/project-json:createNodes' [33m2.184334000106901[39m
Time for 'nx/js/dependencies-and-lockfile:createNodes' [33m28.262124999891967[39m
[NX v21.4.1 Daemon Server] - 2025-09-13T16:44:29.202Z - Time taken for 'build-project-configs' 48.8810419999063ms
DEBUG nx::native::plugins::js::ts_import_locators: /Users/3bird/Documents/personal/studycourse/education-site-frontend/apps/admin/components/SCForm/SCUpload/index.tsx:58:47 Unexpected token. Did you mean `{'>'}` or `&gt;`?
DEBUG nx::native::plugins::js::ts_import_locators: /Users/3bird/Documents/personal/studycourse/education-site-frontend/apps/admin/components/SCForm/SCUpload/index.tsx:73:22 Unexpected token. Did you mean `{'>'}` or `&gt;`?
Time for 'build typescript dependencies' [33m25.055124999955297[39m
[NX v21.4.1 Daemon Server] - 2025-09-13T16:44:29.285Z - Wrote project graph cache to /Users/3bird/Documents/personal/studycourse/education-site-frontend/.nx/workspace-data/project-graph.json
[NX v21.4.1 Daemon Server] - 2025-09-13T16:44:29.285Z - [SYNC]: collect registered sync generators
[NX v21.4.1 Daemon Server] - 2025-09-13T16:44:29.285Z - [SYNC]: project graph hash is the same, not collecting task sync generators
[NX v21.4.1 Daemon Server] - 2025-09-13T16:44:29.285Z - [SYNC]: nx.json hash is the same, not collecting global sync generators
[NX v21.4.1 Daemon Server] - 2025-09-13T16:44:29.285Z - Time taken for 'total execution time for createProjectGraph()' 78.24599999981001ms
[NX v21.4.1 Daemon Server] - 2025-09-13T16:44:29.642Z - [WATCHER]: Processing file changes in outputs
[NX v21.4.1 Daemon Server] - 2025-09-13T16:44:32.525Z - [WATCHER]: apps/admin/components/SCForm/SCUpload/index.tsx was modified
[NX v21.4.1 Daemon Server] - 2025-09-13T16:44:32.534Z - [WATCHER]: Processing file changes in outputs
[NX v21.4.1 Daemon Server] - 2025-09-13T16:44:33.471Z - [WATCHER]: Processing file changes in outputs
[NX v21.4.1 Daemon Server] - 2025-09-13T16:44:33.951Z - [WATCHER]: Processing file changes in outputs
[NX v21.4.1 Daemon Server] - 2025-09-13T16:44:35.686Z - [WATCHER]: apps/admin/components/SCForm/SCUpload/index.tsx was modified
[NX v21.4.1 Daemon Server] - 2025-09-13T16:44:35.686Z - [WATCHER]: Processing file changes in outputs
[NX v21.4.1 Daemon Server] - 2025-09-13T16:44:36.570Z - [WATCHER]: Processing file changes in outputs
[NX v21.4.1 Daemon Server] - 2025-09-13T16:44:37.202Z - [WATCHER]: Processing file changes in outputs
[NX v21.4.1 Daemon Server] - 2025-09-13T16:44:37.315Z - [WATCHER]: Processing file changes in outputs
[NX v21.4.1 Daemon Server] - 2025-09-13T16:44:37.374Z - [WATCHER]: Processing file changes in outputs
[NX v21.4.1 Daemon Server] - 2025-09-13T16:44:37.433Z - [WATCHER]: Processing file changes in outputs
[NX v21.4.1 Daemon Server] - 2025-09-13T16:44:37.490Z - [WATCHER]: Processing file changes in outputs
[NX v21.4.1 Daemon Server] - 2025-09-13T16:44:37.542Z - [WATCHER]: Processing file changes in outputs
[NX v21.4.1 Daemon Server] - 2025-09-13T16:44:37.601Z - [WATCHER]: Processing file changes in outputs
[NX v21.4.1 Daemon Server] - 2025-09-13T16:44:38.937Z - [REQUEST]: Updated workspace context based on watched changes, recomputing project graph...
[NX v21.4.1 Daemon Server] - 2025-09-13T16:44:38.938Z - [REQUEST]: apps/admin/components/SCForm/SCUpload/index.tsx
[NX v21.4.1 Daemon Server] - 2025-09-13T16:44:38.938Z - [REQUEST]: 
[NX v21.4.1 Daemon Server] - 2025-09-13T16:44:38.942Z - Time taken for 'hash changed files from watcher' 1.4955830001272261ms
Time for 'nx/core/package-json:createNodes' [33m0.9032919998280704[39m
Time for 'nx/core/project-json:createNodes' [33m2.4039159999229014[39m
Time for 'nx/js/dependencies-and-lockfile:createNodes' [33m29.4422089997679[39m
[NX v21.4.1 Daemon Server] - 2025-09-13T16:44:38.993Z - Time taken for 'build-project-configs' 47.411791999824345ms
DEBUG nx::native::plugins::js::ts_import_locators: /Users/3bird/Documents/personal/studycourse/education-site-frontend/apps/admin/components/SCForm/SCUpload/index.tsx:58:47 Unexpected token. Did you mean `{'>'}` or `&gt;`?
DEBUG nx::native::plugins::js::ts_import_locators: /Users/3bird/Documents/personal/studycourse/education-site-frontend/apps/admin/components/SCForm/SCUpload/index.tsx:73:22 Unexpected token. Did you mean `{'>'}` or `&gt;`?
Time for 'build typescript dependencies' [33m9.759957999922335[39m
[NX v21.4.1 Daemon Server] - 2025-09-13T16:44:39.071Z - Wrote project graph cache to /Users/3bird/Documents/personal/studycourse/education-site-frontend/.nx/workspace-data/project-graph.json
[NX v21.4.1 Daemon Server] - 2025-09-13T16:44:39.071Z - [SYNC]: collect registered sync generators
[NX v21.4.1 Daemon Server] - 2025-09-13T16:44:39.071Z - [SYNC]: project graph hash is the same, not collecting task sync generators
[NX v21.4.1 Daemon Server] - 2025-09-13T16:44:39.071Z - [SYNC]: nx.json hash is the same, not collecting global sync generators
[NX v21.4.1 Daemon Server] - 2025-09-13T16:44:39.071Z - Time taken for 'total execution time for createProjectGraph()' 73.89891600003466ms
[NX v21.4.1 Daemon Server] - 2025-09-13T16:44:44.178Z - [WATCHER]: apps/admin/components/SCForm/SCUpload/index.tsx was modified
[NX v21.4.1 Daemon Server] - 2025-09-13T16:44:44.181Z - [WATCHER]: Processing file changes in outputs
[NX v21.4.1 Daemon Server] - 2025-09-13T16:44:44.959Z - [WATCHER]: Processing file changes in outputs
[NX v21.4.1 Daemon Server] - 2025-09-13T16:44:45.969Z - [WATCHER]: Processing file changes in outputs
[NX v21.4.1 Daemon Server] - 2025-09-13T16:44:50.604Z - [REQUEST]: Updated workspace context based on watched changes, recomputing project graph...
[NX v21.4.1 Daemon Server] - 2025-09-13T16:44:50.607Z - [REQUEST]: apps/admin/components/SCForm/SCUpload/index.tsx
[NX v21.4.1 Daemon Server] - 2025-09-13T16:44:50.607Z - [REQUEST]: 
[NX v21.4.1 Daemon Server] - 2025-09-13T16:44:50.614Z - Time taken for 'hash changed files from watcher' 11.9728330001235ms
Time for 'nx/core/package-json:createNodes' [33m10.334374999627471[39m
Time for 'nx/core/project-json:createNodes' [33m17.74279099982232[39m
Time for 'nx/js/dependencies-and-lockfile:createNodes' [33m34.36100000003353[39m
[NX v21.4.1 Daemon Server] - 2025-09-13T16:44:50.691Z - Time taken for 'build-project-configs' 64.19175000023097ms
DEBUG nx::native::plugins::js::ts_import_locators: /Users/3bird/Documents/personal/studycourse/education-site-frontend/apps/admin/components/SCForm/SCUpload/index.tsx:58:47 Unexpected token. Did you mean `{'>'}` or `&gt;`?
DEBUG nx::native::plugins::js::ts_import_locators: /Users/3bird/Documents/personal/studycourse/education-site-frontend/apps/admin/components/SCForm/SCUpload/index.tsx:73:22 Unexpected token. Did you mean `{'>'}` or `&gt;`?
Time for 'build typescript dependencies' [33m18.632833000272512[39m
[NX v21.4.1 Daemon Server] - 2025-09-13T16:44:50.836Z - Wrote project graph cache to /Users/3bird/Documents/personal/studycourse/education-site-frontend/.nx/workspace-data/project-graph.json
[NX v21.4.1 Daemon Server] - 2025-09-13T16:44:50.836Z - [SYNC]: collect registered sync generators
[NX v21.4.1 Daemon Server] - 2025-09-13T16:44:50.836Z - [SYNC]: project graph hash is the same, not collecting task sync generators
[NX v21.4.1 Daemon Server] - 2025-09-13T16:44:50.836Z - [SYNC]: nx.json hash is the same, not collecting global sync generators
[NX v21.4.1 Daemon Server] - 2025-09-13T16:44:50.836Z - Time taken for 'total execution time for createProjectGraph()' 147.45712500019ms
[NX v21.4.1 Daemon Server] - 2025-09-13T16:44:51.241Z - [WATCHER]: apps/admin/components/SCForm/SCUpload/index.tsx was modified
[NX v21.4.1 Daemon Server] - 2025-09-13T16:44:51.493Z - [WATCHER]: Processing file changes in outputs
[NX v21.4.1 Daemon Server] - 2025-09-13T16:44:51.555Z - [WATCHER]: Processing file changes in outputs
[NX v21.4.1 Daemon Server] - 2025-09-13T16:44:51.559Z - [WATCHER]: apps/admin/components/SCForm/SCUpload/index.tsx was modified
[NX v21.4.1 Daemon Server] - 2025-09-13T16:44:52.182Z - [WATCHER]: Processing file changes in outputs
[NX v21.4.1 Daemon Server] - 2025-09-13T16:44:52.377Z - [WATCHER]: apps/admin/app/features/University/Form/components/university.tsx was modified
[NX v21.4.1 Daemon Server] - 2025-09-13T16:44:53.866Z - [WATCHER]: Processing file changes in outputs
[NX v21.4.1 Daemon Server] - 2025-09-13T16:44:55.514Z - [WATCHER]: Processing file changes in outputs
[NX v21.4.1 Daemon Server] - 2025-09-13T16:44:55.636Z - [WATCHER]: Processing file changes in outputs
[NX v21.4.1 Daemon Server] - 2025-09-13T16:44:55.884Z - [WATCHER]: Processing file changes in outputs
[NX v21.4.1 Daemon Server] - 2025-09-13T16:44:55.994Z - [WATCHER]: Processing file changes in outputs
[NX v21.4.1 Daemon Server] - 2025-09-13T16:44:56.048Z - [WATCHER]: Processing file changes in outputs
[NX v21.4.1 Daemon Server] - 2025-09-13T16:44:56.099Z - [WATCHER]: Processing file changes in outputs
[NX v21.4.1 Daemon Server] - 2025-09-13T16:44:56.158Z - [WATCHER]: Processing file changes in outputs
[NX v21.4.1 Daemon Server] - 2025-09-13T16:44:57.932Z - [REQUEST]: Updated workspace context based on watched changes, recomputing project graph...
[NX v21.4.1 Daemon Server] - 2025-09-13T16:44:57.933Z - [REQUEST]: apps/admin/components/SCForm/SCUpload/index.tsx,apps/admin/app/features/University/Form/components/university.tsx
[NX v21.4.1 Daemon Server] - 2025-09-13T16:44:57.933Z - [REQUEST]: 
[NX v21.4.1 Daemon Server] - 2025-09-13T16:44:57.954Z - Time taken for 'hash changed files from watcher' 10.414665999822319ms
Time for 'nx/core/package-json:createNodes' [33m6.15133300004527[39m
Time for 'nx/core/project-json:createNodes' [33m14.125417000148445[39m
Time for 'nx/js/dependencies-and-lockfile:createNodes' [33m77.78695799969137[39m
[NX v21.4.1 Daemon Server] - 2025-09-13T16:44:58.138Z - Time taken for 'build-project-configs' 163.21512499963865ms
Time for 'build typescript dependencies' [33m5.3152090003713965[39m
[NX v21.4.1 Daemon Server] - 2025-09-13T16:44:58.288Z - Wrote project graph cache to /Users/3bird/Documents/personal/studycourse/education-site-frontend/.nx/workspace-data/project-graph.json
[NX v21.4.1 Daemon Server] - 2025-09-13T16:44:58.289Z - [SYNC]: collect registered sync generators
[NX v21.4.1 Daemon Server] - 2025-09-13T16:44:58.289Z - [SYNC]: project graph hash is the same, not collecting task sync generators
[NX v21.4.1 Daemon Server] - 2025-09-13T16:44:58.289Z - [SYNC]: nx.json hash is the same, not collecting global sync generators
[NX v21.4.1 Daemon Server] - 2025-09-13T16:44:58.289Z - Time taken for 'total execution time for createProjectGraph()' 133.4170839996077ms
[NX v21.4.1 Daemon Server] - 2025-09-13T16:45:01.315Z - [WATCHER]: apps/admin/components/SCForm/SCUpload/index.tsx was modified
[NX v21.4.1 Daemon Server] - 2025-09-13T16:45:01.337Z - [WATCHER]: Processing file changes in outputs
[NX v21.4.1 Daemon Server] - 2025-09-13T16:45:02.602Z - [WATCHER]: Processing file changes in outputs
[NX v21.4.1 Daemon Server] - 2025-09-13T16:45:07.183Z - [WATCHER]: Processing file changes in outputs
[NX v21.4.1 Daemon Server] - 2025-09-13T16:45:07.416Z - [WATCHER]: Processing file changes in outputs
[NX v21.4.1 Daemon Server] - 2025-09-13T16:45:07.735Z - [REQUEST]: Updated workspace context based on watched changes, recomputing project graph...
[NX v21.4.1 Daemon Server] - 2025-09-13T16:45:07.735Z - [REQUEST]: apps/admin/components/SCForm/SCUpload/index.tsx
[NX v21.4.1 Daemon Server] - 2025-09-13T16:45:07.735Z - [REQUEST]: 
[NX v21.4.1 Daemon Server] - 2025-09-13T16:45:07.739Z - Time taken for 'hash changed files from watcher' 0.9625420002266765ms
Time for 'nx/core/package-json:createNodes' [33m7.554082999937236[39m
Time for 'nx/core/project-json:createNodes' [33m7.56595900002867[39m
Time for 'nx/js/dependencies-and-lockfile:createNodes' [33m43.352249999996275[39m
[NX v21.4.1 Daemon Server] - 2025-09-13T16:45:07.820Z - Time taken for 'build-project-configs' 74.3198329997249ms
DEBUG nx::native::plugins::js::ts_import_locators: /Users/3bird/Documents/personal/studycourse/education-site-frontend/apps/admin/components/SCForm/SCUpload/index.tsx:58:47 Unexpected token. Did you mean `{'>'}` or `&gt;`?
DEBUG nx::native::plugins::js::ts_import_locators: /Users/3bird/Documents/personal/studycourse/education-site-frontend/apps/admin/components/SCForm/SCUpload/index.tsx:73:22 Unexpected token. Did you mean `{'>'}` or `&gt;`?
Time for 'build typescript dependencies' [33m17.543041999917477[39m
[NX v21.4.1 Daemon Server] - 2025-09-13T16:45:07.945Z - Wrote project graph cache to /Users/3bird/Documents/personal/studycourse/education-site-frontend/.nx/workspace-data/project-graph.json
[NX v21.4.1 Daemon Server] - 2025-09-13T16:45:07.945Z - [SYNC]: collect registered sync generators
[NX v21.4.1 Daemon Server] - 2025-09-13T16:45:07.945Z - [SYNC]: project graph hash is the same, not collecting task sync generators
[NX v21.4.1 Daemon Server] - 2025-09-13T16:45:07.945Z - [SYNC]: nx.json hash is the same, not collecting global sync generators
[NX v21.4.1 Daemon Server] - 2025-09-13T16:45:07.946Z - Time taken for 'total execution time for createProjectGraph()' 119.54654200002551ms
[NX v21.4.1 Daemon Server] - 2025-09-13T16:45:08.272Z - [WATCHER]: Processing file changes in outputs
[NX v21.4.1 Daemon Server] - 2025-09-13T16:45:08.323Z - [WATCHER]: Processing file changes in outputs
[NX v21.4.1 Daemon Server] - 2025-09-13T16:45:08.414Z - [WATCHER]: Processing file changes in outputs
[NX v21.4.1 Daemon Server] - 2025-09-13T16:45:09.008Z - [WATCHER]: Processing file changes in outputs
[NX v21.4.1 Daemon Server] - 2025-09-13T16:45:09.397Z - [WATCHER]: Processing file changes in outputs
[NX v21.4.1 Daemon Server] - 2025-09-13T16:45:09.487Z - [WATCHER]: Processing file changes in outputs
[NX v21.4.1 Daemon Server] - 2025-09-13T16:45:10.574Z - [WATCHER]: Processing file changes in outputs
[NX v21.4.1 Daemon Server] - 2025-09-13T16:45:10.578Z - [WATCHER]: apps/admin/components/SCForm/SCUpload/index.tsx was modified
[NX v21.4.1 Daemon Server] - 2025-09-13T16:45:13.042Z - [WATCHER]: Processing file changes in outputs
[NX v21.4.1 Daemon Server] - 2025-09-13T16:45:14.006Z - [WATCHER]: Processing file changes in outputs
[NX v21.4.1 Daemon Server] - 2025-09-13T16:45:14.890Z - [WATCHER]: Processing file changes in outputs
[NX v21.4.1 Daemon Server] - 2025-09-13T16:45:14.962Z - [WATCHER]: Processing file changes in outputs
[NX v21.4.1 Daemon Server] - 2025-09-13T16:45:16.981Z - [REQUEST]: Updated workspace context based on watched changes, recomputing project graph...
[NX v21.4.1 Daemon Server] - 2025-09-13T16:45:16.981Z - [REQUEST]: apps/admin/components/SCForm/SCUpload/index.tsx
[NX v21.4.1 Daemon Server] - 2025-09-13T16:45:16.981Z - [REQUEST]: 
[NX v21.4.1 Daemon Server] - 2025-09-13T16:45:16.985Z - Time taken for 'hash changed files from watcher' 0.49424999998882413ms
Time for 'nx/core/package-json:createNodes' [33m1.6982919997535646[39m
Time for 'nx/core/project-json:createNodes' [33m4.3468749998137355[39m
Time for 'nx/js/dependencies-and-lockfile:createNodes' [33m12.508249999955297[39m
[NX v21.4.1 Daemon Server] - 2025-09-13T16:45:17.045Z - Time taken for 'build-project-configs' 51.93266599997878ms
DEBUG nx::native::plugins::js::ts_import_locators: /Users/3bird/Documents/personal/studycourse/education-site-frontend/apps/admin/components/SCForm/SCUpload/index.tsx:58:47 Unexpected token. Did you mean `{'>'}` or `&gt;`?
DEBUG nx::native::plugins::js::ts_import_locators: /Users/3bird/Documents/personal/studycourse/education-site-frontend/apps/admin/components/SCForm/SCUpload/index.tsx:73:22 Unexpected token. Did you mean `{'>'}` or `&gt;`?
Time for 'build typescript dependencies' [33m8.608124999795109[39m
[NX v21.4.1 Daemon Server] - 2025-09-13T16:45:17.121Z - Wrote project graph cache to /Users/3bird/Documents/personal/studycourse/education-site-frontend/.nx/workspace-data/project-graph.json
[NX v21.4.1 Daemon Server] - 2025-09-13T16:45:17.121Z - [SYNC]: collect registered sync generators
[NX v21.4.1 Daemon Server] - 2025-09-13T16:45:17.121Z - [SYNC]: project graph hash is the same, not collecting task sync generators
[NX v21.4.1 Daemon Server] - 2025-09-13T16:45:17.121Z - [SYNC]: nx.json hash is the same, not collecting global sync generators
[NX v21.4.1 Daemon Server] - 2025-09-13T16:45:17.122Z - Time taken for 'total execution time for createProjectGraph()' 73.76158299995586ms
[NX v21.4.1 Daemon Server] - 2025-09-13T16:45:20.355Z - [WATCHER]: Processing file changes in outputs
[NX v21.4.1 Daemon Server] - 2025-09-13T16:45:20.361Z - [WATCHER]: apps/admin/app/features/University/Form/components/university.tsx was modified
[NX v21.4.1 Daemon Server] - 2025-09-13T16:45:20.525Z - [WATCHER]: apps/admin/components/SCForm/SCUpload/index.tsx was modified
[NX v21.4.1 Daemon Server] - 2025-09-13T16:45:20.525Z - [WATCHER]: Processing file changes in outputs
[NX v21.4.1 Daemon Server] - 2025-09-13T16:45:21.681Z - [WATCHER]: Processing file changes in outputs
[NX v21.4.1 Daemon Server] - 2025-09-13T16:45:22.091Z - [WATCHER]: Processing file changes in outputs
[NX v21.4.1 Daemon Server] - 2025-09-13T16:45:22.504Z - [WATCHER]: Processing file changes in outputs
[NX v21.4.1 Daemon Server] - 2025-09-13T16:45:26.889Z - [REQUEST]: Updated workspace context based on watched changes, recomputing project graph...
[NX v21.4.1 Daemon Server] - 2025-09-13T16:45:26.891Z - [REQUEST]: apps/admin/app/features/University/Form/components/university.tsx,apps/admin/components/SCForm/SCUpload/index.tsx
[NX v21.4.1 Daemon Server] - 2025-09-13T16:45:26.891Z - [REQUEST]: 
[NX v21.4.1 Daemon Server] - 2025-09-13T16:45:26.901Z - Time taken for 'hash changed files from watcher' 107.64374999981374ms
Time for 'nx/core/package-json:createNodes' [33m1.7110830000601709[39m
Time for 'nx/core/project-json:createNodes' [33m56.1603330001235[39m
Time for 'nx/js/dependencies-and-lockfile:createNodes' [33m148.31462500011548[39m
[NX v21.4.1 Daemon Server] - 2025-09-13T16:45:27.111Z - Time taken for 'build-project-configs' 199.88166699977592ms
DEBUG nx::native::plugins::js::ts_import_locators: /Users/3bird/Documents/personal/studycourse/education-site-frontend/apps/admin/components/SCForm/SCUpload/index.tsx:58:47 Unexpected token. Did you mean `{'>'}` or `&gt;`?
DEBUG nx::native::plugins::js::ts_import_locators: /Users/3bird/Documents/personal/studycourse/education-site-frontend/apps/admin/components/SCForm/SCUpload/index.tsx:73:22 Unexpected token. Did you mean `{'>'}` or `&gt;`?
Time for 'build typescript dependencies' [33m11.986291999928653[39m
[NX v21.4.1 Daemon Server] - 2025-09-13T16:45:27.220Z - Wrote project graph cache to /Users/3bird/Documents/personal/studycourse/education-site-frontend/.nx/workspace-data/project-graph.json
[NX v21.4.1 Daemon Server] - 2025-09-13T16:45:27.221Z - [SYNC]: collect registered sync generators
[NX v21.4.1 Daemon Server] - 2025-09-13T16:45:27.222Z - [SYNC]: project graph hash is the same, not collecting task sync generators
[NX v21.4.1 Daemon Server] - 2025-09-13T16:45:27.222Z - [SYNC]: nx.json hash is the same, not collecting global sync generators
[NX v21.4.1 Daemon Server] - 2025-09-13T16:45:27.225Z - Time taken for 'total execution time for createProjectGraph()' 101.10841599991545ms
[NX v21.4.1 Daemon Server] - 2025-09-13T16:45:29.690Z - [WATCHER]: 0 file(s) created or restored, 2 file(s) modified, 0 file(s) deleted
[NX v21.4.1 Daemon Server] - 2025-09-13T16:45:29.692Z - [WATCHER]: Processing file changes in outputs
[NX v21.4.1 Daemon Server] - 2025-09-13T16:45:30.637Z - [WATCHER]: Processing file changes in outputs
[NX v21.4.1 Daemon Server] - 2025-09-13T16:45:31.255Z - [WATCHER]: Processing file changes in outputs
[NX v21.4.1 Daemon Server] - 2025-09-13T16:45:36.097Z - [REQUEST]: Updated workspace context based on watched changes, recomputing project graph...
[NX v21.4.1 Daemon Server] - 2025-09-13T16:45:36.097Z - [REQUEST]: apps/admin/app/features/University/Form/components/university.tsx,apps/admin/components/SCForm/SCUpload/index.tsx
[NX v21.4.1 Daemon Server] - 2025-09-13T16:45:36.097Z - [REQUEST]: 
[NX v21.4.1 Daemon Server] - 2025-09-13T16:45:36.101Z - Time taken for 'hash changed files from watcher' 1.4221660001203418ms
Time for 'nx/core/package-json:createNodes' [33m1.0762500003911555[39m
Time for 'nx/core/project-json:createNodes' [33m2.5437500001862645[39m
Time for 'nx/js/dependencies-and-lockfile:createNodes' [33m12.971917000133544[39m
[NX v21.4.1 Daemon Server] - 2025-09-13T16:45:36.150Z - Time taken for 'build-project-configs' 31.760624999646097ms
Time for 'build typescript dependencies' [33m0.01808399986475706[39m
[NX v21.4.1 Daemon Server] - 2025-09-13T16:45:36.199Z - Wrote project graph cache to /Users/3bird/Documents/personal/studycourse/education-site-frontend/.nx/workspace-data/project-graph.json
[NX v21.4.1 Daemon Server] - 2025-09-13T16:45:36.199Z - [SYNC]: collect registered sync generators
[NX v21.4.1 Daemon Server] - 2025-09-13T16:45:36.199Z - [SYNC]: project graph hash is the same, not collecting task sync generators
[NX v21.4.1 Daemon Server] - 2025-09-13T16:45:36.199Z - [SYNC]: nx.json hash is the same, not collecting global sync generators
[NX v21.4.1 Daemon Server] - 2025-09-13T16:45:36.199Z - Time taken for 'total execution time for createProjectGraph()' 57.07016700040549ms
[NX v21.4.1 Daemon Server] - 2025-09-13T16:46:30.506Z - [WATCHER]: Processing file changes in outputs
[NX v21.4.1 Daemon Server] - 2025-09-13T16:46:31.947Z - [WATCHER]: Processing file changes in outputs
[NX v21.4.1 Daemon Server] - 2025-09-13T16:47:32.726Z - [WATCHER]: Processing file changes in outputs
[NX v21.4.1 Daemon Server] - 2025-09-13T16:47:33.757Z - [WATCHER]: Processing file changes in outputs
[NX v21.4.1 Daemon Server] - 2025-09-13T16:47:33.812Z - [WATCHER]: Processing file changes in outputs
[NX v21.4.1 Daemon Server] - 2025-09-13T16:47:33.936Z - [WATCHER]: Processing file changes in outputs
[NX v21.4.1 Daemon Server] - 2025-09-13T16:47:34.126Z - [WATCHER]: Processing file changes in outputs
[NX v21.4.1 Daemon Server] - 2025-09-13T16:47:34.251Z - [WATCHER]: Processing file changes in outputs
[NX v21.4.1 Daemon Server] - 2025-09-13T16:47:34.450Z - [WATCHER]: Processing file changes in outputs
[NX v21.4.1 Daemon Server] - 2025-09-13T16:47:36.190Z - [WATCHER]: Processing file changes in outputs
[NX v21.4.1 Daemon Server] - 2025-09-13T16:47:36.433Z - [WATCHER]: Processing file changes in outputs
[NX v21.4.1 Daemon Server] - 2025-09-13T16:47:40.124Z - [WATCHER]: apps/admin/app/features/University/Form/components/university.tsx was modified
[NX v21.4.1 Daemon Server] - 2025-09-13T16:47:40.126Z - [WATCHER]: Processing file changes in outputs
[NX v21.4.1 Daemon Server] - 2025-09-13T16:47:43.381Z - [WATCHER]: Processing file changes in outputs
[NX v21.4.1 Daemon Server] - 2025-09-13T16:47:45.402Z - [WATCHER]: Processing file changes in outputs
[NX v21.4.1 Daemon Server] - 2025-09-13T16:47:46.166Z - [WATCHER]: Processing file changes in outputs
[NX v21.4.1 Daemon Server] - 2025-09-13T16:47:46.178Z - [WATCHER]: apps/admin/app/features/University/Form/components/university.tsx was modified
[NX v21.4.1 Daemon Server] - 2025-09-13T16:47:46.538Z - [REQUEST]: Updated workspace context based on watched changes, recomputing project graph...
[NX v21.4.1 Daemon Server] - 2025-09-13T16:47:46.539Z - [REQUEST]: apps/admin/app/features/University/Form/components/university.tsx
[NX v21.4.1 Daemon Server] - 2025-09-13T16:47:46.539Z - [REQUEST]: 
[NX v21.4.1 Daemon Server] - 2025-09-13T16:47:46.561Z - Time taken for 'hash changed files from watcher' 5.900417000055313ms
Time for 'nx/core/package-json:createNodes' [33m36.87395799998194[39m
Time for 'nx/core/project-json:createNodes' [33m34.32095800014213[39m
Time for 'nx/js/dependencies-and-lockfile:createNodes' [33m119.4908329998143[39m
[NX v21.4.1 Daemon Server] - 2025-09-13T16:47:46.841Z - Time taken for 'build-project-configs' 255.2485839999281ms
Time for 'build typescript dependencies' [33m42.055332999676466[39m
[NX v21.4.1 Daemon Server] - 2025-09-13T16:47:47.005Z - Wrote project graph cache to /Users/3bird/Documents/personal/studycourse/education-site-frontend/.nx/workspace-data/project-graph.json
[NX v21.4.1 Daemon Server] - 2025-09-13T16:47:47.005Z - [SYNC]: collect registered sync generators
[NX v21.4.1 Daemon Server] - 2025-09-13T16:47:47.005Z - [SYNC]: project graph hash is the same, not collecting task sync generators
[NX v21.4.1 Daemon Server] - 2025-09-13T16:47:47.005Z - [SYNC]: nx.json hash is the same, not collecting global sync generators
[NX v21.4.1 Daemon Server] - 2025-09-13T16:47:47.006Z - Time taken for 'total execution time for createProjectGraph()' 178.9470000001602ms
[NX v21.4.1 Daemon Server] - 2025-09-13T16:47:47.772Z - [WATCHER]: Processing file changes in outputs
[NX v21.4.1 Daemon Server] - 2025-09-13T16:47:48.535Z - [WATCHER]: Processing file changes in outputs
[NX v21.4.1 Daemon Server] - 2025-09-13T16:47:57.208Z - [WATCHER]: Processing file changes in outputs
[NX v21.4.1 Daemon Server] - 2025-09-13T16:47:57.218Z - [WATCHER]: apps/admin/app/features/University/Form/components/university.tsx was modified
[NX v21.4.1 Daemon Server] - 2025-09-13T16:47:58.151Z - [WATCHER]: Processing file changes in outputs
[NX v21.4.1 Daemon Server] - 2025-09-13T16:47:58.204Z - [WATCHER]: Processing file changes in outputs
[NX v21.4.1 Daemon Server] - 2025-09-13T16:47:58.900Z - [WATCHER]: Processing file changes in outputs
[NX v21.4.1 Daemon Server] - 2025-09-13T16:48:03.623Z - [REQUEST]: Updated workspace context based on watched changes, recomputing project graph...
[NX v21.4.1 Daemon Server] - 2025-09-13T16:48:03.624Z - [REQUEST]: apps/admin/app/features/University/Form/components/university.tsx
[NX v21.4.1 Daemon Server] - 2025-09-13T16:48:03.624Z - [REQUEST]: 
[NX v21.4.1 Daemon Server] - 2025-09-13T16:48:03.628Z - Time taken for 'hash changed files from watcher' 1.5099170003086329ms
Time for 'nx/core/package-json:createNodes' [33m2.5846250001341105[39m
Time for 'nx/core/project-json:createNodes' [33m2.912375000305474[39m
Time for 'nx/js/dependencies-and-lockfile:createNodes' [33m27.1498329997994[39m
[NX v21.4.1 Daemon Server] - 2025-09-13T16:48:03.711Z - Time taken for 'build-project-configs' 77.75854100007564ms
Time for 'build typescript dependencies' [33m10.383167000021785[39m
[NX v21.4.1 Daemon Server] - 2025-09-13T16:48:03.840Z - Wrote project graph cache to /Users/3bird/Documents/personal/studycourse/education-site-frontend/.nx/workspace-data/project-graph.json
[NX v21.4.1 Daemon Server] - 2025-09-13T16:48:03.840Z - [SYNC]: collect registered sync generators
[NX v21.4.1 Daemon Server] - 2025-09-13T16:48:03.840Z - [SYNC]: project graph hash is the same, not collecting task sync generators
[NX v21.4.1 Daemon Server] - 2025-09-13T16:48:03.840Z - [SYNC]: nx.json hash is the same, not collecting global sync generators
[NX v21.4.1 Daemon Server] - 2025-09-13T16:48:03.841Z - Time taken for 'total execution time for createProjectGraph()' 120.31841700011864ms
[NX v21.4.1 Daemon Server] - 2025-09-13T16:48:14.081Z - [WATCHER]: apps/admin/app/features/University/Form/components/university.tsx was modified
[NX v21.4.1 Daemon Server] - 2025-09-13T16:48:14.082Z - [WATCHER]: Processing file changes in outputs
[NX v21.4.1 Daemon Server] - 2025-09-13T16:48:16.044Z - [WATCHER]: Processing file changes in outputs
[NX v21.4.1 Daemon Server] - 2025-09-13T16:48:16.423Z - [WATCHER]: Processing file changes in outputs
[NX v21.4.1 Daemon Server] - 2025-09-13T16:48:20.484Z - [REQUEST]: Updated workspace context based on watched changes, recomputing project graph...
[NX v21.4.1 Daemon Server] - 2025-09-13T16:48:20.485Z - [REQUEST]: apps/admin/app/features/University/Form/components/university.tsx
[NX v21.4.1 Daemon Server] - 2025-09-13T16:48:20.485Z - [REQUEST]: 
[NX v21.4.1 Daemon Server] - 2025-09-13T16:48:20.492Z - Time taken for 'hash changed files from watcher' 0.5939580001868308ms
Time for 'nx/core/package-json:createNodes' [33m16.78637500014156[39m
Time for 'nx/core/project-json:createNodes' [33m17.289290999993682[39m
Time for 'nx/js/dependencies-and-lockfile:createNodes' [33m38.38354200031608[39m
[NX v21.4.1 Daemon Server] - 2025-09-13T16:48:20.574Z - Time taken for 'build-project-configs' 81.68354200012982ms
[NX v21.4.1 Daemon Server] - 2025-09-13T16:48:20.576Z - [WATCHER]: apps/admin/app/features/University/Form/components/university.tsx was modified
[NX v21.4.1 Daemon Server] - 2025-09-13T16:48:20.576Z - [WATCHER]: Processing file changes in outputs
Time for 'build typescript dependencies' [33m14.884750000201166[39m
[NX v21.4.1 Daemon Server] - 2025-09-13T16:48:20.676Z - Wrote project graph cache to /Users/3bird/Documents/personal/studycourse/education-site-frontend/.nx/workspace-data/project-graph.json
[NX v21.4.1 Daemon Server] - 2025-09-13T16:48:20.676Z - [SYNC]: collect registered sync generators
[NX v21.4.1 Daemon Server] - 2025-09-13T16:48:20.676Z - [SYNC]: project graph hash is the same, not collecting task sync generators
[NX v21.4.1 Daemon Server] - 2025-09-13T16:48:20.676Z - [SYNC]: nx.json hash is the same, not collecting global sync generators
[NX v21.4.1 Daemon Server] - 2025-09-13T16:48:20.677Z - Time taken for 'total execution time for createProjectGraph()' 86.95670800004154ms
[NX v21.4.1 Daemon Server] - 2025-09-13T16:48:21.319Z - [WATCHER]: Processing file changes in outputs
[NX v21.4.1 Daemon Server] - 2025-09-13T16:48:21.794Z - [WATCHER]: Processing file changes in outputs
[NX v21.4.1 Daemon Server] - 2025-09-13T16:48:26.981Z - [REQUEST]: Updated workspace context based on watched changes, recomputing project graph...
[NX v21.4.1 Daemon Server] - 2025-09-13T16:48:26.982Z - [REQUEST]: apps/admin/app/features/University/Form/components/university.tsx
[NX v21.4.1 Daemon Server] - 2025-09-13T16:48:26.982Z - [REQUEST]: 
[NX v21.4.1 Daemon Server] - 2025-09-13T16:48:26.988Z - Time taken for 'hash changed files from watcher' 1.387375000398606ms
Time for 'nx/core/package-json:createNodes' [33m1.8902089996263385[39m
Time for 'nx/core/project-json:createNodes' [33m2.502375000156462[39m
Time for 'nx/js/dependencies-and-lockfile:createNodes' [33m22.448166000191122[39m
[NX v21.4.1 Daemon Server] - 2025-09-13T16:48:27.045Z - Time taken for 'build-project-configs' 50.800208000000566ms
Time for 'build typescript dependencies' [33m3.7375000002793968[39m
[NX v21.4.1 Daemon Server] - 2025-09-13T16:48:27.088Z - Wrote project graph cache to /Users/3bird/Documents/personal/studycourse/education-site-frontend/.nx/workspace-data/project-graph.json
[NX v21.4.1 Daemon Server] - 2025-09-13T16:48:27.088Z - [SYNC]: collect registered sync generators
[NX v21.4.1 Daemon Server] - 2025-09-13T16:48:27.089Z - [SYNC]: project graph hash is the same, not collecting task sync generators
[NX v21.4.1 Daemon Server] - 2025-09-13T16:48:27.089Z - [SYNC]: nx.json hash is the same, not collecting global sync generators
[NX v21.4.1 Daemon Server] - 2025-09-13T16:48:27.089Z - Time taken for 'total execution time for createProjectGraph()' 38.36874999990687ms
[NX v21.4.1 Daemon Server] - 2025-09-13T16:48:29.351Z - [WATCHER]: apps/admin/app/features/University/Form/components/university.tsx was modified
[NX v21.4.1 Daemon Server] - 2025-09-13T16:48:29.351Z - [WATCHER]: Processing file changes in outputs
[NX v21.4.1 Daemon Server] - 2025-09-13T16:48:29.954Z - [WATCHER]: Processing file changes in outputs
[NX v21.4.1 Daemon Server] - 2025-09-13T16:48:30.472Z - [WATCHER]: Processing file changes in outputs
[NX v21.4.1 Daemon Server] - 2025-09-13T16:48:35.753Z - [REQUEST]: Updated workspace context based on watched changes, recomputing project graph...
[NX v21.4.1 Daemon Server] - 2025-09-13T16:48:35.754Z - [REQUEST]: apps/admin/app/features/University/Form/components/university.tsx
[NX v21.4.1 Daemon Server] - 2025-09-13T16:48:35.754Z - [REQUEST]: 
[NX v21.4.1 Daemon Server] - 2025-09-13T16:48:35.758Z - Time taken for 'hash changed files from watcher' 0.6233749999664724ms
Time for 'nx/core/package-json:createNodes' [33m2.842875000089407[39m
Time for 'nx/core/project-json:createNodes' [33m9.962957999669015[39m
Time for 'nx/js/dependencies-and-lockfile:createNodes' [33m34.50541700003669[39m
[NX v21.4.1 Daemon Server] - 2025-09-13T16:48:35.809Z - Time taken for 'build-project-configs' 46.455415999982506ms
Time for 'build typescript dependencies' [33m0.021124999970197678[39m
[NX v21.4.1 Daemon Server] - 2025-09-13T16:48:35.898Z - Wrote project graph cache to /Users/3bird/Documents/personal/studycourse/education-site-frontend/.nx/workspace-data/project-graph.json
[NX v21.4.1 Daemon Server] - 2025-09-13T16:48:35.898Z - [SYNC]: collect registered sync generators
[NX v21.4.1 Daemon Server] - 2025-09-13T16:48:35.898Z - [SYNC]: project graph hash is the same, not collecting task sync generators
[NX v21.4.1 Daemon Server] - 2025-09-13T16:48:35.898Z - [SYNC]: nx.json hash is the same, not collecting global sync generators
[NX v21.4.1 Daemon Server] - 2025-09-13T16:48:35.898Z - Time taken for 'total execution time for createProjectGraph()' 63.05495799984783ms
[NX v21.4.1 Daemon Server] - 2025-09-13T16:48:38.188Z - [WATCHER]: Processing file changes in outputs
[NX v21.4.1 Daemon Server] - 2025-09-13T16:48:38.244Z - [WATCHER]: Processing file changes in outputs
[NX v21.4.1 Daemon Server] - 2025-09-13T16:49:28.279Z - [WATCHER]: apps/admin/app/features/University/Form/components/university.tsx was modified
[NX v21.4.1 Daemon Server] - 2025-09-13T16:49:28.283Z - [WATCHER]: Processing file changes in outputs
[NX v21.4.1 Daemon Server] - 2025-09-13T16:49:29.528Z - [WATCHER]: Processing file changes in outputs
[NX v21.4.1 Daemon Server] - 2025-09-13T16:49:29.898Z - [WATCHER]: Processing file changes in outputs
[NX v21.4.1 Daemon Server] - 2025-09-13T16:49:34.687Z - [REQUEST]: Updated workspace context based on watched changes, recomputing project graph...
[NX v21.4.1 Daemon Server] - 2025-09-13T16:49:34.687Z - [REQUEST]: apps/admin/app/features/University/Form/components/university.tsx
[NX v21.4.1 Daemon Server] - 2025-09-13T16:49:34.688Z - [REQUEST]: 
[NX v21.4.1 Daemon Server] - 2025-09-13T16:49:34.693Z - Time taken for 'hash changed files from watcher' 1.6202920000068843ms
Time for 'nx/core/package-json:createNodes' [33m4.791499999817461[39m
Time for 'nx/core/project-json:createNodes' [33m6.094124999828637[39m
Time for 'nx/js/dependencies-and-lockfile:createNodes' [33m40.84537500003353[39m
[NX v21.4.1 Daemon Server] - 2025-09-13T16:49:34.779Z - Time taken for 'build-project-configs' 72.95412499969825ms
Time for 'build typescript dependencies' [33m0.20383300026878715[39m
[NX v21.4.1 Daemon Server] - 2025-09-13T16:49:34.844Z - Wrote project graph cache to /Users/3bird/Documents/personal/studycourse/education-site-frontend/.nx/workspace-data/project-graph.json
[NX v21.4.1 Daemon Server] - 2025-09-13T16:49:34.844Z - [SYNC]: collect registered sync generators
[NX v21.4.1 Daemon Server] - 2025-09-13T16:49:34.844Z - [SYNC]: project graph hash is the same, not collecting task sync generators
[NX v21.4.1 Daemon Server] - 2025-09-13T16:49:34.844Z - [SYNC]: nx.json hash is the same, not collecting global sync generators
[NX v21.4.1 Daemon Server] - 2025-09-13T16:49:34.844Z - Time taken for 'total execution time for createProjectGraph()' 66.93820799980313ms
[NX v21.4.1 Daemon Server] - 2025-09-13T16:50:30.983Z - [WATCHER]: Processing file changes in outputs
[NX v21.4.1 Daemon Server] - 2025-09-13T16:50:31.277Z - [WATCHER]: Processing file changes in outputs
[NX v21.4.1 Daemon Server] - 2025-09-13T16:50:31.375Z - [WATCHER]: Processing file changes in outputs
[NX v21.4.1 Daemon Server] - 2025-09-13T16:50:31.428Z - [WATCHER]: Processing file changes in outputs
[NX v21.4.1 Daemon Server] - 2025-09-13T16:50:31.661Z - [WATCHER]: Processing file changes in outputs
[NX v21.4.1 Daemon Server] - 2025-09-13T16:50:33.179Z - [WATCHER]: Processing file changes in outputs
[NX v21.4.1 Daemon Server] - 2025-09-13T16:50:33.258Z - [WATCHER]: Processing file changes in outputs
[NX v21.4.1 Daemon Server] - 2025-09-13T16:50:33.818Z - [WATCHER]: Processing file changes in outputs
[NX v21.4.1 Daemon Server] - 2025-09-13T16:50:34.434Z - [WATCHER]: Processing file changes in outputs
[NX v21.4.1 Daemon Server] - 2025-09-13T16:50:34.596Z - [WATCHER]: Processing file changes in outputs
[NX v21.4.1 Daemon Server] - 2025-09-13T16:50:34.882Z - [WATCHER]: Processing file changes in outputs
[NX v21.4.1 Daemon Server] - 2025-09-13T16:50:35.004Z - [WATCHER]: Processing file changes in outputs
[NX v21.4.1 Daemon Server] - 2025-09-13T16:50:35.220Z - [WATCHER]: Processing file changes in outputs
[NX v21.4.1 Daemon Server] - 2025-09-13T16:50:35.229Z - [WATCHER]: apps/admin/app/features/University/Form/components/university.tsx was modified
[NX v21.4.1 Daemon Server] - 2025-09-13T16:50:36.178Z - [WATCHER]: Processing file changes in outputs
[NX v21.4.1 Daemon Server] - 2025-09-13T16:50:36.942Z - [WATCHER]: Processing file changes in outputs
[NX v21.4.1 Daemon Server] - 2025-09-13T16:50:37.959Z - [WATCHER]: Processing file changes in outputs
[NX v21.4.1 Daemon Server] - 2025-09-13T16:50:38.786Z - [WATCHER]: Processing file changes in outputs
[NX v21.4.1 Daemon Server] - 2025-09-13T16:50:41.636Z - [REQUEST]: Updated workspace context based on watched changes, recomputing project graph...
[NX v21.4.1 Daemon Server] - 2025-09-13T16:50:41.637Z - [REQUEST]: apps/admin/app/features/University/Form/components/university.tsx
[NX v21.4.1 Daemon Server] - 2025-09-13T16:50:41.637Z - [REQUEST]: 
[NX v21.4.1 Daemon Server] - 2025-09-13T16:50:41.644Z - Time taken for 'hash changed files from watcher' 1.946666999720037ms
Time for 'nx/core/package-json:createNodes' [33m3.9151660003699362[39m
Time for 'nx/core/project-json:createNodes' [33m4.625583000015467[39m
Time for 'nx/js/dependencies-and-lockfile:createNodes' [33m22.104707999620587[39m
[NX v21.4.1 Daemon Server] - 2025-09-13T16:50:41.694Z - Time taken for 'build-project-configs' 45.33062499994412ms
Time for 'build typescript dependencies' [33m18.78499999968335[39m
[NX v21.4.1 Daemon Server] - 2025-09-13T16:50:41.779Z - Wrote project graph cache to /Users/3bird/Documents/personal/studycourse/education-site-frontend/.nx/workspace-data/project-graph.json
[NX v21.4.1 Daemon Server] - 2025-09-13T16:50:41.779Z - [SYNC]: collect registered sync generators
[NX v21.4.1 Daemon Server] - 2025-09-13T16:50:41.779Z - [SYNC]: project graph hash is the same, not collecting task sync generators
[NX v21.4.1 Daemon Server] - 2025-09-13T16:50:41.779Z - [SYNC]: nx.json hash is the same, not collecting global sync generators
[NX v21.4.1 Daemon Server] - 2025-09-13T16:50:41.779Z - Time taken for 'total execution time for createProjectGraph()' 79.50449999980628ms
[NX v21.4.1 Daemon Server] - 2025-09-13T16:50:53.782Z - [WATCHER]: Processing file changes in outputs
[NX v21.4.1 Daemon Server] - 2025-09-13T16:50:53.786Z - [WATCHER]: apps/admin/app/features/University/Form/components/university.tsx was modified
[NX v21.4.1 Daemon Server] - 2025-09-13T16:50:54.471Z - [WATCHER]: Processing file changes in outputs
[NX v21.4.1 Daemon Server] - 2025-09-13T16:50:54.854Z - [WATCHER]: Processing file changes in outputs
[NX v21.4.1 Daemon Server] - 2025-09-13T16:50:58.571Z - [WATCHER]: apps/admin/app/features/University/Form/components/university.tsx was modified
[NX v21.4.1 Daemon Server] - 2025-09-13T16:50:58.572Z - [WATCHER]: Processing file changes in outputs
[NX v21.4.1 Daemon Server] - 2025-09-13T16:50:59.827Z - [WATCHER]: Processing file changes in outputs
[NX v21.4.1 Daemon Server] - 2025-09-13T16:51:00.188Z - [REQUEST]: Updated workspace context based on watched changes, recomputing project graph...
[NX v21.4.1 Daemon Server] - 2025-09-13T16:51:00.188Z - [REQUEST]: apps/admin/app/features/University/Form/components/university.tsx
[NX v21.4.1 Daemon Server] - 2025-09-13T16:51:00.188Z - [REQUEST]: 
[NX v21.4.1 Daemon Server] - 2025-09-13T16:51:00.192Z - Time taken for 'hash changed files from watcher' 0.5948330000974238ms
Time for 'nx/core/package-json:createNodes' [33m1.1910830000415444[39m
Time for 'nx/core/project-json:createNodes' [33m1.8906670003198087[39m
Time for 'nx/js/dependencies-and-lockfile:createNodes' [33m11.485041999723762[39m
[NX v21.4.1 Daemon Server] - 2025-09-13T16:51:00.231Z - Time taken for 'build-project-configs' 29.538665999658406ms
Time for 'build typescript dependencies' [33m25.04012499982491[39m
[NX v21.4.1 Daemon Server] - 2025-09-13T16:51:00.380Z - Wrote project graph cache to /Users/3bird/Documents/personal/studycourse/education-site-frontend/.nx/workspace-data/project-graph.json
[NX v21.4.1 Daemon Server] - 2025-09-13T16:51:00.380Z - [SYNC]: collect registered sync generators
[NX v21.4.1 Daemon Server] - 2025-09-13T16:51:00.381Z - [SYNC]: project graph hash is the same, not collecting task sync generators
[NX v21.4.1 Daemon Server] - 2025-09-13T16:51:00.381Z - [SYNC]: nx.json hash is the same, not collecting global sync generators
[NX v21.4.1 Daemon Server] - 2025-09-13T16:51:00.396Z - Time taken for 'total execution time for createProjectGraph()' 142.45954199973494ms
[NX v21.4.1 Daemon Server] - 2025-09-13T16:51:00.620Z - [WATCHER]: Processing file changes in outputs
[NX v21.4.1 Daemon Server] - 2025-09-13T16:51:09.973Z - [WATCHER]: apps/admin/app/features/University/Form/components/university.tsx was modified
[NX v21.4.1 Daemon Server] - 2025-09-13T16:51:09.976Z - [WATCHER]: Processing file changes in outputs
[NX v21.4.1 Daemon Server] - 2025-09-13T16:51:10.867Z - [WATCHER]: Processing file changes in outputs
[NX v21.4.1 Daemon Server] - 2025-09-13T16:51:11.385Z - [WATCHER]: Processing file changes in outputs
[NX v21.4.1 Daemon Server] - 2025-09-13T16:51:13.787Z - [WATCHER]: apps/admin/app/features/University/Form/components/university.tsx was modified
[NX v21.4.1 Daemon Server] - 2025-09-13T16:51:13.789Z - [WATCHER]: Processing file changes in outputs
[NX v21.4.1 Daemon Server] - 2025-09-13T16:51:14.612Z - [WATCHER]: Processing file changes in outputs
[NX v21.4.1 Daemon Server] - 2025-09-13T16:51:14.763Z - [WATCHER]: Processing file changes in outputs
[NX v21.4.1 Daemon Server] - 2025-09-13T16:51:14.815Z - [WATCHER]: Processing file changes in outputs
[NX v21.4.1 Daemon Server] - 2025-09-13T16:51:14.875Z - [WATCHER]: Processing file changes in outputs
[NX v21.4.1 Daemon Server] - 2025-09-13T16:51:15.612Z - [WATCHER]: Processing file changes in outputs
[NX v21.4.1 Daemon Server] - 2025-09-13T16:51:16.378Z - [REQUEST]: Updated workspace context based on watched changes, recomputing project graph...
[NX v21.4.1 Daemon Server] - 2025-09-13T16:51:16.378Z - [REQUEST]: apps/admin/app/features/University/Form/components/university.tsx
[NX v21.4.1 Daemon Server] - 2025-09-13T16:51:16.378Z - [REQUEST]: 
[NX v21.4.1 Daemon Server] - 2025-09-13T16:51:16.380Z - Time taken for 'hash changed files from watcher' 0.48262500017881393ms
Time for 'nx/core/package-json:createNodes' [33m1.0145829999819398[39m
Time for 'nx/core/project-json:createNodes' [33m1.710541999898851[39m
Time for 'nx/js/dependencies-and-lockfile:createNodes' [33m14.096417000051588[39m
[NX v21.4.1 Daemon Server] - 2025-09-13T16:51:16.409Z - Time taken for 'build-project-configs' 24.65329199982807ms
Time for 'build typescript dependencies' [33m6.495207999832928[39m
[NX v21.4.1 Daemon Server] - 2025-09-13T16:51:16.464Z - Wrote project graph cache to /Users/3bird/Documents/personal/studycourse/education-site-frontend/.nx/workspace-data/project-graph.json
[NX v21.4.1 Daemon Server] - 2025-09-13T16:51:16.464Z - [SYNC]: collect registered sync generators
[NX v21.4.1 Daemon Server] - 2025-09-13T16:51:16.464Z - [SYNC]: project graph hash is the same, not collecting task sync generators
[NX v21.4.1 Daemon Server] - 2025-09-13T16:51:16.464Z - [SYNC]: nx.json hash is the same, not collecting global sync generators
[NX v21.4.1 Daemon Server] - 2025-09-13T16:51:16.464Z - Time taken for 'total execution time for createProjectGraph()' 51.36358399968594ms
[NX v21.4.1 Daemon Server] - 2025-09-13T16:51:25.472Z - [WATCHER]: apps/admin/app/features/University/Form/components/university.tsx was modified
[NX v21.4.1 Daemon Server] - 2025-09-13T16:51:25.473Z - [WATCHER]: Processing file changes in outputs
[NX v21.4.1 Daemon Server] - 2025-09-13T16:51:26.275Z - [WATCHER]: Processing file changes in outputs
[NX v21.4.1 Daemon Server] - 2025-09-13T16:51:26.857Z - [WATCHER]: Processing file changes in outputs
[NX v21.4.1 Daemon Server] - 2025-09-13T16:51:26.941Z - [WATCHER]: Processing file changes in outputs
[NX v21.4.1 Daemon Server] - 2025-09-13T16:51:27.022Z - [WATCHER]: Processing file changes in outputs
[NX v21.4.1 Daemon Server] - 2025-09-13T16:51:31.874Z - [REQUEST]: Updated workspace context based on watched changes, recomputing project graph...
[NX v21.4.1 Daemon Server] - 2025-09-13T16:51:31.875Z - [REQUEST]: apps/admin/app/features/University/Form/components/university.tsx
[NX v21.4.1 Daemon Server] - 2025-09-13T16:51:31.875Z - [REQUEST]: 
[NX v21.4.1 Daemon Server] - 2025-09-13T16:51:31.878Z - Time taken for 'hash changed files from watcher' 0.8163749999366701ms
Time for 'nx/core/package-json:createNodes' [33m1.2978330003097653[39m
Time for 'nx/core/project-json:createNodes' [33m1.8849590001627803[39m
Time for 'nx/js/dependencies-and-lockfile:createNodes' [33m13.22304099984467[39m
[NX v21.4.1 Daemon Server] - 2025-09-13T16:51:31.920Z - Time taken for 'build-project-configs' 27.16037499997765ms
Time for 'build typescript dependencies' [33m12.984750000294298[39m
[NX v21.4.1 Daemon Server] - 2025-09-13T16:51:31.981Z - Wrote project graph cache to /Users/3bird/Documents/personal/studycourse/education-site-frontend/.nx/workspace-data/project-graph.json
[NX v21.4.1 Daemon Server] - 2025-09-13T16:51:31.982Z - [SYNC]: collect registered sync generators
[NX v21.4.1 Daemon Server] - 2025-09-13T16:51:31.982Z - [SYNC]: project graph hash is the same, not collecting task sync generators
[NX v21.4.1 Daemon Server] - 2025-09-13T16:51:31.982Z - [SYNC]: nx.json hash is the same, not collecting global sync generators
[NX v21.4.1 Daemon Server] - 2025-09-13T16:51:31.982Z - Time taken for 'total execution time for createProjectGraph()' 67.22766699967906ms
[NX v21.4.1 Daemon Server] - 2025-09-13T16:51:32.889Z - [WATCHER]: apps/admin/app/features/University/Form/components/university.tsx was modified
[NX v21.4.1 Daemon Server] - 2025-09-13T16:51:32.889Z - [WATCHER]: Processing file changes in outputs
[NX v21.4.1 Daemon Server] - 2025-09-13T16:51:32.925Z - [WATCHER]: apps/admin/app/features/University/Form/components/university.tsx was modified
[NX v21.4.1 Daemon Server] - 2025-09-13T16:51:32.929Z - [WATCHER]: Processing file changes in outputs
[NX v21.4.1 Daemon Server] - 2025-09-13T16:51:33.959Z - [WATCHER]: Processing file changes in outputs
[NX v21.4.1 Daemon Server] - 2025-09-13T16:51:34.401Z - [WATCHER]: Processing file changes in outputs
[NX v21.4.1 Daemon Server] - 2025-09-13T16:51:37.055Z - [WATCHER]: Processing file changes in outputs
[NX v21.4.1 Daemon Server] - 2025-09-13T16:51:37.058Z - [WATCHER]: apps/admin/app/features/University/Form/components/university.tsx was modified
[NX v21.4.1 Daemon Server] - 2025-09-13T16:51:37.661Z - [WATCHER]: Processing file changes in outputs
[NX v21.4.1 Daemon Server] - 2025-09-13T16:51:38.669Z - [WATCHER]: Processing file changes in outputs
[NX v21.4.1 Daemon Server] - 2025-09-13T16:51:39.291Z - [REQUEST]: Updated workspace context based on watched changes, recomputing project graph...
[NX v21.4.1 Daemon Server] - 2025-09-13T16:51:39.291Z - [REQUEST]: apps/admin/app/features/University/Form/components/university.tsx
[NX v21.4.1 Daemon Server] - 2025-09-13T16:51:39.291Z - [REQUEST]: 
[NX v21.4.1 Daemon Server] - 2025-09-13T16:51:39.295Z - Time taken for 'hash changed files from watcher' 0.6734999995678663ms
Time for 'nx/core/package-json:createNodes' [33m0.9308749996125698[39m
Time for 'nx/core/project-json:createNodes' [33m2.336959000211209[39m
Time for 'nx/js/dependencies-and-lockfile:createNodes' [33m13.39325000019744[39m
[NX v21.4.1 Daemon Server] - 2025-09-13T16:51:39.341Z - Time taken for 'build-project-configs' 27.60870899958536ms
Time for 'build typescript dependencies' [33m3.922208999749273[39m
[NX v21.4.1 Daemon Server] - 2025-09-13T16:51:39.390Z - Wrote project graph cache to /Users/3bird/Documents/personal/studycourse/education-site-frontend/.nx/workspace-data/project-graph.json
[NX v21.4.1 Daemon Server] - 2025-09-13T16:51:39.390Z - [SYNC]: collect registered sync generators
[NX v21.4.1 Daemon Server] - 2025-09-13T16:51:39.391Z - [SYNC]: project graph hash is the same, not collecting task sync generators
[NX v21.4.1 Daemon Server] - 2025-09-13T16:51:39.391Z - [SYNC]: nx.json hash is the same, not collecting global sync generators
[NX v21.4.1 Daemon Server] - 2025-09-13T16:51:39.391Z - Time taken for 'total execution time for createProjectGraph()' 59.824666999746114ms
[NX v21.4.1 Daemon Server] - 2025-09-13T16:51:40.550Z - [WATCHER]: apps/admin/app/features/University/Form/components/university.tsx was modified
[NX v21.4.1 Daemon Server] - 2025-09-13T16:51:40.551Z - [WATCHER]: Processing file changes in outputs
[NX v21.4.1 Daemon Server] - 2025-09-13T16:51:41.240Z - [WATCHER]: Processing file changes in outputs
[NX v21.4.1 Daemon Server] - 2025-09-13T16:51:41.597Z - [WATCHER]: Processing file changes in outputs
[NX v21.4.1 Daemon Server] - 2025-09-13T16:51:44.028Z - [WATCHER]: Processing file changes in outputs
[NX v21.4.1 Daemon Server] - 2025-09-13T16:51:44.030Z - [WATCHER]: apps/admin/app/features/University/Form/components/university.tsx was modified
[NX v21.4.1 Daemon Server] - 2025-09-13T16:51:44.659Z - [WATCHER]: Processing file changes in outputs
[NX v21.4.1 Daemon Server] - 2025-09-13T16:51:45.026Z - [WATCHER]: Processing file changes in outputs
[NX v21.4.1 Daemon Server] - 2025-09-13T16:51:46.956Z - [REQUEST]: Updated workspace context based on watched changes, recomputing project graph...
[NX v21.4.1 Daemon Server] - 2025-09-13T16:51:46.956Z - [REQUEST]: apps/admin/app/features/University/Form/components/university.tsx
[NX v21.4.1 Daemon Server] - 2025-09-13T16:51:46.957Z - [REQUEST]: 
[NX v21.4.1 Daemon Server] - 2025-09-13T16:51:46.963Z - Time taken for 'hash changed files from watcher' 1.9590000002644956ms
Time for 'nx/core/package-json:createNodes' [33m1.5152920000255108[39m
Time for 'nx/core/project-json:createNodes' [33m2.791333000175655[39m
Time for 'nx/js/dependencies-and-lockfile:createNodes' [33m31.67541699996218[39m
[NX v21.4.1 Daemon Server] - 2025-09-13T16:51:47.015Z - Time taken for 'build-project-configs' 48.12912499997765ms
Time for 'build typescript dependencies' [33m0.02137500001117587[39m
[NX v21.4.1 Daemon Server] - 2025-09-13T16:51:47.066Z - Wrote project graph cache to /Users/3bird/Documents/personal/studycourse/education-site-frontend/.nx/workspace-data/project-graph.json
[NX v21.4.1 Daemon Server] - 2025-09-13T16:51:47.067Z - [SYNC]: collect registered sync generators
[NX v21.4.1 Daemon Server] - 2025-09-13T16:51:47.067Z - [SYNC]: project graph hash is the same, not collecting task sync generators
[NX v21.4.1 Daemon Server] - 2025-09-13T16:51:47.067Z - [SYNC]: nx.json hash is the same, not collecting global sync generators
[NX v21.4.1 Daemon Server] - 2025-09-13T16:51:47.067Z - Time taken for 'total execution time for createProjectGraph()' 44.02804199978709ms
[NX v21.4.1 Daemon Server] - 2025-09-13T16:52:06.140Z - [WATCHER]: Processing file changes in outputs
[NX v21.4.1 Daemon Server] - 2025-09-13T16:52:06.731Z - [WATCHER]: Processing file changes in outputs
[NX v21.4.1 Daemon Server] - 2025-09-13T16:53:07.317Z - [WATCHER]: Processing file changes in outputs
[NX v21.4.1 Daemon Server] - 2025-09-13T16:53:07.341Z - [WATCHER]: apps/admin/app/features/University/Form/components/university.tsx was modified
[NX v21.4.1 Daemon Server] - 2025-09-13T16:53:08.315Z - [WATCHER]: Processing file changes in outputs
[NX v21.4.1 Daemon Server] - 2025-09-13T16:53:09.314Z - [WATCHER]: Processing file changes in outputs
[NX v21.4.1 Daemon Server] - 2025-09-13T16:53:10.557Z - [WATCHER]: Processing file changes in outputs
[NX v21.4.1 Daemon Server] - 2025-09-13T16:53:10.872Z - [WATCHER]: Processing file changes in outputs
[NX v21.4.1 Daemon Server] - 2025-09-13T16:53:11.692Z - [WATCHER]: apps/admin/app/features/University/Form/components/university.tsx was modified
[NX v21.4.1 Daemon Server] - 2025-09-13T16:53:11.692Z - [WATCHER]: Processing file changes in outputs
[NX v21.4.1 Daemon Server] - 2025-09-13T16:53:12.019Z - [WATCHER]: Processing file changes in outputs
[NX v21.4.1 Daemon Server] - 2025-09-13T16:53:12.082Z - [WATCHER]: Processing file changes in outputs
[NX v21.4.1 Daemon Server] - 2025-09-13T16:53:13.058Z - [WATCHER]: Processing file changes in outputs
[NX v21.4.1 Daemon Server] - 2025-09-13T16:53:13.748Z - [REQUEST]: Updated workspace context based on watched changes, recomputing project graph...
[NX v21.4.1 Daemon Server] - 2025-09-13T16:53:13.748Z - [REQUEST]: apps/admin/app/features/University/Form/components/university.tsx
[NX v21.4.1 Daemon Server] - 2025-09-13T16:53:13.748Z - [REQUEST]: 
[NX v21.4.1 Daemon Server] - 2025-09-13T16:53:13.756Z - Time taken for 'hash changed files from watcher' 1.511540999636054ms
Time for 'nx/core/package-json:createNodes' [33m7.714416999835521[39m
Time for 'nx/core/project-json:createNodes' [33m8.979083000216633[39m
Time for 'nx/js/dependencies-and-lockfile:createNodes' [33m28.447333000134677[39m
[NX v21.4.1 Daemon Server] - 2025-09-13T16:53:13.823Z - Time taken for 'build-project-configs' 60.78374999994412ms
Time for 'build typescript dependencies' [33m10.044542000163347[39m
[NX v21.4.1 Daemon Server] - 2025-09-13T16:53:13.907Z - Wrote project graph cache to /Users/3bird/Documents/personal/studycourse/education-site-frontend/.nx/workspace-data/project-graph.json
[NX v21.4.1 Daemon Server] - 2025-09-13T16:53:13.907Z - [SYNC]: collect registered sync generators
[NX v21.4.1 Daemon Server] - 2025-09-13T16:53:13.907Z - [SYNC]: project graph hash is the same, not collecting task sync generators
[NX v21.4.1 Daemon Server] - 2025-09-13T16:53:13.907Z - [SYNC]: nx.json hash is the same, not collecting global sync generators
[NX v21.4.1 Daemon Server] - 2025-09-13T16:53:13.907Z - Time taken for 'total execution time for createProjectGraph()' 80.65475000021979ms
[NX v21.4.1 Daemon Server] - 2025-09-13T16:53:14.043Z - [WATCHER]: Processing file changes in outputs
[NX v21.4.1 Daemon Server] - 2025-09-13T16:53:15.369Z - [WATCHER]: Processing file changes in outputs
[NX v21.4.1 Daemon Server] - 2025-09-13T16:53:15.863Z - [WATCHER]: Processing file changes in outputs
[NX v21.4.1 Daemon Server] - 2025-09-13T16:53:17.184Z - [WATCHER]: apps/admin/app/features/University/Form/components/university.tsx was modified
[NX v21.4.1 Daemon Server] - 2025-09-13T16:53:17.189Z - [WATCHER]: Processing file changes in outputs
[NX v21.4.1 Daemon Server] - 2025-09-13T16:53:18.265Z - [WATCHER]: Processing file changes in outputs
[NX v21.4.1 Daemon Server] - 2025-09-13T16:53:18.315Z - [WATCHER]: Processing file changes in outputs
[NX v21.4.1 Daemon Server] - 2025-09-13T16:53:18.887Z - [WATCHER]: Processing file changes in outputs
[NX v21.4.1 Daemon Server] - 2025-09-13T16:53:23.498Z - [WATCHER]: apps/admin/app/features/University/Form/components/university.tsx was modified
[NX v21.4.1 Daemon Server] - 2025-09-13T16:53:23.499Z - [WATCHER]: Processing file changes in outputs
[NX v21.4.1 Daemon Server] - 2025-09-13T16:53:23.595Z - [REQUEST]: Updated workspace context based on watched changes, recomputing project graph...
[NX v21.4.1 Daemon Server] - 2025-09-13T16:53:23.595Z - [REQUEST]: apps/admin/app/features/University/Form/components/university.tsx
[NX v21.4.1 Daemon Server] - 2025-09-13T16:53:23.595Z - [REQUEST]: 
[NX v21.4.1 Daemon Server] - 2025-09-13T16:53:23.614Z - Time taken for 'hash changed files from watcher' 4.366875000298023ms
Time for 'nx/core/package-json:createNodes' [33m6.618749999906868[39m
Time for 'nx/core/project-json:createNodes' [33m7.780582999810576[39m
Time for 'nx/js/dependencies-and-lockfile:createNodes' [33m47.57341599976644[39m
[NX v21.4.1 Daemon Server] - 2025-09-13T16:53:23.714Z - Time taken for 'build-project-configs' 89.45800000010058ms
Time for 'build typescript dependencies' [33m22.53491699974984[39m
[NX v21.4.1 Daemon Server] - 2025-09-13T16:53:23.866Z - Wrote project graph cache to /Users/3bird/Documents/personal/studycourse/education-site-frontend/.nx/workspace-data/project-graph.json
[NX v21.4.1 Daemon Server] - 2025-09-13T16:53:23.866Z - [SYNC]: collect registered sync generators
[NX v21.4.1 Daemon Server] - 2025-09-13T16:53:23.866Z - [SYNC]: project graph hash is the same, not collecting task sync generators
[NX v21.4.1 Daemon Server] - 2025-09-13T16:53:23.866Z - [SYNC]: nx.json hash is the same, not collecting global sync generators
[NX v21.4.1 Daemon Server] - 2025-09-13T16:53:23.866Z - Time taken for 'total execution time for createProjectGraph()' 152.35316599998623ms
[NX v21.4.1 Daemon Server] - 2025-09-13T16:53:24.300Z - [WATCHER]: Processing file changes in outputs
[NX v21.4.1 Daemon Server] - 2025-09-13T16:53:24.846Z - [WATCHER]: Processing file changes in outputs
[NX v21.4.1 Daemon Server] - 2025-09-13T16:53:25.755Z - [WATCHER]: apps/admin/app/features/University/Form/components/university.tsx was modified
[NX v21.4.1 Daemon Server] - 2025-09-13T16:53:25.756Z - [WATCHER]: Processing file changes in outputs
[NX v21.4.1 Daemon Server] - 2025-09-13T16:53:26.491Z - [WATCHER]: Processing file changes in outputs
[NX v21.4.1 Daemon Server] - 2025-09-13T16:53:26.835Z - [WATCHER]: Processing file changes in outputs
[NX v21.4.1 Daemon Server] - 2025-09-13T16:53:32.162Z - [REQUEST]: Updated workspace context based on watched changes, recomputing project graph...
[NX v21.4.1 Daemon Server] - 2025-09-13T16:53:32.163Z - [REQUEST]: apps/admin/app/features/University/Form/components/university.tsx
[NX v21.4.1 Daemon Server] - 2025-09-13T16:53:32.164Z - [REQUEST]: 
[NX v21.4.1 Daemon Server] - 2025-09-13T16:53:32.173Z - Time taken for 'hash changed files from watcher' 2.5665410002693534ms
Time for 'nx/core/package-json:createNodes' [33m2.2598330001346767[39m
Time for 'nx/core/project-json:createNodes' [33m3.03899999987334[39m
Time for 'nx/js/dependencies-and-lockfile:createNodes' [33m21.436709000263363[39m
[NX v21.4.1 Daemon Server] - 2025-09-13T16:53:32.219Z - Time taken for 'build-project-configs' 44.396083999890834ms
Time for 'build typescript dependencies' [33m0.025791000109165907[39m
[NX v21.4.1 Daemon Server] - 2025-09-13T16:53:32.257Z - Wrote project graph cache to /Users/3bird/Documents/personal/studycourse/education-site-frontend/.nx/workspace-data/project-graph.json
[NX v21.4.1 Daemon Server] - 2025-09-13T16:53:32.257Z - [SYNC]: collect registered sync generators
[NX v21.4.1 Daemon Server] - 2025-09-13T16:53:32.257Z - [SYNC]: project graph hash is the same, not collecting task sync generators
[NX v21.4.1 Daemon Server] - 2025-09-13T16:53:32.257Z - [SYNC]: nx.json hash is the same, not collecting global sync generators
[NX v21.4.1 Daemon Server] - 2025-09-13T16:53:32.257Z - Time taken for 'total execution time for createProjectGraph()' 36.37387500004843ms
[NX v21.4.1 Daemon Server] - 2025-09-13T16:53:35.397Z - [WATCHER]: Processing file changes in outputs
[NX v21.4.1 Daemon Server] - 2025-09-13T16:53:35.716Z - [WATCHER]: Processing file changes in outputs
[NX v21.4.1 Daemon Server] - 2025-09-13T16:54:36.600Z - [WATCHER]: Processing file changes in outputs
[NX v21.4.1 Daemon Server] - 2025-09-13T16:54:36.974Z - [WATCHER]: Processing file changes in outputs
[NX v21.4.1 Daemon Server] - 2025-09-13T16:54:37.170Z - [WATCHER]: Processing file changes in outputs
[NX v21.4.1 Daemon Server] - 2025-09-13T16:54:37.941Z - [WATCHER]: Processing file changes in outputs
[NX v21.4.1 Daemon Server] - 2025-09-13T16:55:06.081Z - [WATCHER]: apps/admin/app/features/University/Form/components/university.tsx was modified
[NX v21.4.1 Daemon Server] - 2025-09-13T16:55:06.094Z - [WATCHER]: Processing file changes in outputs
[NX v21.4.1 Daemon Server] - 2025-09-13T16:55:07.581Z - [WATCHER]: Processing file changes in outputs
[NX v21.4.1 Daemon Server] - 2025-09-13T16:55:08.456Z - [WATCHER]: Processing file changes in outputs
[NX v21.4.1 Daemon Server] - 2025-09-13T16:55:11.216Z - [WATCHER]: Processing file changes in outputs
[NX v21.4.1 Daemon Server] - 2025-09-13T16:55:11.222Z - [WATCHER]: apps/admin/app/features/University/Form/components/university.tsx was modified
[NX v21.4.1 Daemon Server] - 2025-09-13T16:55:12.451Z - [WATCHER]: Processing file changes in outputs
[NX v21.4.1 Daemon Server] - 2025-09-13T16:55:12.518Z - [REQUEST]: Updated workspace context based on watched changes, recomputing project graph...
[NX v21.4.1 Daemon Server] - 2025-09-13T16:55:12.518Z - [REQUEST]: apps/admin/app/features/University/Form/components/university.tsx
[NX v21.4.1 Daemon Server] - 2025-09-13T16:55:12.519Z - [REQUEST]: 
[NX v21.4.1 Daemon Server] - 2025-09-13T16:55:12.553Z - Time taken for 'hash changed files from watcher' 3.847457999829203ms
Time for 'nx/core/package-json:createNodes' [33m11.184708999935538[39m
Time for 'nx/core/project-json:createNodes' [33m8.961915999650955[39m
Time for 'nx/js/dependencies-and-lockfile:createNodes' [33m62.39349999977276[39m
[NX v21.4.1 Daemon Server] - 2025-09-13T16:55:12.740Z - Time taken for 'build-project-configs' 189.69287499971688ms
Time for 'build typescript dependencies' [33m22.476665999740362[39m
[NX v21.4.1 Daemon Server] - 2025-09-13T16:55:12.855Z - Wrote project graph cache to /Users/3bird/Documents/personal/studycourse/education-site-frontend/.nx/workspace-data/project-graph.json
[NX v21.4.1 Daemon Server] - 2025-09-13T16:55:12.855Z - [SYNC]: collect registered sync generators
[NX v21.4.1 Daemon Server] - 2025-09-13T16:55:12.855Z - [SYNC]: project graph hash is the same, not collecting task sync generators
[NX v21.4.1 Daemon Server] - 2025-09-13T16:55:12.855Z - [SYNC]: nx.json hash is the same, not collecting global sync generators
[NX v21.4.1 Daemon Server] - 2025-09-13T16:55:12.856Z - Time taken for 'total execution time for createProjectGraph()' 119.07220799988136ms
[NX v21.4.1 Daemon Server] - 2025-09-13T16:55:13.390Z - [WATCHER]: Processing file changes in outputs
[NX v21.4.1 Daemon Server] - 2025-09-13T16:55:15.263Z - [WATCHER]: apps/admin/app/features/University/Form/components/university.tsx was modified
[NX v21.4.1 Daemon Server] - 2025-09-13T16:55:15.263Z - [WATCHER]: Processing file changes in outputs
[NX v21.4.1 Daemon Server] - 2025-09-13T16:55:15.994Z - [WATCHER]: Processing file changes in outputs
[NX v21.4.1 Daemon Server] - 2025-09-13T16:55:16.417Z - [WATCHER]: Processing file changes in outputs
[NX v21.4.1 Daemon Server] - 2025-09-13T16:55:19.810Z - [WATCHER]: apps/admin/app/features/University/Form/components/university.tsx was modified
[NX v21.4.1 Daemon Server] - 2025-09-13T16:55:19.813Z - [WATCHER]: Processing file changes in outputs
[NX v21.4.1 Daemon Server] - 2025-09-13T16:55:20.736Z - [WATCHER]: Processing file changes in outputs
[NX v21.4.1 Daemon Server] - 2025-09-13T16:55:20.832Z - [WATCHER]: Processing file changes in outputs
[NX v21.4.1 Daemon Server] - 2025-09-13T16:55:20.943Z - [WATCHER]: Processing file changes in outputs
[NX v21.4.1 Daemon Server] - 2025-09-13T16:55:20.995Z - [WATCHER]: Processing file changes in outputs
[NX v21.4.1 Daemon Server] - 2025-09-13T16:55:21.060Z - [WATCHER]: Processing file changes in outputs
[NX v21.4.1 Daemon Server] - 2025-09-13T16:55:21.545Z - [WATCHER]: Processing file changes in outputs
[NX v21.4.1 Daemon Server] - 2025-09-13T16:55:21.664Z - [REQUEST]: Updated workspace context based on watched changes, recomputing project graph...
[NX v21.4.1 Daemon Server] - 2025-09-13T16:55:21.664Z - [REQUEST]: apps/admin/app/features/University/Form/components/university.tsx
[NX v21.4.1 Daemon Server] - 2025-09-13T16:55:21.664Z - [REQUEST]: 
[NX v21.4.1 Daemon Server] - 2025-09-13T16:55:21.668Z - Time taken for 'hash changed files from watcher' 0.46012500021606684ms
Time for 'nx/core/package-json:createNodes' [33m1.270124999806285[39m
Time for 'nx/core/project-json:createNodes' [33m2.2848330000415444[39m
Time for 'nx/js/dependencies-and-lockfile:createNodes' [33m9.20645899977535[39m
[NX v21.4.1 Daemon Server] - 2025-09-13T16:55:21.712Z - Time taken for 'build-project-configs' 42.70116599975154ms
Time for 'build typescript dependencies' [33m6.90887500019744[39m
[NX v21.4.1 Daemon Server] - 2025-09-13T16:55:21.816Z - Wrote project graph cache to /Users/3bird/Documents/personal/studycourse/education-site-frontend/.nx/workspace-data/project-graph.json
[NX v21.4.1 Daemon Server] - 2025-09-13T16:55:21.816Z - [SYNC]: collect registered sync generators
[NX v21.4.1 Daemon Server] - 2025-09-13T16:55:21.816Z - [SYNC]: project graph hash is the same, not collecting task sync generators
[NX v21.4.1 Daemon Server] - 2025-09-13T16:55:21.816Z - [SYNC]: nx.json hash is the same, not collecting global sync generators
[NX v21.4.1 Daemon Server] - 2025-09-13T16:55:21.817Z - Time taken for 'total execution time for createProjectGraph()' 95.08791599981487ms
[NX v21.4.1 Daemon Server] - 2025-09-13T16:55:25.095Z - [WATCHER]: Processing file changes in outputs
[NX v21.4.1 Daemon Server] - 2025-09-13T16:55:25.103Z - [WATCHER]: apps/admin/app/features/University/Form/components/university.tsx was modified
[NX v21.4.1 Daemon Server] - 2025-09-13T16:55:25.781Z - [WATCHER]: Processing file changes in outputs
[NX v21.4.1 Daemon Server] - 2025-09-13T16:55:26.716Z - [WATCHER]: Processing file changes in outputs
[NX v21.4.1 Daemon Server] - 2025-09-13T16:55:31.504Z - [REQUEST]: Updated workspace context based on watched changes, recomputing project graph...
[NX v21.4.1 Daemon Server] - 2025-09-13T16:55:31.505Z - [REQUEST]: apps/admin/app/features/University/Form/components/university.tsx
[NX v21.4.1 Daemon Server] - 2025-09-13T16:55:31.505Z - [REQUEST]: 
[NX v21.4.1 Daemon Server] - 2025-09-13T16:55:31.507Z - Time taken for 'hash changed files from watcher' 0.5548330000601709ms
Time for 'nx/core/package-json:createNodes' [33m1.6082500000484288[39m
Time for 'nx/core/project-json:createNodes' [33m1.8055830001831055[39m
Time for 'nx/js/dependencies-and-lockfile:createNodes' [33m8.82633400009945[39m
[NX v21.4.1 Daemon Server] - 2025-09-13T16:55:31.530Z - Time taken for 'build-project-configs' 19.168958999682218ms
Time for 'build typescript dependencies' [33m7.40416599996388[39m
[NX v21.4.1 Daemon Server] - 2025-09-13T16:55:31.570Z - Wrote project graph cache to /Users/3bird/Documents/personal/studycourse/education-site-frontend/.nx/workspace-data/project-graph.json
[NX v21.4.1 Daemon Server] - 2025-09-13T16:55:31.570Z - [SYNC]: collect registered sync generators
[NX v21.4.1 Daemon Server] - 2025-09-13T16:55:31.570Z - [SYNC]: project graph hash is the same, not collecting task sync generators
[NX v21.4.1 Daemon Server] - 2025-09-13T16:55:31.570Z - [SYNC]: nx.json hash is the same, not collecting global sync generators
[NX v21.4.1 Daemon Server] - 2025-09-13T16:55:31.570Z - Time taken for 'total execution time for createProjectGraph()' 33.78329099994153ms
[NX v21.4.1 Daemon Server] - 2025-09-13T16:55:34.957Z - [WATCHER]: Processing file changes in outputs
[NX v21.4.1 Daemon Server] - 2025-09-13T16:55:34.964Z - [WATCHER]: apps/admin/app/features/University/Form/components/university.tsx was modified
[NX v21.4.1 Daemon Server] - 2025-09-13T16:55:35.696Z - [WATCHER]: Processing file changes in outputs
[NX v21.4.1 Daemon Server] - 2025-09-13T16:55:36.289Z - [WATCHER]: Processing file changes in outputs
[NX v21.4.1 Daemon Server] - 2025-09-13T16:55:41.367Z - [REQUEST]: Updated workspace context based on watched changes, recomputing project graph...
[NX v21.4.1 Daemon Server] - 2025-09-13T16:55:41.368Z - [REQUEST]: apps/admin/app/features/University/Form/components/university.tsx
[NX v21.4.1 Daemon Server] - 2025-09-13T16:55:41.368Z - [REQUEST]: 
[NX v21.4.1 Daemon Server] - 2025-09-13T16:55:41.372Z - Time taken for 'hash changed files from watcher' 0.8419579998590052ms
Time for 'nx/core/package-json:createNodes' [33m1.2303750002756715[39m
Time for 'nx/core/project-json:createNodes' [33m2.000541999936104[39m
Time for 'nx/js/dependencies-and-lockfile:createNodes' [33m26.324040999636054[39m
[NX v21.4.1 Daemon Server] - 2025-09-13T16:55:41.415Z - Time taken for 'build-project-configs' 39.21166700031608ms
Time for 'build typescript dependencies' [33m0.01241600001230836[39m
[NX v21.4.1 Daemon Server] - 2025-09-13T16:55:41.444Z - Wrote project graph cache to /Users/3bird/Documents/personal/studycourse/education-site-frontend/.nx/workspace-data/project-graph.json
[NX v21.4.1 Daemon Server] - 2025-09-13T16:55:41.444Z - [SYNC]: collect registered sync generators
[NX v21.4.1 Daemon Server] - 2025-09-13T16:55:41.444Z - [SYNC]: project graph hash is the same, not collecting task sync generators
[NX v21.4.1 Daemon Server] - 2025-09-13T16:55:41.444Z - [SYNC]: nx.json hash is the same, not collecting global sync generators
[NX v21.4.1 Daemon Server] - 2025-09-13T16:55:41.444Z - Time taken for 'total execution time for createProjectGraph()' 24.024416000116616ms
[NX v21.4.1 Daemon Server] - 2025-09-13T16:55:55.467Z - [WATCHER]: apps/admin/app/features/University/Form/components/university.tsx was modified
[NX v21.4.1 Daemon Server] - 2025-09-13T16:55:55.468Z - [WATCHER]: Processing file changes in outputs
[NX v21.4.1 Daemon Server] - 2025-09-13T16:55:56.463Z - [WATCHER]: Processing file changes in outputs
[NX v21.4.1 Daemon Server] - 2025-09-13T16:55:57.251Z - [WATCHER]: Processing file changes in outputs
[NX v21.4.1 Daemon Server] - 2025-09-13T16:55:59.304Z - Closed a connection. Number of open connections: 5
[NX v21.4.1 Daemon Server] - 2025-09-13T16:55:59.359Z - [REQUEST]: Responding to the client. handleRecordTaskRuns
[NX v21.4.1 Daemon Server] - 2025-09-13T16:55:59.359Z - Done responding to the client handleRecordTaskRuns
[NX v21.4.1 Daemon Server] - 2025-09-13T16:55:59.359Z - Handled RECORD_TASK_RUNS. Handling time: 1. Response time: 0.
[NX v21.4.1 Daemon Server] - 2025-09-13T16:55:59.362Z - [REQUEST]: Responding to the client. handleGetFlakyTasks
[NX v21.4.1 Daemon Server] - 2025-09-13T16:55:59.362Z - Done responding to the client handleGetFlakyTasks
[NX v21.4.1 Daemon Server] - 2025-09-13T16:55:59.362Z - Handled GET_FLAKY_TASKS. Handling time: 1. Response time: 0.
[NX v21.4.1 Daemon Server] - 2025-09-13T16:55:59.436Z - Closed a connection. Number of open connections: 4
[NX v21.4.1 Daemon Server] - 2025-09-13T16:55:59.499Z - [WATCHER]: Processing file changes in outputs
[NX v21.4.1 Daemon Server] - 2025-09-13T16:56:00.646Z - [REQUEST]: Responding to the client. handleRunPostTasksExecution
[NX v21.4.1 Daemon Server] - 2025-09-13T16:56:00.646Z - Done responding to the client handleRunPostTasksExecution
[NX v21.4.1 Daemon Server] - 2025-09-13T16:56:00.646Z - Handled POST_TASKS_EXECUTION. Handling time: 1. Response time: 0.
[NX v21.4.1 Daemon Server] - 2025-09-13T16:56:00.646Z - Time taken for 'postTasksExecution' 0.2867920002900064ms
[NX v21.4.1 Daemon Server] - 2025-09-13T16:56:00.655Z - Closed a connection. Number of open connections: 3
[NX v21.4.1 Daemon Server] - 2025-09-13T16:56:01.880Z - [REQUEST]: Updated workspace context based on watched changes, recomputing project graph...
[NX v21.4.1 Daemon Server] - 2025-09-13T16:56:01.881Z - [REQUEST]: apps/admin/app/features/University/Form/components/university.tsx
[NX v21.4.1 Daemon Server] - 2025-09-13T16:56:01.881Z - [REQUEST]: 
[NX v21.4.1 Daemon Server] - 2025-09-13T16:56:01.908Z - Time taken for 'hash changed files from watcher' 8.337333000265062ms
Time for 'nx/core/package-json:createNodes' [33m51.80616699997336[39m
Time for 'nx/core/project-json:createNodes' [33m65.06420799996704[39m
Time for 'nx/js/dependencies-and-lockfile:createNodes' [33m53.94783399999142[39m
[NX v21.4.1 Daemon Server] - 2025-09-13T16:56:02.086Z - Time taken for 'build-project-configs' 179.2068329998292ms
Time for 'build typescript dependencies' [33m0.01704200031235814[39m
[NX v21.4.1 Daemon Server] - 2025-09-13T16:56:02.118Z - Wrote project graph cache to /Users/3bird/Documents/personal/studycourse/education-site-frontend/.nx/workspace-data/project-graph.json
[NX v21.4.1 Daemon Server] - 2025-09-13T16:56:02.119Z - [SYNC]: collect registered sync generators
[NX v21.4.1 Daemon Server] - 2025-09-13T16:56:02.119Z - [SYNC]: project graph hash is the same, not collecting task sync generators
[NX v21.4.1 Daemon Server] - 2025-09-13T16:56:02.119Z - [SYNC]: nx.json hash is the same, not collecting global sync generators
[NX v21.4.1 Daemon Server] - 2025-09-13T16:56:02.119Z - Time taken for 'total execution time for createProjectGraph()' 29.726792000234127ms
[NX v21.4.1 Daemon Server] - 2025-09-13T16:56:03.435Z - Established a connection. Number of open connections: 4
[NX v21.4.1 Daemon Server] - 2025-09-13T16:56:03.435Z - Closed a connection. Number of open connections: 3
[NX v21.4.1 Daemon Server] - 2025-09-13T16:56:03.436Z - Established a connection. Number of open connections: 4
[NX v21.4.1 Daemon Server] - 2025-09-13T16:56:03.437Z - [REQUEST]: Client Request for Project Graph Received
[NX v21.4.1 Daemon Server] - 2025-09-13T16:56:03.437Z - Reusing in-memory cached project graph because no files changed.
[NX v21.4.1 Daemon Server] - 2025-09-13T16:56:03.437Z - [REQUEST]: Responding to the client. project-graph
[NX v21.4.1 Daemon Server] - 2025-09-13T16:56:03.439Z - Time taken for 'total for creating and serializing project graph' 0.22149999998509884ms
[NX v21.4.1 Daemon Server] - 2025-09-13T16:56:03.440Z - Done responding to the client project-graph
[NX v21.4.1 Daemon Server] - 2025-09-13T16:56:03.440Z - Handled REQUEST_PROJECT_GRAPH. Handling time: 0. Response time: 3.
[NX v21.4.1 Daemon Server] - 2025-09-13T16:56:03.446Z - [REQUEST]: Responding to the client. handleRunPreTasksExecution
[NX v21.4.1 Daemon Server] - 2025-09-13T16:56:03.446Z - Done responding to the client handleRunPreTasksExecution
[NX v21.4.1 Daemon Server] - 2025-09-13T16:56:03.447Z - Handled PRE_TASKS_EXECUTION. Handling time: 0. Response time: 1.
[NX v21.4.1 Daemon Server] - 2025-09-13T16:56:03.447Z - Time taken for 'preTasksExecution' 0.41008300008252263ms
[NX v21.4.1 Daemon Server] - 2025-09-13T16:56:03.531Z - Reusing in-memory cached project graph because no files changed.
DEBUG nx::native::tasks::task_hasher: plan length: 1
DEBUG nx::native::tasks::hashers::hash_workspace_files: Hashing workspace fileset{cache_key="nx.json,.gitignore,.nxignore"}: Adding "2913894268036001599" (".gitignore") to hash
DEBUG nx::native::tasks::hashers::hash_workspace_files: Hashing workspace fileset{cache_key="nx.json,.gitignore,.nxignore"}: Adding "3619439782444644385" ("nx.json") to hash
DEBUG nx::native::tasks::hashers::hash_workspace_files: Hashing workspace fileset{cache_key="nx.json,.gitignore,.nxignore"}: Hash Value: "12630403656253729768"
[NX v21.4.1 Daemon Server] - 2025-09-13T16:56:03.551Z - [REQUEST]: Responding to the client. handleHashTasks
[NX v21.4.1 Daemon Server] - 2025-09-13T16:56:03.551Z - Done responding to the client handleHashTasks
[NX v21.4.1 Daemon Server] - 2025-09-13T16:56:03.552Z - Handled HASH_TASKS. Handling time: 20. Response time: 1.
[NX v21.4.1 Daemon Server] - 2025-09-13T16:56:03.619Z - [REQUEST]: Responding to the client. handleGetEstimatedTaskTimings
[NX v21.4.1 Daemon Server] - 2025-09-13T16:56:03.619Z - Done responding to the client handleGetEstimatedTaskTimings
[NX v21.4.1 Daemon Server] - 2025-09-13T16:56:03.619Z - Handled GET_ESTIMATED_TASK_TIMINGS. Handling time: 1. Response time: 0.
[NX v21.4.1 Daemon Server] - 2025-09-13T16:56:04.664Z - Established a connection. Number of open connections: 5
[NX v21.4.1 Daemon Server] - 2025-09-13T16:56:04.665Z - Closed a connection. Number of open connections: 4
[NX v21.4.1 Daemon Server] - 2025-09-13T16:56:04.666Z - Established a connection. Number of open connections: 5
[NX v21.4.1 Daemon Server] - 2025-09-13T16:56:04.667Z - [REQUEST]: Client Request for Project Graph Received
[NX v21.4.1 Daemon Server] - 2025-09-13T16:56:04.667Z - Reusing in-memory cached project graph because no files changed.
[NX v21.4.1 Daemon Server] - 2025-09-13T16:56:04.668Z - [REQUEST]: Responding to the client. project-graph
[NX v21.4.1 Daemon Server] - 2025-09-13T16:56:04.669Z - Time taken for 'total for creating and serializing project graph' 0.19704100023955107ms
[NX v21.4.1 Daemon Server] - 2025-09-13T16:56:04.671Z - Done responding to the client project-graph
[NX v21.4.1 Daemon Server] - 2025-09-13T16:56:04.672Z - Handled REQUEST_PROJECT_GRAPH. Handling time: 1. Response time: 4.
[NX v21.4.1 Daemon Server] - 2025-09-13T16:56:05.389Z - Established a connection. Number of open connections: 6
[NX v21.4.1 Daemon Server] - 2025-09-13T16:56:05.391Z - Closed a connection. Number of open connections: 5
[NX v21.4.1 Daemon Server] - 2025-09-13T16:56:05.391Z - Established a connection. Number of open connections: 6
[NX v21.4.1 Daemon Server] - 2025-09-13T16:56:05.394Z - [REQUEST]: Client Request for Project Graph Received
[NX v21.4.1 Daemon Server] - 2025-09-13T16:56:05.394Z - Reusing in-memory cached project graph because no files changed.
[NX v21.4.1 Daemon Server] - 2025-09-13T16:56:05.394Z - [REQUEST]: Responding to the client. project-graph
[NX v21.4.1 Daemon Server] - 2025-09-13T16:56:05.395Z - Time taken for 'total for creating and serializing project graph' 0.233665999956429ms
[NX v21.4.1 Daemon Server] - 2025-09-13T16:56:05.397Z - Done responding to the client project-graph
[NX v21.4.1 Daemon Server] - 2025-09-13T16:56:05.397Z - Handled REQUEST_PROJECT_GRAPH. Handling time: 0. Response time: 3.
[NX v21.4.1 Daemon Server] - 2025-09-13T16:56:05.521Z - [REQUEST]: Client Request for Project Graph Received
[NX v21.4.1 Daemon Server] - 2025-09-13T16:56:05.521Z - Reusing in-memory cached project graph because no files changed.
[NX v21.4.1 Daemon Server] - 2025-09-13T16:56:05.522Z - [REQUEST]: Responding to the client. project-graph
[NX v21.4.1 Daemon Server] - 2025-09-13T16:56:05.523Z - Time taken for 'total for creating and serializing project graph' 0.1577920001000166ms
[NX v21.4.1 Daemon Server] - 2025-09-13T16:56:05.524Z - Done responding to the client project-graph
[NX v21.4.1 Daemon Server] - 2025-09-13T16:56:05.524Z - Handled REQUEST_PROJECT_GRAPH. Handling time: 1. Response time: 2.
[NX v21.4.1 Daemon Server] - 2025-09-13T16:56:06.213Z - [WATCHER]: Processing file changes in outputs
[NX v21.4.1 Daemon Server] - 2025-09-13T16:56:06.267Z - [WATCHER]: Processing file changes in outputs
[NX v21.4.1 Daemon Server] - 2025-09-13T16:56:07.369Z - [WATCHER]: Processing file changes in outputs
[NX v21.4.1 Daemon Server] - 2025-09-13T16:56:07.599Z - [REQUEST]: Client Request for Project Graph Received
[NX v21.4.1 Daemon Server] - 2025-09-13T16:56:07.600Z - Reusing in-memory cached project graph because no files changed.
[NX v21.4.1 Daemon Server] - 2025-09-13T16:56:07.601Z - [REQUEST]: Responding to the client. project-graph
[NX v21.4.1 Daemon Server] - 2025-09-13T16:56:07.604Z - Time taken for 'total for creating and serializing project graph' 1.6214159997180104ms
[NX v21.4.1 Daemon Server] - 2025-09-13T16:56:07.607Z - Done responding to the client project-graph
[NX v21.4.1 Daemon Server] - 2025-09-13T16:56:07.607Z - Handled REQUEST_PROJECT_GRAPH. Handling time: 2. Response time: 6.
[NX v21.4.1 Daemon Server] - 2025-09-13T16:56:07.624Z - [WATCHER]: Processing file changes in outputs
[NX v21.4.1 Daemon Server] - 2025-09-13T16:56:08.962Z - [WATCHER]: Processing file changes in outputs
[NX v21.4.1 Daemon Server] - 2025-09-13T16:56:20.878Z - [WATCHER]: Processing file changes in outputs
[NX v21.4.1 Daemon Server] - 2025-09-13T16:56:20.928Z - [WATCHER]: Processing file changes in outputs
[NX v21.4.1 Daemon Server] - 2025-09-13T16:56:25.786Z - [WATCHER]: Processing file changes in outputs
[NX v21.4.1 Daemon Server] - 2025-09-13T16:56:25.987Z - [WATCHER]: Processing file changes in outputs
[NX v21.4.1 Daemon Server] - 2025-09-13T16:56:26.975Z - [WATCHER]: Processing file changes in outputs
[NX v21.4.1 Daemon Server] - 2025-09-13T16:56:29.987Z - [WATCHER]: Processing file changes in outputs
[NX v21.4.1 Daemon Server] - 2025-09-13T16:56:30.240Z - [WATCHER]: Processing file changes in outputs
[NX v21.4.1 Daemon Server] - 2025-09-13T16:56:31.382Z - [WATCHER]: Processing file changes in outputs
[NX v21.4.1 Daemon Server] - 2025-09-13T16:56:31.514Z - [WATCHER]: Processing file changes in outputs
[NX v21.4.1 Daemon Server] - 2025-09-13T16:56:32.135Z - [WATCHER]: Processing file changes in outputs
[NX v21.4.1 Daemon Server] - 2025-09-13T16:56:32.871Z - [WATCHER]: Processing file changes in outputs
[NX v21.4.1 Daemon Server] - 2025-09-13T16:56:33.474Z - [WATCHER]: Processing file changes in outputs
[NX v21.4.1 Daemon Server] - 2025-09-13T16:56:34.169Z - [WATCHER]: Processing file changes in outputs
[NX v21.4.1 Daemon Server] - 2025-09-13T16:56:37.948Z - [WATCHER]: Processing file changes in outputs
[NX v21.4.1 Daemon Server] - 2025-09-13T16:56:38.305Z - [WATCHER]: Processing file changes in outputs
[NX v21.4.1 Daemon Server] - 2025-09-13T16:57:37.874Z - [WATCHER]: apps/admin/app/features/University/Form/components/university.tsx was modified
[NX v21.4.1 Daemon Server] - 2025-09-13T16:57:37.876Z - [WATCHER]: Processing file changes in outputs
[NX v21.4.1 Daemon Server] - 2025-09-13T16:57:37.978Z - [REQUEST]: Updated workspace context based on watched changes, recomputing project graph...
[NX v21.4.1 Daemon Server] - 2025-09-13T16:57:37.979Z - [REQUEST]: apps/admin/app/features/University/Form/components/university.tsx
[NX v21.4.1 Daemon Server] - 2025-09-13T16:57:37.979Z - [REQUEST]: 
[NX v21.4.1 Daemon Server] - 2025-09-13T16:57:37.983Z - Time taken for 'hash changed files from watcher' 0.9256660002283752ms
Time for 'nx/core/package-json:createNodes' [33m7.660292000044137[39m
Time for 'nx/core/project-json:createNodes' [33m7.981833999976516[39m
Time for 'nx/js/dependencies-and-lockfile:createNodes' [33m33.61829199967906[39m
[NX v21.4.1 Daemon Server] - 2025-09-13T16:57:38.075Z - Time taken for 'build-project-configs' 77.5037079998292ms
Time for 'build typescript dependencies' [33m11.919000000227243[39m
[NX v21.4.1 Daemon Server] - 2025-09-13T16:57:38.161Z - Wrote project graph cache to /Users/3bird/Documents/personal/studycourse/education-site-frontend/.nx/workspace-data/project-graph.json
[NX v21.4.1 Daemon Server] - 2025-09-13T16:57:38.162Z - [SYNC]: collect registered sync generators
[NX v21.4.1 Daemon Server] - 2025-09-13T16:57:38.162Z - [SYNC]: project graph hash is the same, not collecting task sync generators
[NX v21.4.1 Daemon Server] - 2025-09-13T16:57:38.162Z - [SYNC]: nx.json hash is the same, not collecting global sync generators
[NX v21.4.1 Daemon Server] - 2025-09-13T16:57:38.162Z - Time taken for 'total execution time for createProjectGraph()' 86.09229200007394ms
[NX v21.4.1 Daemon Server] - 2025-09-13T16:57:38.446Z - [WATCHER]: Processing file changes in outputs
[NX v21.4.1 Daemon Server] - 2025-09-13T16:57:39.395Z - [WATCHER]: Processing file changes in outputs
[NX v21.4.1 Daemon Server] - 2025-09-13T16:57:39.434Z - [WATCHER]: apps/admin/app/features/University/Form/components/university.tsx was modified
[NX v21.4.1 Daemon Server] - 2025-09-13T16:57:39.636Z - [REQUEST]: Updated workspace context based on watched changes, recomputing project graph...
[NX v21.4.1 Daemon Server] - 2025-09-13T16:57:39.636Z - [REQUEST]: apps/admin/app/features/University/Form/components/university.tsx
[NX v21.4.1 Daemon Server] - 2025-09-13T16:57:39.636Z - [REQUEST]: 
[NX v21.4.1 Daemon Server] - 2025-09-13T16:57:39.638Z - Time taken for 'hash changed files from watcher' 0.8052500002086163ms
Time for 'nx/core/package-json:createNodes' [33m1.0030830004252493[39m
Time for 'nx/core/project-json:createNodes' [33m1.316292000003159[39m
Time for 'nx/js/dependencies-and-lockfile:createNodes' [33m16.7007500003092[39m
[NX v21.4.1 Daemon Server] - 2025-09-13T16:57:39.707Z - Time taken for 'build-project-configs' 62.99212499987334ms
Time for 'build typescript dependencies' [33m16.117750000208616[39m
[NX v21.4.1 Daemon Server] - 2025-09-13T16:57:39.840Z - Wrote project graph cache to /Users/3bird/Documents/personal/studycourse/education-site-frontend/.nx/workspace-data/project-graph.json
[NX v21.4.1 Daemon Server] - 2025-09-13T16:57:39.840Z - [SYNC]: collect registered sync generators
[NX v21.4.1 Daemon Server] - 2025-09-13T16:57:39.841Z - [SYNC]: project graph hash is the same, not collecting task sync generators
[NX v21.4.1 Daemon Server] - 2025-09-13T16:57:39.841Z - [SYNC]: nx.json hash is the same, not collecting global sync generators
[NX v21.4.1 Daemon Server] - 2025-09-13T16:57:39.841Z - Time taken for 'total execution time for createProjectGraph()' 115.23283400014043ms
[NX v21.4.1 Daemon Server] - 2025-09-13T16:57:39.995Z - [WATCHER]: Processing file changes in outputs
[NX v21.4.1 Daemon Server] - 2025-09-13T16:57:42.890Z - [WATCHER]: Processing file changes in outputs
[NX v21.4.1 Daemon Server] - 2025-09-13T16:57:43.040Z - [WATCHER]: Processing file changes in outputs
[NX v21.4.1 Daemon Server] - 2025-09-13T16:57:43.698Z - [WATCHER]: Processing file changes in outputs
[NX v21.4.1 Daemon Server] - 2025-09-13T16:57:44.310Z - [WATCHER]: Processing file changes in outputs
[NX v21.4.1 Daemon Server] - 2025-09-13T16:57:45.036Z - [WATCHER]: Processing file changes in outputs
[NX v21.4.1 Daemon Server] - 2025-09-13T16:57:45.278Z - [WATCHER]: Processing file changes in outputs
[NX v21.4.1 Daemon Server] - 2025-09-13T16:57:45.481Z - [WATCHER]: Processing file changes in outputs
[NX v21.4.1 Daemon Server] - 2025-09-13T16:57:51.639Z - [WATCHER]: apps/admin/app/features/University/Form/components/university.tsx was modified
[NX v21.4.1 Daemon Server] - 2025-09-13T16:57:51.640Z - [WATCHER]: Processing file changes in outputs
[NX v21.4.1 Daemon Server] - 2025-09-13T16:57:52.041Z - [REQUEST]: Updated workspace context based on watched changes, recomputing project graph...
[NX v21.4.1 Daemon Server] - 2025-09-13T16:57:52.041Z - [REQUEST]: apps/admin/app/features/University/Form/components/university.tsx
[NX v21.4.1 Daemon Server] - 2025-09-13T16:57:52.041Z - [REQUEST]: 
[NX v21.4.1 Daemon Server] - 2025-09-13T16:57:52.047Z - Time taken for 'hash changed files from watcher' 0.4207500000484288ms
Time for 'nx/core/package-json:createNodes' [33m9.611583000048995[39m
Time for 'nx/core/project-json:createNodes' [33m6.141915999818593[39m
Time for 'nx/js/dependencies-and-lockfile:createNodes' [33m35.86612499970943[39m
[NX v21.4.1 Daemon Server] - 2025-09-13T16:57:52.131Z - Time taken for 'build-project-configs' 67.44295800011605ms
Time for 'build typescript dependencies' [33m5.0997089999727905[39m
[NX v21.4.1 Daemon Server] - 2025-09-13T16:57:52.197Z - Wrote project graph cache to /Users/3bird/Documents/personal/studycourse/education-site-frontend/.nx/workspace-data/project-graph.json
[NX v21.4.1 Daemon Server] - 2025-09-13T16:57:52.197Z - [SYNC]: collect registered sync generators
[NX v21.4.1 Daemon Server] - 2025-09-13T16:57:52.197Z - [SYNC]: project graph hash is the same, not collecting task sync generators
[NX v21.4.1 Daemon Server] - 2025-09-13T16:57:52.197Z - [SYNC]: nx.json hash is the same, not collecting global sync generators
[NX v21.4.1 Daemon Server] - 2025-09-13T16:57:52.197Z - Time taken for 'total execution time for createProjectGraph()' 63.64875000016764ms
[NX v21.4.1 Daemon Server] - 2025-09-13T16:57:52.349Z - [WATCHER]: Processing file changes in outputs
[NX v21.4.1 Daemon Server] - 2025-09-13T16:57:52.676Z - [WATCHER]: Processing file changes in outputs
[NX v21.4.1 Daemon Server] - 2025-09-13T16:58:30.639Z - [WATCHER]: Processing file changes in outputs
[NX v21.4.1 Daemon Server] - 2025-09-13T16:58:31.105Z - [WATCHER]: Processing file changes in outputs
[NX v21.4.1 Daemon Server] - 2025-09-13T16:59:32.328Z - [WATCHER]: Processing file changes in outputs
[NX v21.4.1 Daemon Server] - 2025-09-13T16:59:32.467Z - [WATCHER]: Processing file changes in outputs
[NX v21.4.1 Daemon Server] - 2025-09-13T16:59:32.930Z - [WATCHER]: Processing file changes in outputs
[NX v21.4.1 Daemon Server] - 2025-09-13T16:59:33.191Z - [WATCHER]: Processing file changes in outputs
[NX v21.4.1 Daemon Server] - 2025-09-13T16:59:35.772Z - [WATCHER]: Processing file changes in outputs
[NX v21.4.1 Daemon Server] - 2025-09-13T16:59:36.000Z - [WATCHER]: Processing file changes in outputs
[NX v21.4.1 Daemon Server] - 2025-09-13T16:59:36.264Z - [WATCHER]: Processing file changes in outputs
[NX v21.4.1 Daemon Server] - 2025-09-13T16:59:36.554Z - [WATCHER]: Processing file changes in outputs
[NX v21.4.1 Daemon Server] - 2025-09-13T16:59:36.691Z - [WATCHER]: Processing file changes in outputs
[NX v21.4.1 Daemon Server] - 2025-09-13T16:59:36.983Z - [WATCHER]: Processing file changes in outputs
[NX v21.4.1 Daemon Server] - 2025-09-13T16:59:45.080Z - Closed a connection. Number of open connections: 5
[NX v21.4.1 Daemon Server] - 2025-09-13T16:59:45.123Z - [REQUEST]: Responding to the client. handleRecordTaskRuns
[NX v21.4.1 Daemon Server] - 2025-09-13T16:59:45.124Z - Done responding to the client handleRecordTaskRuns
[NX v21.4.1 Daemon Server] - 2025-09-13T16:59:45.124Z - Handled RECORD_TASK_RUNS. Handling time: 2. Response time: 1.
[NX v21.4.1 Daemon Server] - 2025-09-13T16:59:45.126Z - [REQUEST]: Responding to the client. handleGetFlakyTasks
[NX v21.4.1 Daemon Server] - 2025-09-13T16:59:45.126Z - Done responding to the client handleGetFlakyTasks
[NX v21.4.1 Daemon Server] - 2025-09-13T16:59:45.126Z - Handled GET_FLAKY_TASKS. Handling time: 1. Response time: 0.
[NX v21.4.1 Daemon Server] - 2025-09-13T16:59:45.171Z - Closed a connection. Number of open connections: 4
[NX v21.4.1 Daemon Server] - 2025-09-13T16:59:45.235Z - [WATCHER]: Processing file changes in outputs
[NX v21.4.1 Daemon Server] - 2025-09-13T16:59:45.591Z - [REQUEST]: Responding to the client. handleRunPostTasksExecution
[NX v21.4.1 Daemon Server] - 2025-09-13T16:59:45.591Z - Done responding to the client handleRunPostTasksExecution
[NX v21.4.1 Daemon Server] - 2025-09-13T16:59:45.591Z - Handled POST_TASKS_EXECUTION. Handling time: 1. Response time: 0.
[NX v21.4.1 Daemon Server] - 2025-09-13T16:59:45.591Z - Time taken for 'postTasksExecution' 0.5817090002819896ms
[NX v21.4.1 Daemon Server] - 2025-09-13T16:59:45.597Z - Closed a connection. Number of open connections: 3
[NX v21.4.1 Daemon Server] - 2025-09-13T19:16:55.904Z - Established a connection. Number of open connections: 4
[NX v21.4.1 Daemon Server] - 2025-09-13T19:16:55.908Z - Established a connection. Number of open connections: 5
[NX v21.4.1 Daemon Server] - 2025-09-13T19:16:55.908Z - Closed a connection. Number of open connections: 4
[NX v21.4.1 Daemon Server] - 2025-09-13T19:16:55.921Z - [REQUEST]: Client Request for Project Graph Received
[NX v21.4.1 Daemon Server] - 2025-09-13T19:16:55.925Z - Reusing in-memory cached project graph because no files changed.
[NX v21.4.1 Daemon Server] - 2025-09-13T19:16:55.925Z - [REQUEST]: Responding to the client. project-graph
[NX v21.4.1 Daemon Server] - 2025-09-13T19:16:55.936Z - Time taken for 'total for creating and serializing project graph' 4.606542000547051ms
[NX v21.4.1 Daemon Server] - 2025-09-13T19:16:55.937Z - Done responding to the client project-graph
[NX v21.4.1 Daemon Server] - 2025-09-13T19:16:55.937Z - Handled REQUEST_PROJECT_GRAPH. Handling time: 5. Response time: 12.
[NX v21.4.1 Daemon Server] - 2025-09-13T19:16:55.943Z - [REQUEST]: Responding to the client. handleRunPreTasksExecution
[NX v21.4.1 Daemon Server] - 2025-09-13T19:16:55.943Z - Done responding to the client handleRunPreTasksExecution
[NX v21.4.1 Daemon Server] - 2025-09-13T19:16:55.943Z - Handled PRE_TASKS_EXECUTION. Handling time: 0. Response time: 0.
[NX v21.4.1 Daemon Server] - 2025-09-13T19:16:55.943Z - Time taken for 'preTasksExecution' 0.8369159996509552ms
[NX v21.4.1 Daemon Server] - 2025-09-13T19:16:56.046Z - Reusing in-memory cached project graph because no files changed.
DEBUG nx::native::tasks::task_hasher: plan length: 1
DEBUG nx::native::tasks::hashers::hash_workspace_files: Hashing workspace fileset{cache_key="nx.json,.gitignore,.nxignore"}: Adding "2913894268036001599" (".gitignore") to hash
DEBUG nx::native::tasks::hashers::hash_workspace_files: Hashing workspace fileset{cache_key="nx.json,.gitignore,.nxignore"}: Adding "3619439782444644385" ("nx.json") to hash
DEBUG nx::native::tasks::hashers::hash_workspace_files: Hashing workspace fileset{cache_key="nx.json,.gitignore,.nxignore"}: Hash Value: "12630403656253729768"
[NX v21.4.1 Daemon Server] - 2025-09-13T19:16:56.083Z - [REQUEST]: Responding to the client. handleHashTasks
[NX v21.4.1 Daemon Server] - 2025-09-13T19:16:56.083Z - Done responding to the client handleHashTasks
[NX v21.4.1 Daemon Server] - 2025-09-13T19:16:56.083Z - Handled HASH_TASKS. Handling time: 38. Response time: 0.
[NX v21.4.1 Daemon Server] - 2025-09-13T19:16:56.262Z - [REQUEST]: Responding to the client. handleGetEstimatedTaskTimings
[NX v21.4.1 Daemon Server] - 2025-09-13T19:16:56.263Z - Done responding to the client handleGetEstimatedTaskTimings
[NX v21.4.1 Daemon Server] - 2025-09-13T19:16:56.263Z - Handled GET_ESTIMATED_TASK_TIMINGS. Handling time: 1. Response time: 1.
[NX v21.4.1 Daemon Server] - 2025-09-13T19:17:05.748Z - [REQUEST]: Responding to the client. handleRecordTaskRuns
[NX v21.4.1 Daemon Server] - 2025-09-13T19:17:05.750Z - Done responding to the client handleRecordTaskRuns
[NX v21.4.1 Daemon Server] - 2025-09-13T19:17:05.750Z - Handled RECORD_TASK_RUNS. Handling time: 6. Response time: 3.
[NX v21.4.1 Daemon Server] - 2025-09-13T19:17:05.752Z - [REQUEST]: Responding to the client. handleGetFlakyTasks
[NX v21.4.1 Daemon Server] - 2025-09-13T19:17:05.752Z - Done responding to the client handleGetFlakyTasks
[NX v21.4.1 Daemon Server] - 2025-09-13T19:17:05.752Z - Handled GET_FLAKY_TASKS. Handling time: 0. Response time: 0.
[NX v21.4.1 Daemon Server] - 2025-09-13T19:17:06.129Z - [REQUEST]: Responding to the client. handleRunPostTasksExecution
[NX v21.4.1 Daemon Server] - 2025-09-13T19:17:06.130Z - Done responding to the client handleRunPostTasksExecution
[NX v21.4.1 Daemon Server] - 2025-09-13T19:17:06.130Z - Handled POST_TASKS_EXECUTION. Handling time: 2. Response time: 1.
[NX v21.4.1 Daemon Server] - 2025-09-13T19:17:06.132Z - Time taken for 'postTasksExecution' 1.1040829997509718ms
[NX v21.4.1 Daemon Server] - 2025-09-13T19:17:06.145Z - Closed a connection. Number of open connections: 3
[NX v21.4.1 Daemon Server] - 2025-09-13T19:17:11.826Z - Established a connection. Number of open connections: 4
[NX v21.4.1 Daemon Server] - 2025-09-13T19:17:11.827Z - Established a connection. Number of open connections: 5
[NX v21.4.1 Daemon Server] - 2025-09-13T19:17:11.827Z - Closed a connection. Number of open connections: 4
[NX v21.4.1 Daemon Server] - 2025-09-13T19:17:11.828Z - [REQUEST]: Client Request for Project Graph Received
[NX v21.4.1 Daemon Server] - 2025-09-13T19:17:11.829Z - Reusing in-memory cached project graph because no files changed.
[NX v21.4.1 Daemon Server] - 2025-09-13T19:17:11.829Z - [REQUEST]: Responding to the client. project-graph
[NX v21.4.1 Daemon Server] - 2025-09-13T19:17:11.830Z - Time taken for 'total for creating and serializing project graph' 0.33249999955296516ms
[NX v21.4.1 Daemon Server] - 2025-09-13T19:17:11.832Z - Done responding to the client project-graph
[NX v21.4.1 Daemon Server] - 2025-09-13T19:17:11.832Z - Handled REQUEST_PROJECT_GRAPH. Handling time: 1. Response time: 3.
[NX v21.4.1 Daemon Server] - 2025-09-13T19:17:11.837Z - [REQUEST]: Responding to the client. handleRunPreTasksExecution
[NX v21.4.1 Daemon Server] - 2025-09-13T19:17:11.837Z - Done responding to the client handleRunPreTasksExecution
[NX v21.4.1 Daemon Server] - 2025-09-13T19:17:11.837Z - Handled PRE_TASKS_EXECUTION. Handling time: 0. Response time: 0.
[NX v21.4.1 Daemon Server] - 2025-09-13T19:17:11.837Z - Time taken for 'preTasksExecution' 0.13566699996590614ms
[NX v21.4.1 Daemon Server] - 2025-09-13T19:17:11.900Z - Reusing in-memory cached project graph because no files changed.
DEBUG nx::native::tasks::task_hasher: plan length: 1
[NX v21.4.1 Daemon Server] - 2025-09-13T19:17:11.918Z - [REQUEST]: Responding to the client. handleHashTasks
[NX v21.4.1 Daemon Server] - 2025-09-13T19:17:11.919Z - Done responding to the client handleHashTasks
[NX v21.4.1 Daemon Server] - 2025-09-13T19:17:11.919Z - Handled HASH_TASKS. Handling time: 18. Response time: 1.
[NX v21.4.1 Daemon Server] - 2025-09-13T19:17:11.961Z - [REQUEST]: Responding to the client. handleGetEstimatedTaskTimings
[NX v21.4.1 Daemon Server] - 2025-09-13T19:17:11.961Z - Done responding to the client handleGetEstimatedTaskTimings
[NX v21.4.1 Daemon Server] - 2025-09-13T19:17:11.961Z - Handled GET_ESTIMATED_TASK_TIMINGS. Handling time: 1. Response time: 0.
[NX v21.4.1 Daemon Server] - 2025-09-13T19:17:12.862Z - Established a connection. Number of open connections: 5
[NX v21.4.1 Daemon Server] - 2025-09-13T19:17:12.863Z - Closed a connection. Number of open connections: 4
[NX v21.4.1 Daemon Server] - 2025-09-13T19:17:12.863Z - Established a connection. Number of open connections: 5
[NX v21.4.1 Daemon Server] - 2025-09-13T19:17:12.864Z - [REQUEST]: Client Request for Project Graph Received
[NX v21.4.1 Daemon Server] - 2025-09-13T19:17:12.864Z - Reusing in-memory cached project graph because no files changed.
[NX v21.4.1 Daemon Server] - 2025-09-13T19:17:12.864Z - [REQUEST]: Responding to the client. project-graph
[NX v21.4.1 Daemon Server] - 2025-09-13T19:17:12.865Z - Time taken for 'total for creating and serializing project graph' 0.10649999976158142ms
[NX v21.4.1 Daemon Server] - 2025-09-13T19:17:12.869Z - Done responding to the client project-graph
[NX v21.4.1 Daemon Server] - 2025-09-13T19:17:12.869Z - Handled REQUEST_PROJECT_GRAPH. Handling time: 0. Response time: 5.
[NX v21.4.1 Daemon Server] - 2025-09-13T19:17:13.623Z - Established a connection. Number of open connections: 6
[NX v21.4.1 Daemon Server] - 2025-09-13T19:17:13.625Z - Established a connection. Number of open connections: 7
[NX v21.4.1 Daemon Server] - 2025-09-13T19:17:13.625Z - Closed a connection. Number of open connections: 6
[NX v21.4.1 Daemon Server] - 2025-09-13T19:17:13.628Z - [REQUEST]: Client Request for Project Graph Received
[NX v21.4.1 Daemon Server] - 2025-09-13T19:17:13.628Z - Reusing in-memory cached project graph because no files changed.
[NX v21.4.1 Daemon Server] - 2025-09-13T19:17:13.628Z - [REQUEST]: Responding to the client. project-graph
[NX v21.4.1 Daemon Server] - 2025-09-13T19:17:13.633Z - Time taken for 'total for creating and serializing project graph' 0.37629200145602226ms
[NX v21.4.1 Daemon Server] - 2025-09-13T19:17:13.636Z - Done responding to the client project-graph
[NX v21.4.1 Daemon Server] - 2025-09-13T19:17:13.636Z - Handled REQUEST_PROJECT_GRAPH. Handling time: 0. Response time: 8.
[NX v21.4.1 Daemon Server] - 2025-09-13T19:17:13.777Z - [REQUEST]: Client Request for Project Graph Received
[NX v21.4.1 Daemon Server] - 2025-09-13T19:17:13.777Z - Reusing in-memory cached project graph because no files changed.
[NX v21.4.1 Daemon Server] - 2025-09-13T19:17:13.777Z - [REQUEST]: Responding to the client. project-graph
[NX v21.4.1 Daemon Server] - 2025-09-13T19:17:13.778Z - Time taken for 'total for creating and serializing project graph' 0.13883299939334393ms
[NX v21.4.1 Daemon Server] - 2025-09-13T19:17:13.780Z - Done responding to the client project-graph
[NX v21.4.1 Daemon Server] - 2025-09-13T19:17:13.780Z - Handled REQUEST_PROJECT_GRAPH. Handling time: 0. Response time: 3.
[NX v21.4.1 Daemon Server] - 2025-09-13T19:17:14.073Z - [WATCHER]: Processing file changes in outputs
[NX v21.4.1 Daemon Server] - 2025-09-13T19:17:14.933Z - [WATCHER]: Processing file changes in outputs
[NX v21.4.1 Daemon Server] - 2025-09-13T19:17:15.160Z - [REQUEST]: Client Request for Project Graph Received
[NX v21.4.1 Daemon Server] - 2025-09-13T19:17:15.160Z - Reusing in-memory cached project graph because no files changed.
[NX v21.4.1 Daemon Server] - 2025-09-13T19:17:15.160Z - [REQUEST]: Responding to the client. project-graph
[NX v21.4.1 Daemon Server] - 2025-09-13T19:17:15.162Z - Time taken for 'total for creating and serializing project graph' 0.37041700072586536ms
[NX v21.4.1 Daemon Server] - 2025-09-13T19:17:15.168Z - Done responding to the client project-graph
[NX v21.4.1 Daemon Server] - 2025-09-13T19:17:15.168Z - Handled REQUEST_PROJECT_GRAPH. Handling time: 0. Response time: 8.
[NX v21.4.1 Daemon Server] - 2025-09-13T19:17:15.180Z - [WATCHER]: Processing file changes in outputs
[NX v21.4.1 Daemon Server] - 2025-09-13T19:17:16.699Z - [WATCHER]: Processing file changes in outputs
[NX v21.4.1 Daemon Server] - 2025-09-13T19:17:27.301Z - [WATCHER]: Processing file changes in outputs
[NX v21.4.1 Daemon Server] - 2025-09-13T19:17:27.355Z - [WATCHER]: Processing file changes in outputs
[NX v21.4.1 Daemon Server] - 2025-09-13T19:17:29.949Z - [WATCHER]: Processing file changes in outputs
[NX v21.4.1 Daemon Server] - 2025-09-13T19:17:30.040Z - [WATCHER]: Processing file changes in outputs
[NX v21.4.1 Daemon Server] - 2025-09-13T19:17:31.069Z - [WATCHER]: Processing file changes in outputs
[NX v21.4.1 Daemon Server] - 2025-09-13T19:17:32.799Z - [WATCHER]: Processing file changes in outputs
[NX v21.4.1 Daemon Server] - 2025-09-13T19:17:32.891Z - [WATCHER]: Processing file changes in outputs
[NX v21.4.1 Daemon Server] - 2025-09-13T19:17:33.823Z - [WATCHER]: Processing file changes in outputs
[NX v21.4.1 Daemon Server] - 2025-09-13T19:17:33.899Z - [WATCHER]: Processing file changes in outputs
[NX v21.4.1 Daemon Server] - 2025-09-13T19:17:34.194Z - [WATCHER]: Processing file changes in outputs
[NX v21.4.1 Daemon Server] - 2025-09-13T19:17:34.492Z - [WATCHER]: Processing file changes in outputs
[NX v21.4.1 Daemon Server] - 2025-09-13T19:18:26.383Z - [WATCHER]: Processing file changes in outputs
[NX v21.4.1 Daemon Server] - 2025-09-13T19:18:27.669Z - [WATCHER]: Processing file changes in outputs
[NX v21.4.1 Daemon Server] - 2025-09-13T19:19:26.552Z - [WATCHER]: Processing file changes in outputs
[NX v21.4.1 Daemon Server] - 2025-09-13T19:19:27.702Z - [WATCHER]: Processing file changes in outputs
[NX v21.4.1 Daemon Server] - 2025-09-13T19:19:28.135Z - [WATCHER]: Processing file changes in outputs
[NX v21.4.1 Daemon Server] - 2025-09-13T19:19:28.301Z - [WATCHER]: Processing file changes in outputs
[NX v21.4.1 Daemon Server] - 2025-09-13T19:19:29.174Z - [WATCHER]: Processing file changes in outputs
[NX v21.4.1 Daemon Server] - 2025-09-13T19:19:29.259Z - [WATCHER]: Processing file changes in outputs
[NX v21.4.1 Daemon Server] - 2025-09-13T19:19:29.615Z - [WATCHER]: Processing file changes in outputs
[NX v21.4.1 Daemon Server] - 2025-09-13T19:19:29.800Z - [WATCHER]: Processing file changes in outputs
[NX v21.4.1 Daemon Server] - 2025-09-13T19:19:40.294Z - [WATCHER]: Processing file changes in outputs
[NX v21.4.1 Daemon Server] - 2025-09-13T19:19:42.833Z - [WATCHER]: Processing file changes in outputs
[NX v21.4.1 Daemon Server] - 2025-09-13T19:19:42.965Z - [WATCHER]: Processing file changes in outputs
[NX v21.4.1 Daemon Server] - 2025-09-13T19:19:51.331Z - [WATCHER]: Processing file changes in outputs
[NX v21.4.1 Daemon Server] - 2025-09-13T19:19:51.819Z - [WATCHER]: Processing file changes in outputs
[NX v21.4.1 Daemon Server] - 2025-09-13T19:19:51.877Z - [WATCHER]: Processing file changes in outputs
[NX v21.4.1 Daemon Server] - 2025-09-13T19:19:52.017Z - [WATCHER]: Processing file changes in outputs
[NX v21.4.1 Daemon Server] - 2025-09-13T19:20:45.985Z - [WATCHER]: Processing file changes in outputs
[NX v21.4.1 Daemon Server] - 2025-09-13T19:20:47.370Z - [WATCHER]: Processing file changes in outputs
[NX v21.4.1 Daemon Server] - 2025-09-13T19:21:30.850Z - [WATCHER]: Processing file changes in outputs
[NX v21.4.1 Daemon Server] - 2025-09-13T19:21:37.472Z - [WATCHER]: Processing file changes in outputs
[NX v21.4.1 Daemon Server] - 2025-09-13T19:21:47.262Z - [WATCHER]: Processing file changes in outputs
[NX v21.4.1 Daemon Server] - 2025-09-13T19:21:47.327Z - [WATCHER]: Processing file changes in outputs
[NX v21.4.1 Daemon Server] - 2025-09-13T19:21:48.321Z - [WATCHER]: Processing file changes in outputs
[NX v21.4.1 Daemon Server] - 2025-09-13T19:21:49.221Z - [WATCHER]: Processing file changes in outputs
[NX v21.4.1 Daemon Server] - 2025-09-13T19:21:49.290Z - [WATCHER]: Processing file changes in outputs
[NX v21.4.1 Daemon Server] - 2025-09-13T19:21:49.378Z - [WATCHER]: Processing file changes in outputs
[NX v21.4.1 Daemon Server] - 2025-09-13T19:21:50.290Z - [WATCHER]: Processing file changes in outputs
[NX v21.4.1 Daemon Server] - 2025-09-13T19:21:50.536Z - [WATCHER]: Processing file changes in outputs
[NX v21.4.1 Daemon Server] - 2025-09-13T19:21:50.870Z - [WATCHER]: Processing file changes in outputs
[NX v21.4.1 Daemon Server] - 2025-09-13T19:21:51.037Z - [WATCHER]: Processing file changes in outputs
[NX v21.4.1 Daemon Server] - 2025-09-13T19:21:51.090Z - [WATCHER]: Processing file changes in outputs
[NX v21.4.1 Daemon Server] - 2025-09-13T19:21:51.829Z - [WATCHER]: Processing file changes in outputs
[NX v21.4.1 Daemon Server] - 2025-09-13T19:22:14.687Z - [WATCHER]: Processing file changes in outputs
[NX v21.4.1 Daemon Server] - 2025-09-13T19:22:14.702Z - [WATCHER]: apps/admin/app/features/University/Form/components/university.tsx was modified
[NX v21.4.1 Daemon Server] - 2025-09-13T19:22:14.813Z - [REQUEST]: Updated workspace context based on watched changes, recomputing project graph...
[NX v21.4.1 Daemon Server] - 2025-09-13T19:22:14.813Z - [REQUEST]: apps/admin/app/features/University/Form/components/university.tsx
[NX v21.4.1 Daemon Server] - 2025-09-13T19:22:14.815Z - [REQUEST]: 
[NX v21.4.1 Daemon Server] - 2025-09-13T19:22:14.840Z - Time taken for 'hash changed files from watcher' 4.622500000521541ms
Time for 'nx/core/package-json:createNodes' [33m15.58066700026393[39m
Time for 'nx/core/project-json:createNodes' [33m11.888875000178814[39m
Time for 'nx/js/dependencies-and-lockfile:createNodes' [33m57.944958999753[39m
[NX v21.4.1 Daemon Server] - 2025-09-13T19:22:14.992Z - Time taken for 'build-project-configs' 139.8277920000255ms
[NX v21.4.1 Daemon Server] - 2025-09-13T19:22:15.305Z - [WATCHER]: Processing file changes in outputs
[NX v21.4.1 Daemon Server] - 2025-09-13T19:22:15.311Z - [WATCHER]: apps/admin/app/features/University/Form/components/university.tsx was modified
Time for 'build typescript dependencies' [33m0.024416999891400337[39m
[NX v21.4.1 Daemon Server] - 2025-09-13T19:22:15.424Z - Wrote project graph cache to /Users/3bird/Documents/personal/studycourse/education-site-frontend/.nx/workspace-data/project-graph.json
[NX v21.4.1 Daemon Server] - 2025-09-13T19:22:15.424Z - [SYNC]: collect registered sync generators
[NX v21.4.1 Daemon Server] - 2025-09-13T19:22:15.425Z - [SYNC]: project graph hash is the same, not collecting task sync generators
[NX v21.4.1 Daemon Server] - 2025-09-13T19:22:15.425Z - [SYNC]: nx.json hash is the same, not collecting global sync generators
[NX v21.4.1 Daemon Server] - 2025-09-13T19:22:15.425Z - Time taken for 'total execution time for createProjectGraph()' 432.17862500064075ms
[NX v21.4.1 Daemon Server] - 2025-09-13T19:22:15.519Z - [REQUEST]: Updated workspace context based on watched changes, recomputing project graph...
[NX v21.4.1 Daemon Server] - 2025-09-13T19:22:15.520Z - [REQUEST]: apps/admin/app/features/University/Form/components/university.tsx
[NX v21.4.1 Daemon Server] - 2025-09-13T19:22:15.520Z - [REQUEST]: 
[NX v21.4.1 Daemon Server] - 2025-09-13T19:22:15.540Z - Time taken for 'hash changed files from watcher' 6.979624999687076ms
Time for 'nx/core/package-json:createNodes' [33m10.85241699963808[39m
Time for 'nx/core/project-json:createNodes' [33m14.01583299972117[39m
[NX v21.4.1 Daemon Server] - 2025-09-13T19:22:15.594Z - [WATCHER]: apps/admin/app/features/University/Form/components/university.tsx was modified
[NX v21.4.1 Daemon Server] - 2025-09-13T19:22:15.594Z - [WATCHER]: Processing file changes in outputs
Time for 'nx/js/dependencies-and-lockfile:createNodes' [33m51.39458299987018[39m
[NX v21.4.1 Daemon Server] - 2025-09-13T19:22:15.676Z - Time taken for 'build-project-configs' 126.40662500075996ms
Time for 'build typescript dependencies' [33m0.022583000361919403[39m
[NX v21.4.1 Daemon Server] - 2025-09-13T19:22:15.731Z - Wrote project graph cache to /Users/3bird/Documents/personal/studycourse/education-site-frontend/.nx/workspace-data/project-graph.json
[NX v21.4.1 Daemon Server] - 2025-09-13T19:22:15.731Z - [SYNC]: collect registered sync generators
[NX v21.4.1 Daemon Server] - 2025-09-13T19:22:15.732Z - [SYNC]: project graph hash is the same, not collecting task sync generators
[NX v21.4.1 Daemon Server] - 2025-09-13T19:22:15.732Z - [SYNC]: nx.json hash is the same, not collecting global sync generators
[NX v21.4.1 Daemon Server] - 2025-09-13T19:22:15.732Z - Time taken for 'total execution time for createProjectGraph()' 53.99641700088978ms
[NX v21.4.1 Daemon Server] - 2025-09-13T19:22:15.826Z - [WATCHER]: apps/admin/app/features/University/Form/components/university.tsx was modified
[NX v21.4.1 Daemon Server] - 2025-09-13T19:22:15.827Z - [WATCHER]: Processing file changes in outputs
[NX v21.4.1 Daemon Server] - 2025-09-13T19:22:15.997Z - [REQUEST]: Updated workspace context based on watched changes, recomputing project graph...
[NX v21.4.1 Daemon Server] - 2025-09-13T19:22:15.997Z - [REQUEST]: apps/admin/app/features/University/Form/components/university.tsx
[NX v21.4.1 Daemon Server] - 2025-09-13T19:22:15.997Z - [REQUEST]: 
[NX v21.4.1 Daemon Server] - 2025-09-13T19:22:16.035Z - Time taken for 'hash changed files from watcher' 1.4975420013070107ms
Time for 'nx/core/package-json:createNodes' [33m3.273667000234127[39m
Time for 'nx/core/project-json:createNodes' [33m4.892417000606656[39m
Time for 'nx/js/dependencies-and-lockfile:createNodes' [33m30.215583000332117[39m
[NX v21.4.1 Daemon Server] - 2025-09-13T19:22:16.122Z - Time taken for 'build-project-configs' 88.43479100055993ms
Time for 'build typescript dependencies' [33m0.016917001456022263[39m
[NX v21.4.1 Daemon Server] - 2025-09-13T19:22:16.228Z - Wrote project graph cache to /Users/3bird/Documents/personal/studycourse/education-site-frontend/.nx/workspace-data/project-graph.json
[NX v21.4.1 Daemon Server] - 2025-09-13T19:22:16.229Z - [SYNC]: collect registered sync generators
[NX v21.4.1 Daemon Server] - 2025-09-13T19:22:16.229Z - [SYNC]: project graph hash is the same, not collecting task sync generators
[NX v21.4.1 Daemon Server] - 2025-09-13T19:22:16.229Z - [SYNC]: nx.json hash is the same, not collecting global sync generators
[NX v21.4.1 Daemon Server] - 2025-09-13T19:22:16.229Z - Time taken for 'total execution time for createProjectGraph()' 110.14579099975526ms
[NX v21.4.1 Daemon Server] - 2025-09-13T19:22:17.295Z - [WATCHER]: Processing file changes in outputs
[NX v21.4.1 Daemon Server] - 2025-09-13T19:22:18.402Z - [WATCHER]: Processing file changes in outputs
[NX v21.4.1 Daemon Server] - 2025-09-13T19:22:18.865Z - [WATCHER]: Processing file changes in outputs
[NX v21.4.1 Daemon Server] - 2025-09-13T19:22:20.046Z - [WATCHER]: apps/admin/app/features/University/Form/components/university.tsx was modified
[NX v21.4.1 Daemon Server] - 2025-09-13T19:22:20.047Z - [WATCHER]: Processing file changes in outputs
[NX v21.4.1 Daemon Server] - 2025-09-13T19:22:20.342Z - [WATCHER]: apps/admin/app/features/University/Form/components/university.tsx was modified
[NX v21.4.1 Daemon Server] - 2025-09-13T19:22:20.348Z - [WATCHER]: Processing file changes in outputs
[NX v21.4.1 Daemon Server] - 2025-09-13T19:22:20.529Z - [WATCHER]: apps/admin/app/features/University/Form/components/university.tsx was modified
[NX v21.4.1 Daemon Server] - 2025-09-13T19:22:20.529Z - [WATCHER]: Processing file changes in outputs
[NX v21.4.1 Daemon Server] - 2025-09-13T19:22:20.617Z - [WATCHER]: Processing file changes in outputs
[NX v21.4.1 Daemon Server] - 2025-09-13T19:22:20.921Z - [REQUEST]: Updated workspace context based on watched changes, recomputing project graph...
[NX v21.4.1 Daemon Server] - 2025-09-13T19:22:20.921Z - [REQUEST]: apps/admin/app/features/University/Form/components/university.tsx
[NX v21.4.1 Daemon Server] - 2025-09-13T19:22:20.922Z - [REQUEST]: 
[NX v21.4.1 Daemon Server] - 2025-09-13T19:22:20.982Z - Time taken for 'hash changed files from watcher' 60.341791998595ms
Time for 'nx/core/package-json:createNodes' [33m1.5994170010089874[39m
Time for 'nx/core/project-json:createNodes' [33m1.5583749990910292[39m
Time for 'nx/js/dependencies-and-lockfile:createNodes' [33m91.28329199925065[39m
[NX v21.4.1 Daemon Server] - 2025-09-13T19:22:21.150Z - Time taken for 'build-project-configs' 167.32620800100267ms
Time for 'build typescript dependencies' [33m0.02462499961256981[39m
[NX v21.4.1 Daemon Server] - 2025-09-13T19:22:21.216Z - Wrote project graph cache to /Users/3bird/Documents/personal/studycourse/education-site-frontend/.nx/workspace-data/project-graph.json
[NX v21.4.1 Daemon Server] - 2025-09-13T19:22:21.216Z - [SYNC]: collect registered sync generators
[NX v21.4.1 Daemon Server] - 2025-09-13T19:22:21.216Z - [SYNC]: project graph hash is the same, not collecting task sync generators
[NX v21.4.1 Daemon Server] - 2025-09-13T19:22:21.216Z - [SYNC]: nx.json hash is the same, not collecting global sync generators
[NX v21.4.1 Daemon Server] - 2025-09-13T19:22:21.217Z - Time taken for 'total execution time for createProjectGraph()' 82.31387499906123ms
[NX v21.4.1 Daemon Server] - 2025-09-13T19:22:21.451Z - [WATCHER]: Processing file changes in outputs
[NX v21.4.1 Daemon Server] - 2025-09-13T19:22:21.965Z - [WATCHER]: Processing file changes in outputs
[NX v21.4.1 Daemon Server] - 2025-09-13T19:22:32.025Z - [WATCHER]: Processing file changes in outputs
[NX v21.4.1 Daemon Server] - 2025-09-13T19:22:32.229Z - [WATCHER]: Processing file changes in outputs
[NX v21.4.1 Daemon Server] - 2025-09-13T19:23:32.988Z - [WATCHER]: Processing file changes in outputs
[NX v21.4.1 Daemon Server] - 2025-09-13T19:23:33.159Z - [WATCHER]: Processing file changes in outputs
[NX v21.4.1 Daemon Server] - 2025-09-13T19:23:33.547Z - [WATCHER]: Processing file changes in outputs
[NX v21.4.1 Daemon Server] - 2025-09-13T19:23:34.730Z - [WATCHER]: Processing file changes in outputs
[NX v21.4.1 Daemon Server] - 2025-09-13T19:23:36.418Z - [WATCHER]: Processing file changes in outputs
[NX v21.4.1 Daemon Server] - 2025-09-13T19:23:36.756Z - [WATCHER]: Processing file changes in outputs
[NX v21.4.1 Daemon Server] - 2025-09-13T19:23:36.881Z - [WATCHER]: Processing file changes in outputs
[NX v21.4.1 Daemon Server] - 2025-09-13T19:23:37.123Z - [WATCHER]: Processing file changes in outputs
[NX v21.4.1 Daemon Server] - 2025-09-13T19:23:37.618Z - [WATCHER]: Processing file changes in outputs
[NX v21.4.1 Daemon Server] - 2025-09-13T19:23:37.693Z - [WATCHER]: Processing file changes in outputs
[NX v21.4.1 Daemon Server] - 2025-09-13T19:23:44.371Z - [WATCHER]: Processing file changes in outputs
[NX v21.4.1 Daemon Server] - 2025-09-13T19:23:44.388Z - [WATCHER]: apps/admin/app/features/University/Form/components/university.tsx was modified
[NX v21.4.1 Daemon Server] - 2025-09-13T19:23:45.950Z - [WATCHER]: apps/admin/app/features/University/Form/components/university.tsx was modified
[NX v21.4.1 Daemon Server] - 2025-09-13T19:23:45.951Z - [WATCHER]: Processing file changes in outputs
[NX v21.4.1 Daemon Server] - 2025-09-13T19:23:46.004Z - [REQUEST]: Updated workspace context based on watched changes, recomputing project graph...
[NX v21.4.1 Daemon Server] - 2025-09-13T19:23:46.004Z - [REQUEST]: apps/admin/app/features/University/Form/components/university.tsx
[NX v21.4.1 Daemon Server] - 2025-09-13T19:23:46.004Z - [REQUEST]: 
[NX v21.4.1 Daemon Server] - 2025-09-13T19:23:46.016Z - Time taken for 'hash changed files from watcher' 6.760290998965502ms
Time for 'nx/core/package-json:createNodes' [33m12.845416000112891[39m
Time for 'nx/core/project-json:createNodes' [33m9.829083001241088[39m
Time for 'nx/js/dependencies-and-lockfile:createNodes' [33m55.23833299987018[39m
[NX v21.4.1 Daemon Server] - 2025-09-13T19:23:46.142Z - Time taken for 'build-project-configs' 105.07024999894202ms
Time for 'build typescript dependencies' [33m24.106416000053287[39m
[NX v21.4.1 Daemon Server] - 2025-09-13T19:23:46.253Z - Wrote project graph cache to /Users/3bird/Documents/personal/studycourse/education-site-frontend/.nx/workspace-data/project-graph.json
[NX v21.4.1 Daemon Server] - 2025-09-13T19:23:46.253Z - [SYNC]: collect registered sync generators
[NX v21.4.1 Daemon Server] - 2025-09-13T19:23:46.253Z - [SYNC]: project graph hash is the same, not collecting task sync generators
[NX v21.4.1 Daemon Server] - 2025-09-13T19:23:46.253Z - [SYNC]: nx.json hash is the same, not collecting global sync generators
[NX v21.4.1 Daemon Server] - 2025-09-13T19:23:46.253Z - Time taken for 'total execution time for createProjectGraph()' 118.83949999883771ms
[NX v21.4.1 Daemon Server] - 2025-09-13T19:23:48.129Z - [WATCHER]: Processing file changes in outputs
[NX v21.4.1 Daemon Server] - 2025-09-13T19:23:48.132Z - [WATCHER]: apps/admin/app/features/University/Form/components/university.tsx was modified
[NX v21.4.1 Daemon Server] - 2025-09-13T19:23:50.505Z - [WATCHER]: apps/admin/app/features/University/Form/components/university.tsx was modified
[NX v21.4.1 Daemon Server] - 2025-09-13T19:23:50.505Z - [WATCHER]: Processing file changes in outputs
[NX v21.4.1 Daemon Server] - 2025-09-13T19:23:50.670Z - [WATCHER]: Processing file changes in outputs
[NX v21.4.1 Daemon Server] - 2025-09-13T19:23:50.993Z - [WATCHER]: Processing file changes in outputs
[NX v21.4.1 Daemon Server] - 2025-09-13T19:23:50.995Z - [WATCHER]: apps/admin/app/features/University/Form/components/university.tsx was modified
[NX v21.4.1 Daemon Server] - 2025-09-13T19:23:51.218Z - [WATCHER]: Processing file changes in outputs
[NX v21.4.1 Daemon Server] - 2025-09-13T19:23:51.223Z - [WATCHER]: apps/admin/app/features/University/Form/components/university.tsx was modified
[NX v21.4.1 Daemon Server] - 2025-09-13T19:23:51.333Z - [REQUEST]: Updated workspace context based on watched changes, recomputing project graph...
[NX v21.4.1 Daemon Server] - 2025-09-13T19:23:51.333Z - [REQUEST]: apps/admin/app/features/University/Form/components/university.tsx
[NX v21.4.1 Daemon Server] - 2025-09-13T19:23:51.333Z - [REQUEST]: 
[NX v21.4.1 Daemon Server] - 2025-09-13T19:23:51.341Z - Time taken for 'hash changed files from watcher' 0.47962500154972076ms
Time for 'nx/core/package-json:createNodes' [33m2.939333999529481[39m
Time for 'nx/core/project-json:createNodes' [33m6.914708001539111[39m
Time for 'nx/js/dependencies-and-lockfile:createNodes' [33m67.61112499982119[39m
[NX v21.4.1 Daemon Server] - 2025-09-13T19:23:51.522Z - Time taken for 'build-project-configs' 175.30024999938905ms
Time for 'build typescript dependencies' [33m20.509000001475215[39m
[NX v21.4.1 Daemon Server] - 2025-09-13T19:23:51.649Z - Wrote project graph cache to /Users/3bird/Documents/personal/studycourse/education-site-frontend/.nx/workspace-data/project-graph.json
[NX v21.4.1 Daemon Server] - 2025-09-13T19:23:51.649Z - [SYNC]: collect registered sync generators
[NX v21.4.1 Daemon Server] - 2025-09-13T19:23:51.649Z - [SYNC]: project graph hash is the same, not collecting task sync generators
[NX v21.4.1 Daemon Server] - 2025-09-13T19:23:51.649Z - [SYNC]: nx.json hash is the same, not collecting global sync generators
[NX v21.4.1 Daemon Server] - 2025-09-13T19:23:51.650Z - Time taken for 'total execution time for createProjectGraph()' 114.27400000020862ms
[NX v21.4.1 Daemon Server] - 2025-09-13T19:23:53.056Z - [WATCHER]: Processing file changes in outputs
[NX v21.4.1 Daemon Server] - 2025-09-13T19:23:53.444Z - [WATCHER]: Processing file changes in outputs
[NX v21.4.1 Daemon Server] - 2025-09-13T19:23:53.823Z - [WATCHER]: Processing file changes in outputs
[NX v21.4.1 Daemon Server] - 2025-09-13T19:24:44.631Z - [WATCHER]: Processing file changes in outputs
[NX v21.4.1 Daemon Server] - 2025-09-13T19:24:44.658Z - [WATCHER]: apps/admin/app/features/University/Form/components/university.tsx was modified
[NX v21.4.1 Daemon Server] - 2025-09-13T19:24:46.377Z - [WATCHER]: Processing file changes in outputs
[NX v21.4.1 Daemon Server] - 2025-09-13T19:24:47.542Z - [WATCHER]: Processing file changes in outputs
[NX v21.4.1 Daemon Server] - 2025-09-13T19:24:49.595Z - [WATCHER]: apps/admin/app/features/University/Form/components/university.tsx was modified
[NX v21.4.1 Daemon Server] - 2025-09-13T19:24:49.596Z - [WATCHER]: Processing file changes in outputs
[NX v21.4.1 Daemon Server] - 2025-09-13T19:24:50.233Z - [WATCHER]: Processing file changes in outputs
[NX v21.4.1 Daemon Server] - 2025-09-13T19:24:50.767Z - [WATCHER]: Processing file changes in outputs
[NX v21.4.1 Daemon Server] - 2025-09-13T19:24:51.063Z - [REQUEST]: Updated workspace context based on watched changes, recomputing project graph...
[NX v21.4.1 Daemon Server] - 2025-09-13T19:24:51.063Z - [REQUEST]: apps/admin/app/features/University/Form/components/university.tsx
[NX v21.4.1 Daemon Server] - 2025-09-13T19:24:51.063Z - [REQUEST]: 
[NX v21.4.1 Daemon Server] - 2025-09-13T19:24:51.070Z - Time taken for 'hash changed files from watcher' 1.2512500006705523ms
Time for 'nx/core/package-json:createNodes' [33m3.902250001206994[39m
Time for 'nx/core/project-json:createNodes' [33m5.011125000193715[39m
Time for 'nx/js/dependencies-and-lockfile:createNodes' [33m51.2288750000298[39m
[NX v21.4.1 Daemon Server] - 2025-09-13T19:24:51.169Z - Time taken for 'build-project-configs' 89.58100000023842ms
Time for 'build typescript dependencies' [33m13.670584000647068[39m
[NX v21.4.1 Daemon Server] - 2025-09-13T19:24:51.277Z - Wrote project graph cache to /Users/3bird/Documents/personal/studycourse/education-site-frontend/.nx/workspace-data/project-graph.json
[NX v21.4.1 Daemon Server] - 2025-09-13T19:24:51.277Z - [SYNC]: collect registered sync generators
[NX v21.4.1 Daemon Server] - 2025-09-13T19:24:51.278Z - [SYNC]: project graph hash is the same, not collecting task sync generators
[NX v21.4.1 Daemon Server] - 2025-09-13T19:24:51.278Z - [SYNC]: nx.json hash is the same, not collecting global sync generators
[NX v21.4.1 Daemon Server] - 2025-09-13T19:24:51.278Z - Time taken for 'total execution time for createProjectGraph()' 108.50895800068974ms
[NX v21.4.1 Daemon Server] - 2025-09-13T19:24:54.062Z - [WATCHER]: apps/admin/app/features/University/Form/components/university.tsx was modified
[NX v21.4.1 Daemon Server] - 2025-09-13T19:24:54.062Z - [WATCHER]: Processing file changes in outputs
[NX v21.4.1 Daemon Server] - 2025-09-13T19:24:54.573Z - [WATCHER]: Processing file changes in outputs
[NX v21.4.1 Daemon Server] - 2025-09-13T19:24:54.941Z - [WATCHER]: Processing file changes in outputs
[NX v21.4.1 Daemon Server] - 2025-09-13T19:24:56.673Z - [WATCHER]: Processing file changes in outputs
[NX v21.4.1 Daemon Server] - 2025-09-13T19:24:56.676Z - [WATCHER]: apps/admin/app/features/University/Form/components/university.tsx was modified
[NX v21.4.1 Daemon Server] - 2025-09-13T19:24:56.871Z - [WATCHER]: apps/admin/app/features/University/Form/components/university.tsx was modified
[NX v21.4.1 Daemon Server] - 2025-09-13T19:24:56.871Z - [WATCHER]: Processing file changes in outputs
[NX v21.4.1 Daemon Server] - 2025-09-13T19:24:57.099Z - [WATCHER]: Processing file changes in outputs
[NX v21.4.1 Daemon Server] - 2025-09-13T19:24:58.062Z - [WATCHER]: Processing file changes in outputs
[NX v21.4.1 Daemon Server] - 2025-09-13T19:24:58.537Z - [WATCHER]: Processing file changes in outputs
[NX v21.4.1 Daemon Server] - 2025-09-13T19:25:00.495Z - [REQUEST]: Updated workspace context based on watched changes, recomputing project graph...
[NX v21.4.1 Daemon Server] - 2025-09-13T19:25:00.497Z - [REQUEST]: apps/admin/app/features/University/Form/components/university.tsx
[NX v21.4.1 Daemon Server] - 2025-09-13T19:25:00.497Z - [REQUEST]: 
[NX v21.4.1 Daemon Server] - 2025-09-13T19:25:00.511Z - Time taken for 'hash changed files from watcher' 17.62670899927616ms
Time for 'nx/core/package-json:createNodes' [33m6.4328339993953705[39m
Time for 'nx/core/project-json:createNodes' [33m9.899333000183105[39m
Time for 'nx/js/dependencies-and-lockfile:createNodes' [33m25.128709001466632[39m
[NX v21.4.1 Daemon Server] - 2025-09-13T19:25:00.596Z - Time taken for 'build-project-configs' 71.81895800121129ms
Time for 'build typescript dependencies' [33m0.16825000010430813[39m
[NX v21.4.1 Daemon Server] - 2025-09-13T19:25:00.707Z - Wrote project graph cache to /Users/3bird/Documents/personal/studycourse/education-site-frontend/.nx/workspace-data/project-graph.json
[NX v21.4.1 Daemon Server] - 2025-09-13T19:25:00.707Z - [SYNC]: collect registered sync generators
[NX v21.4.1 Daemon Server] - 2025-09-13T19:25:00.707Z - [SYNC]: project graph hash is the same, not collecting task sync generators
[NX v21.4.1 Daemon Server] - 2025-09-13T19:25:00.707Z - [SYNC]: nx.json hash is the same, not collecting global sync generators
[NX v21.4.1 Daemon Server] - 2025-09-13T19:25:00.707Z - Time taken for 'total execution time for createProjectGraph()' 91.53137500025332ms
[NX v21.4.1 Daemon Server] - 2025-09-13T19:25:08.525Z - [WATCHER]: Processing file changes in outputs
[NX v21.4.1 Daemon Server] - 2025-09-13T19:25:10.000Z - [WATCHER]: Processing file changes in outputs
[NX v21.4.1 Daemon Server] - 2025-09-13T19:26:09.463Z - [WATCHER]: Processing file changes in outputs
[NX v21.4.1 Daemon Server] - 2025-09-13T19:26:09.551Z - [WATCHER]: Processing file changes in outputs
[NX v21.4.1 Daemon Server] - 2025-09-13T19:26:09.986Z - [WATCHER]: Processing file changes in outputs
[NX v21.4.1 Daemon Server] - 2025-09-13T19:26:12.289Z - [WATCHER]: Processing file changes in outputs
[NX v21.4.1 Daemon Server] - 2025-09-13T19:26:12.523Z - [WATCHER]: Processing file changes in outputs
[NX v21.4.1 Daemon Server] - 2025-09-13T19:26:12.843Z - [WATCHER]: Processing file changes in outputs
[NX v21.4.1 Daemon Server] - 2025-09-13T19:26:13.025Z - [WATCHER]: Processing file changes in outputs
[NX v21.4.1 Daemon Server] - 2025-09-13T19:26:13.121Z - [WATCHER]: Processing file changes in outputs
[NX v21.4.1 Daemon Server] - 2025-09-13T19:26:13.206Z - [WATCHER]: Processing file changes in outputs
[NX v21.4.1 Daemon Server] - 2025-09-13T19:26:40.234Z - [WATCHER]: Processing file changes in outputs
[NX v21.4.1 Daemon Server] - 2025-09-13T19:26:40.270Z - [WATCHER]: libs/services/helper.ts was modified
[NX v21.4.1 Daemon Server] - 2025-09-13T19:26:41.626Z - [WATCHER]: Processing file changes in outputs
[NX v21.4.1 Daemon Server] - 2025-09-13T19:26:41.640Z - [WATCHER]: libs/services/helper.ts was modified
[NX v21.4.1 Daemon Server] - 2025-09-13T19:26:45.018Z - [WATCHER]: Processing file changes in outputs
[NX v21.4.1 Daemon Server] - 2025-09-13T19:26:46.226Z - [WATCHER]: libs/services/helper.ts was modified
[NX v21.4.1 Daemon Server] - 2025-09-13T19:26:46.243Z - [WATCHER]: Processing file changes in outputs
[NX v21.4.1 Daemon Server] - 2025-09-13T19:26:46.741Z - [REQUEST]: Updated workspace context based on watched changes, recomputing project graph...
[NX v21.4.1 Daemon Server] - 2025-09-13T19:26:46.745Z - [REQUEST]: libs/services/helper.ts
[NX v21.4.1 Daemon Server] - 2025-09-13T19:26:46.745Z - [REQUEST]: 
[NX v21.4.1 Daemon Server] - 2025-09-13T19:26:46.787Z - Time taken for 'hash changed files from watcher' 28.580916998907924ms
Time for 'nx/core/package-json:createNodes' [33m39.63825000077486[39m
Time for 'nx/core/project-json:createNodes' [33m36.78316600061953[39m
Time for 'nx/js/dependencies-and-lockfile:createNodes' [33m231.35516699962318[39m
[NX v21.4.1 Daemon Server] - 2025-09-13T19:26:47.192Z - Time taken for 'build-project-configs' 390.5363330002874ms
Time for 'build typescript dependencies' [33m0.019082998856902122[39m
[NX v21.4.1 Daemon Server] - 2025-09-13T19:26:47.372Z - Wrote project graph cache to /Users/3bird/Documents/personal/studycourse/education-site-frontend/.nx/workspace-data/project-graph.json
[NX v21.4.1 Daemon Server] - 2025-09-13T19:26:47.372Z - [SYNC]: collect registered sync generators
[NX v21.4.1 Daemon Server] - 2025-09-13T19:26:47.372Z - [SYNC]: project graph hash is the same, not collecting task sync generators
[NX v21.4.1 Daemon Server] - 2025-09-13T19:26:47.372Z - [SYNC]: nx.json hash is the same, not collecting global sync generators
[NX v21.4.1 Daemon Server] - 2025-09-13T19:26:47.372Z - Time taken for 'total execution time for createProjectGraph()' 184.86866700090468ms
[NX v21.4.1 Daemon Server] - 2025-09-13T19:26:47.740Z - [WATCHER]: Processing file changes in outputs
[NX v21.4.1 Daemon Server] - 2025-09-13T19:26:48.038Z - [WATCHER]: Processing file changes in outputs
[NX v21.4.1 Daemon Server] - 2025-09-13T19:26:48.229Z - [WATCHER]: Processing file changes in outputs
[NX v21.4.1 Daemon Server] - 2025-09-13T19:26:55.178Z - [WATCHER]: Processing file changes in outputs
[NX v21.4.1 Daemon Server] - 2025-09-13T19:26:57.405Z - [WATCHER]: Processing file changes in outputs
[NX v21.4.1 Daemon Server] - 2025-09-13T19:26:59.682Z - [WATCHER]: Processing file changes in outputs
[NX v21.4.1 Daemon Server] - 2025-09-13T19:27:00.988Z - [WATCHER]: Processing file changes in outputs
[NX v21.4.1 Daemon Server] - 2025-09-13T19:27:01.179Z - [WATCHER]: Processing file changes in outputs
[NX v21.4.1 Daemon Server] - 2025-09-13T19:27:04.032Z - [WATCHER]: Processing file changes in outputs
[NX v21.4.1 Daemon Server] - 2025-09-13T19:27:04.163Z - [WATCHER]: Processing file changes in outputs
[NX v21.4.1 Daemon Server] - 2025-09-13T19:27:04.514Z - [WATCHER]: Processing file changes in outputs
[NX v21.4.1 Daemon Server] - 2025-09-13T19:27:04.587Z - [WATCHER]: Processing file changes in outputs
[NX v21.4.1 Daemon Server] - 2025-09-13T19:27:04.765Z - [WATCHER]: Processing file changes in outputs
[NX v21.4.1 Daemon Server] - 2025-09-13T19:27:04.939Z - [WATCHER]: Processing file changes in outputs
[NX v21.4.1 Daemon Server] - 2025-09-13T19:27:07.343Z - [WATCHER]: Processing file changes in outputs
[NX v21.4.1 Daemon Server] - 2025-09-13T19:27:07.415Z - [WATCHER]: libs/services/helper.ts was modified
[NX v21.4.1 Daemon Server] - 2025-09-13T19:27:07.493Z - [WATCHER]: libs/services/helper.ts was modified
[NX v21.4.1 Daemon Server] - 2025-09-13T19:27:07.495Z - [WATCHER]: Processing file changes in outputs
[NX v21.4.1 Daemon Server] - 2025-09-13T19:27:07.544Z - [WATCHER]: libs/services/helper.ts was modified
[NX v21.4.1 Daemon Server] - 2025-09-13T19:27:07.544Z - [WATCHER]: Processing file changes in outputs
[NX v21.4.1 Daemon Server] - 2025-09-13T19:27:07.769Z - [WATCHER]: Processing file changes in outputs
[NX v21.4.1 Daemon Server] - 2025-09-13T19:27:07.770Z - [WATCHER]: libs/services/helper.ts was modified
[NX v21.4.1 Daemon Server] - 2025-09-13T19:27:08.741Z - [WATCHER]: Processing file changes in outputs
[NX v21.4.1 Daemon Server] - 2025-09-13T19:27:09.067Z - [WATCHER]: Processing file changes in outputs
[NX v21.4.1 Daemon Server] - 2025-09-13T19:27:09.369Z - [WATCHER]: Processing file changes in outputs
[NX v21.4.1 Daemon Server] - 2025-09-13T19:27:09.633Z - [WATCHER]: Processing file changes in outputs
[NX v21.4.1 Daemon Server] - 2025-09-13T19:27:10.441Z - [WATCHER]: Processing file changes in outputs
[NX v21.4.1 Daemon Server] - 2025-09-13T19:27:11.243Z - [WATCHER]: Processing file changes in outputs
[NX v21.4.1 Daemon Server] - 2025-09-13T19:27:11.388Z - [WATCHER]: Processing file changes in outputs
[NX v21.4.1 Daemon Server] - 2025-09-13T19:27:11.694Z - [WATCHER]: Processing file changes in outputs
[NX v21.4.1 Daemon Server] - 2025-09-13T19:27:11.884Z - [WATCHER]: Processing file changes in outputs
[NX v21.4.1 Daemon Server] - 2025-09-13T19:27:12.369Z - [WATCHER]: Processing file changes in outputs
[NX v21.4.1 Daemon Server] - 2025-09-13T19:27:12.665Z - [WATCHER]: Processing file changes in outputs
[NX v21.4.1 Daemon Server] - 2025-09-13T19:27:13.835Z - [REQUEST]: Updated workspace context based on watched changes, recomputing project graph...
[NX v21.4.1 Daemon Server] - 2025-09-13T19:27:13.836Z - [REQUEST]: libs/services/helper.ts
[NX v21.4.1 Daemon Server] - 2025-09-13T19:27:13.836Z - [REQUEST]: 
[NX v21.4.1 Daemon Server] - 2025-09-13T19:27:13.844Z - Time taken for 'hash changed files from watcher' 1.025916999205947ms
Time for 'nx/core/project-json:createNodes' [33m4.953459000214934[39m
Time for 'nx/core/package-json:createNodes' [33m5.960375001654029[39m
Time for 'nx/js/dependencies-and-lockfile:createNodes' [33m31.740375000983477[39m
[NX v21.4.1 Daemon Server] - 2025-09-13T19:27:13.927Z - Time taken for 'build-project-configs' 60.31874999962747ms
Time for 'build typescript dependencies' [33m0.4703340008854866[39m
[NX v21.4.1 Daemon Server] - 2025-09-13T19:27:14.032Z - Wrote project graph cache to /Users/3bird/Documents/personal/studycourse/education-site-frontend/.nx/workspace-data/project-graph.json
[NX v21.4.1 Daemon Server] - 2025-09-13T19:27:14.032Z - [SYNC]: collect registered sync generators
[NX v21.4.1 Daemon Server] - 2025-09-13T19:27:14.033Z - [SYNC]: project graph hash is the same, not collecting task sync generators
[NX v21.4.1 Daemon Server] - 2025-09-13T19:27:14.033Z - [SYNC]: nx.json hash is the same, not collecting global sync generators
[NX v21.4.1 Daemon Server] - 2025-09-13T19:27:14.033Z - Time taken for 'total execution time for createProjectGraph()' 109.00004200078547ms
[NX v21.4.1 Daemon Server] - 2025-09-13T19:27:14.079Z - [WATCHER]: Processing file changes in outputs
[NX v21.4.1 Daemon Server] - 2025-09-13T19:27:14.133Z - [WATCHER]: Processing file changes in outputs
[NX v21.4.1 Daemon Server] - 2025-09-13T19:27:16.065Z - [WATCHER]: Processing file changes in outputs
[NX v21.4.1 Daemon Server] - 2025-09-13T19:27:16.076Z - [WATCHER]: libs/services/helper.ts was modified
[NX v21.4.1 Daemon Server] - 2025-09-13T19:27:16.114Z - [WATCHER]: Processing file changes in outputs
[NX v21.4.1 Daemon Server] - 2025-09-13T19:27:16.401Z - [WATCHER]: libs/services/helper.ts was modified
[NX v21.4.1 Daemon Server] - 2025-09-13T19:27:16.401Z - [WATCHER]: Processing file changes in outputs
[NX v21.4.1 Daemon Server] - 2025-09-13T19:27:16.508Z - [WATCHER]: Processing file changes in outputs
[NX v21.4.1 Daemon Server] - 2025-09-13T19:27:16.591Z - [WATCHER]: libs/services/helper.ts was modified
[NX v21.4.1 Daemon Server] - 2025-09-13T19:27:16.592Z - [WATCHER]: Processing file changes in outputs
[NX v21.4.1 Daemon Server] - 2025-09-13T19:27:16.728Z - [WATCHER]: Processing file changes in outputs
[NX v21.4.1 Daemon Server] - 2025-09-13T19:27:16.839Z - [WATCHER]: Processing file changes in outputs
[NX v21.4.1 Daemon Server] - 2025-09-13T19:27:16.911Z - [WATCHER]: Processing file changes in outputs
[NX v21.4.1 Daemon Server] - 2025-09-13T19:27:17.170Z - [WATCHER]: Processing file changes in outputs
[NX v21.4.1 Daemon Server] - 2025-09-13T19:27:17.549Z - [WATCHER]: Processing file changes in outputs
[NX v21.4.1 Daemon Server] - 2025-09-13T19:27:17.765Z - [WATCHER]: Processing file changes in outputs
[NX v21.4.1 Daemon Server] - 2025-09-13T19:27:22.484Z - [REQUEST]: Updated workspace context based on watched changes, recomputing project graph...
[NX v21.4.1 Daemon Server] - 2025-09-13T19:27:22.484Z - [REQUEST]: libs/services/helper.ts
[NX v21.4.1 Daemon Server] - 2025-09-13T19:27:22.484Z - [REQUEST]: 
Time for 'nx/core/package-json:createNodes' [33m6.852082999423146[39m
[NX v21.4.1 Daemon Server] - 2025-09-13T19:27:22.500Z - Time taken for 'hash changed files from watcher' 3.0488750003278255ms
Time for 'nx/core/project-json:createNodes' [33m9.282084001228213[39m
Time for 'nx/js/dependencies-and-lockfile:createNodes' [33m35.3919580001384[39m
[NX v21.4.1 Daemon Server] - 2025-09-13T19:27:22.545Z - Time taken for 'build-project-configs' 53.05650000087917ms
Time for 'build typescript dependencies' [33m0.02554200030863285[39m
[NX v21.4.1 Daemon Server] - 2025-09-13T19:27:22.587Z - Wrote project graph cache to /Users/3bird/Documents/personal/studycourse/education-site-frontend/.nx/workspace-data/project-graph.json
[NX v21.4.1 Daemon Server] - 2025-09-13T19:27:22.587Z - [SYNC]: collect registered sync generators
[NX v21.4.1 Daemon Server] - 2025-09-13T19:27:22.587Z - [SYNC]: project graph hash is the same, not collecting task sync generators
[NX v21.4.1 Daemon Server] - 2025-09-13T19:27:22.587Z - [SYNC]: nx.json hash is the same, not collecting global sync generators
[NX v21.4.1 Daemon Server] - 2025-09-13T19:27:22.587Z - Time taken for 'total execution time for createProjectGraph()' 36.54362500086427ms
[NX v21.4.1 Daemon Server] - 2025-09-13T19:27:25.565Z - [WATCHER]: Processing file changes in outputs
[NX v21.4.1 Daemon Server] - 2025-09-13T19:27:26.847Z - [WATCHER]: Processing file changes in outputs
[NX v21.4.1 Daemon Server] - 2025-09-13T19:28:13.871Z - [WATCHER]: apps/admin/components/SCForm/SCUpload/index.tsx was modified
[NX v21.4.1 Daemon Server] - 2025-09-13T19:28:13.885Z - [WATCHER]: Processing file changes in outputs
[NX v21.4.1 Daemon Server] - 2025-09-13T19:28:14.104Z - [WATCHER]: apps/admin/components/SCForm/SCUpload/index.tsx was modified
[NX v21.4.1 Daemon Server] - 2025-09-13T19:28:14.104Z - [WATCHER]: Processing file changes in outputs
[NX v21.4.1 Daemon Server] - 2025-09-13T19:28:19.159Z - [WATCHER]: Processing file changes in outputs
[NX v21.4.1 Daemon Server] - 2025-09-13T19:28:19.607Z - [WATCHER]: Processing file changes in outputs
[NX v21.4.1 Daemon Server] - 2025-09-13T19:28:19.748Z - [WATCHER]: Processing file changes in outputs
[NX v21.4.1 Daemon Server] - 2025-09-13T19:28:19.818Z - [WATCHER]: Processing file changes in outputs
[NX v21.4.1 Daemon Server] - 2025-09-13T19:28:19.915Z - [WATCHER]: Processing file changes in outputs
[NX v21.4.1 Daemon Server] - 2025-09-13T19:28:20.029Z - [WATCHER]: Processing file changes in outputs
[NX v21.4.1 Daemon Server] - 2025-09-13T19:28:20.089Z - [WATCHER]: Processing file changes in outputs
[NX v21.4.1 Daemon Server] - 2025-09-13T19:28:20.216Z - [WATCHER]: Processing file changes in outputs
[NX v21.4.1 Daemon Server] - 2025-09-13T19:28:20.312Z - [REQUEST]: Updated workspace context based on watched changes, recomputing project graph...
[NX v21.4.1 Daemon Server] - 2025-09-13T19:28:20.313Z - [REQUEST]: apps/admin/components/SCForm/SCUpload/index.tsx
[NX v21.4.1 Daemon Server] - 2025-09-13T19:28:20.313Z - [REQUEST]: 
[NX v21.4.1 Daemon Server] - 2025-09-13T19:28:20.366Z - Time taken for 'hash changed files from watcher' 10.553166000172496ms
Time for 'nx/core/package-json:createNodes' [33m27.446833001449704[39m
Time for 'nx/core/project-json:createNodes' [33m35.149999998509884[39m
Time for 'nx/js/dependencies-and-lockfile:createNodes' [33m142.69579199887812[39m
[NX v21.4.1 Daemon Server] - 2025-09-13T19:28:20.700Z - Time taken for 'build-project-configs' 310.60795900039375ms
[NX v21.4.1 Daemon Server] - 2025-09-13T19:28:20.700Z - [WATCHER]: Processing file changes in outputs
[NX v21.4.1 Daemon Server] - 2025-09-13T19:28:20.701Z - [WATCHER]: Processing file changes in outputs
Time for 'build typescript dependencies' [33m0.023667000234127045[39m
[NX v21.4.1 Daemon Server] - 2025-09-13T19:28:20.887Z - Wrote project graph cache to /Users/3bird/Documents/personal/studycourse/education-site-frontend/.nx/workspace-data/project-graph.json
[NX v21.4.1 Daemon Server] - 2025-09-13T19:28:20.888Z - [SYNC]: collect registered sync generators
[NX v21.4.1 Daemon Server] - 2025-09-13T19:28:20.899Z - [SYNC]: project graph hash is the same, not collecting task sync generators
[NX v21.4.1 Daemon Server] - 2025-09-13T19:28:20.899Z - [SYNC]: nx.json hash is the same, not collecting global sync generators
[NX v21.4.1 Daemon Server] - 2025-09-13T19:28:20.900Z - Time taken for 'total execution time for createProjectGraph()' 192.83145799860358ms
[NX v21.4.1 Daemon Server] - 2025-09-13T19:28:21.136Z - [WATCHER]: Processing file changes in outputs
[NX v21.4.1 Daemon Server] - 2025-09-13T19:28:22.083Z - [WATCHER]: Processing file changes in outputs
[NX v21.4.1 Daemon Server] - 2025-09-13T19:28:24.748Z - [WATCHER]: Processing file changes in outputs
[NX v21.4.1 Daemon Server] - 2025-09-13T19:28:25.378Z - [WATCHER]: Processing file changes in outputs
[NX v21.4.1 Daemon Server] - 2025-09-13T19:29:23.367Z - [WATCHER]: Processing file changes in outputs
[NX v21.4.1 Daemon Server] - 2025-09-13T19:29:23.387Z - [WATCHER]: libs/services/helper.ts was modified
[NX v21.4.1 Daemon Server] - 2025-09-13T19:29:24.674Z - [WATCHER]: libs/services/helper.ts was modified
[NX v21.4.1 Daemon Server] - 2025-09-13T19:29:24.676Z - [WATCHER]: Processing file changes in outputs
[NX v21.4.1 Daemon Server] - 2025-09-13T19:29:29.091Z - [WATCHER]: Processing file changes in outputs
[NX v21.4.1 Daemon Server] - 2025-09-13T19:29:29.827Z - [REQUEST]: Updated workspace context based on watched changes, recomputing project graph...
[NX v21.4.1 Daemon Server] - 2025-09-13T19:29:29.827Z - [REQUEST]: libs/services/helper.ts
[NX v21.4.1 Daemon Server] - 2025-09-13T19:29:29.827Z - [REQUEST]: 
[NX v21.4.1 Daemon Server] - 2025-09-13T19:29:29.860Z - Time taken for 'hash changed files from watcher' 9.319958001375198ms
Time for 'nx/core/package-json:createNodes' [33m26.70691599883139[39m
Time for 'nx/core/project-json:createNodes' [33m30.979000000283122[39m
Time for 'nx/js/dependencies-and-lockfile:createNodes' [33m129.0399580001831[39m
[NX v21.4.1 Daemon Server] - 2025-09-13T19:29:30.180Z - Time taken for 'build-project-configs' 304.33908300101757ms
Time for 'build typescript dependencies' [33m0.02133299969136715[39m
[NX v21.4.1 Daemon Server] - 2025-09-13T19:29:30.617Z - Wrote project graph cache to /Users/3bird/Documents/personal/studycourse/education-site-frontend/.nx/workspace-data/project-graph.json
[NX v21.4.1 Daemon Server] - 2025-09-13T19:29:30.623Z - [SYNC]: collect registered sync generators
[NX v21.4.1 Daemon Server] - 2025-09-13T19:29:30.625Z - [SYNC]: project graph hash is the same, not collecting task sync generators
[NX v21.4.1 Daemon Server] - 2025-09-13T19:29:30.625Z - [SYNC]: nx.json hash is the same, not collecting global sync generators
[NX v21.4.1 Daemon Server] - 2025-09-13T19:29:30.625Z - Time taken for 'total execution time for createProjectGraph()' 405.2401659991592ms
[NX v21.4.1 Daemon Server] - 2025-09-13T19:29:31.241Z - [WATCHER]: Processing file changes in outputs
[NX v21.4.1 Daemon Server] - 2025-09-13T19:29:31.339Z - [WATCHER]: Processing file changes in outputs
[NX v21.4.1 Daemon Server] - 2025-09-13T19:29:31.405Z - [WATCHER]: libs/services/helper.ts was modified
[NX v21.4.1 Daemon Server] - 2025-09-13T19:29:31.471Z - [WATCHER]: libs/services/helper.ts was modified
[NX v21.4.1 Daemon Server] - 2025-09-13T19:29:31.472Z - [WATCHER]: Processing file changes in outputs
[NX v21.4.1 Daemon Server] - 2025-09-13T19:29:31.731Z - [WATCHER]: Processing file changes in outputs
[NX v21.4.1 Daemon Server] - 2025-09-13T19:29:33.029Z - [WATCHER]: Processing file changes in outputs
[NX v21.4.1 Daemon Server] - 2025-09-13T19:29:33.319Z - [WATCHER]: Processing file changes in outputs
[NX v21.4.1 Daemon Server] - 2025-09-13T19:29:35.018Z - [WATCHER]: Processing file changes in outputs
[NX v21.4.1 Daemon Server] - 2025-09-13T19:29:35.881Z - [WATCHER]: Processing file changes in outputs
[NX v21.4.1 Daemon Server] - 2025-09-13T19:29:37.830Z - [REQUEST]: Updated workspace context based on watched changes, recomputing project graph...
[NX v21.4.1 Daemon Server] - 2025-09-13T19:29:37.830Z - [REQUEST]: libs/services/helper.ts
[NX v21.4.1 Daemon Server] - 2025-09-13T19:29:37.830Z - [REQUEST]: 
[NX v21.4.1 Daemon Server] - 2025-09-13T19:29:37.889Z - Time taken for 'hash changed files from watcher' 4.874583000317216ms
Time for 'nx/core/package-json:createNodes' [33m16.78374999947846[39m
Time for 'nx/core/project-json:createNodes' [33m22.856500001624227[39m
Time for 'nx/js/dependencies-and-lockfile:createNodes' [33m64.82520799897611[39m
[NX v21.4.1 Daemon Server] - 2025-09-13T19:29:38.018Z - Time taken for 'build-project-configs' 166.1099169999361ms
Time for 'build typescript dependencies' [33m0.025750000029802322[39m
[NX v21.4.1 Daemon Server] - 2025-09-13T19:29:38.119Z - Wrote project graph cache to /Users/3bird/Documents/personal/studycourse/education-site-frontend/.nx/workspace-data/project-graph.json
[NX v21.4.1 Daemon Server] - 2025-09-13T19:29:38.119Z - [SYNC]: collect registered sync generators
[NX v21.4.1 Daemon Server] - 2025-09-13T19:29:38.119Z - [SYNC]: project graph hash is the same, not collecting task sync generators
[NX v21.4.1 Daemon Server] - 2025-09-13T19:29:38.119Z - [SYNC]: nx.json hash is the same, not collecting global sync generators
[NX v21.4.1 Daemon Server] - 2025-09-13T19:29:38.119Z - Time taken for 'total execution time for createProjectGraph()' 85.28629199974239ms
[NX v21.4.1 Daemon Server] - 2025-09-13T19:29:39.624Z - [WATCHER]: Processing file changes in outputs
[NX v21.4.1 Daemon Server] - 2025-09-13T19:29:39.746Z - [WATCHER]: Processing file changes in outputs
[NX v21.4.1 Daemon Server] - 2025-09-13T19:29:40.238Z - [WATCHER]: Processing file changes in outputs
[NX v21.4.1 Daemon Server] - 2025-09-13T19:29:43.561Z - [WATCHER]: Processing file changes in outputs
[NX v21.4.1 Daemon Server] - 2025-09-13T19:29:44.233Z - [WATCHER]: Processing file changes in outputs
[NX v21.4.1 Daemon Server] - 2025-09-13T19:29:44.413Z - [WATCHER]: Processing file changes in outputs
[NX v21.4.1 Daemon Server] - 2025-09-13T19:29:44.582Z - [WATCHER]: Processing file changes in outputs
[NX v21.4.1 Daemon Server] - 2025-09-13T19:29:44.794Z - [WATCHER]: Processing file changes in outputs
[NX v21.4.1 Daemon Server] - 2025-09-13T19:29:45.629Z - [WATCHER]: Processing file changes in outputs
[NX v21.4.1 Daemon Server] - 2025-09-13T19:29:48.279Z - [WATCHER]: Processing file changes in outputs
[NX v21.4.1 Daemon Server] - 2025-09-13T19:29:48.588Z - [WATCHER]: Processing file changes in outputs
[NX v21.4.1 Daemon Server] - 2025-09-13T19:29:48.865Z - [WATCHER]: Processing file changes in outputs
[NX v21.4.1 Daemon Server] - 2025-09-13T19:29:49.616Z - [WATCHER]: Processing file changes in outputs
[NX v21.4.1 Daemon Server] - 2025-09-13T19:29:49.936Z - [WATCHER]: Processing file changes in outputs
[NX v21.4.1 Daemon Server] - 2025-09-13T19:29:52.115Z - [WATCHER]: Processing file changes in outputs
[NX v21.4.1 Daemon Server] - 2025-09-13T19:29:52.604Z - [WATCHER]: Processing file changes in outputs
[NX v21.4.1 Daemon Server] - 2025-09-13T19:30:30.238Z - [WATCHER]: libs/services/helper.ts was modified
[NX v21.4.1 Daemon Server] - 2025-09-13T19:30:30.244Z - [WATCHER]: Processing file changes in outputs
[NX v21.4.1 Daemon Server] - 2025-09-13T19:30:31.224Z - [WATCHER]: Processing file changes in outputs
[NX v21.4.1 Daemon Server] - 2025-09-13T19:30:31.834Z - [WATCHER]: Processing file changes in outputs
[NX v21.4.1 Daemon Server] - 2025-09-13T19:30:32.190Z - [WATCHER]: Processing file changes in outputs
[NX v21.4.1 Daemon Server] - 2025-09-13T19:30:36.654Z - [REQUEST]: Updated workspace context based on watched changes, recomputing project graph...
[NX v21.4.1 Daemon Server] - 2025-09-13T19:30:36.656Z - [REQUEST]: libs/services/helper.ts
[NX v21.4.1 Daemon Server] - 2025-09-13T19:30:36.656Z - [REQUEST]: 
[NX v21.4.1 Daemon Server] - 2025-09-13T19:30:36.665Z - Time taken for 'hash changed files from watcher' 3.976792000234127ms
Time for 'nx/core/package-json:createNodes' [33m5.970083000138402[39m
Time for 'nx/core/project-json:createNodes' [33m6.164792001247406[39m
Time for 'nx/js/dependencies-and-lockfile:createNodes' [33m43.69470800086856[39m
[NX v21.4.1 Daemon Server] - 2025-09-13T19:30:36.754Z - Time taken for 'build-project-configs' 85.0387909989804ms
Time for 'build typescript dependencies' [33m0.20829099975526333[39m
[NX v21.4.1 Daemon Server] - 2025-09-13T19:30:36.829Z - Wrote project graph cache to /Users/3bird/Documents/personal/studycourse/education-site-frontend/.nx/workspace-data/project-graph.json
[NX v21.4.1 Daemon Server] - 2025-09-13T19:30:36.829Z - [SYNC]: collect registered sync generators
[NX v21.4.1 Daemon Server] - 2025-09-13T19:30:36.829Z - [SYNC]: project graph hash is the same, not collecting task sync generators
[NX v21.4.1 Daemon Server] - 2025-09-13T19:30:36.829Z - [SYNC]: nx.json hash is the same, not collecting global sync generators
[NX v21.4.1 Daemon Server] - 2025-09-13T19:30:36.830Z - Time taken for 'total execution time for createProjectGraph()' 71.42341700010002ms
[NX v21.4.1 Daemon Server] - 2025-09-13T19:30:43.863Z - [WATCHER]: Processing file changes in outputs
[NX v21.4.1 Daemon Server] - 2025-09-13T19:30:45.156Z - [WATCHER]: Processing file changes in outputs
[NX v21.4.1 Daemon Server] - 2025-09-13T19:30:45.420Z - [WATCHER]: Processing file changes in outputs
[NX v21.4.1 Daemon Server] - 2025-09-13T19:30:45.603Z - [WATCHER]: Processing file changes in outputs
[NX v21.4.1 Daemon Server] - 2025-09-13T19:30:47.164Z - [WATCHER]: Processing file changes in outputs
[NX v21.4.1 Daemon Server] - 2025-09-13T19:30:47.417Z - [WATCHER]: Processing file changes in outputs
[NX v21.4.1 Daemon Server] - 2025-09-13T19:31:23.391Z - Closed a connection. Number of open connections: 5
[NX v21.4.1 Daemon Server] - 2025-09-13T19:31:23.486Z - [REQUEST]: Responding to the client. handleRecordTaskRuns
[NX v21.4.1 Daemon Server] - 2025-09-13T19:31:23.486Z - Done responding to the client handleRecordTaskRuns
[NX v21.4.1 Daemon Server] - 2025-09-13T19:31:23.486Z - Handled RECORD_TASK_RUNS. Handling time: 4. Response time: 0.
[NX v21.4.1 Daemon Server] - 2025-09-13T19:31:23.490Z - [REQUEST]: Responding to the client. handleGetFlakyTasks
[NX v21.4.1 Daemon Server] - 2025-09-13T19:31:23.490Z - Done responding to the client handleGetFlakyTasks
[NX v21.4.1 Daemon Server] - 2025-09-13T19:31:23.490Z - Handled GET_FLAKY_TASKS. Handling time: 1. Response time: 0.
[NX v21.4.1 Daemon Server] - 2025-09-13T19:31:23.504Z - Closed a connection. Number of open connections: 4
[NX v21.4.1 Daemon Server] - 2025-09-13T19:31:23.567Z - [WATCHER]: Processing file changes in outputs
[NX v21.4.1 Daemon Server] - 2025-09-13T19:31:24.509Z - [REQUEST]: Responding to the client. handleRunPostTasksExecution
[NX v21.4.1 Daemon Server] - 2025-09-13T19:31:24.509Z - Done responding to the client handleRunPostTasksExecution
[NX v21.4.1 Daemon Server] - 2025-09-13T19:31:24.509Z - Handled POST_TASKS_EXECUTION. Handling time: 1. Response time: 0.
[NX v21.4.1 Daemon Server] - 2025-09-13T19:31:24.510Z - Time taken for 'postTasksExecution' 0.4450000002980232ms
[NX v21.4.1 Daemon Server] - 2025-09-13T19:31:24.519Z - Closed a connection. Number of open connections: 3
[NX v21.4.1 Daemon Server] - 2025-09-13T19:31:27.083Z - Established a connection. Number of open connections: 4
[NX v21.4.1 Daemon Server] - 2025-09-13T19:31:27.084Z - Established a connection. Number of open connections: 5
[NX v21.4.1 Daemon Server] - 2025-09-13T19:31:27.084Z - Closed a connection. Number of open connections: 4
[NX v21.4.1 Daemon Server] - 2025-09-13T19:31:27.085Z - [REQUEST]: Client Request for Project Graph Received
[NX v21.4.1 Daemon Server] - 2025-09-13T19:31:27.085Z - Reusing in-memory cached project graph because no files changed.
[NX v21.4.1 Daemon Server] - 2025-09-13T19:31:27.085Z - [REQUEST]: Responding to the client. project-graph
[NX v21.4.1 Daemon Server] - 2025-09-13T19:31:27.087Z - Time taken for 'total for creating and serializing project graph' 0.17145800031721592ms
[NX v21.4.1 Daemon Server] - 2025-09-13T19:31:27.088Z - Done responding to the client project-graph
[NX v21.4.1 Daemon Server] - 2025-09-13T19:31:27.088Z - Handled REQUEST_PROJECT_GRAPH. Handling time: 0. Response time: 3.
[NX v21.4.1 Daemon Server] - 2025-09-13T19:31:27.094Z - [REQUEST]: Responding to the client. handleRunPreTasksExecution
[NX v21.4.1 Daemon Server] - 2025-09-13T19:31:27.094Z - Done responding to the client handleRunPreTasksExecution
[NX v21.4.1 Daemon Server] - 2025-09-13T19:31:27.094Z - Handled PRE_TASKS_EXECUTION. Handling time: 1. Response time: 0.
[NX v21.4.1 Daemon Server] - 2025-09-13T19:31:27.094Z - Time taken for 'preTasksExecution' 0.8987080007791519ms
[NX v21.4.1 Daemon Server] - 2025-09-13T19:31:27.163Z - Reusing in-memory cached project graph because no files changed.
DEBUG nx::native::tasks::task_hasher: plan length: 1
DEBUG nx::native::tasks::hashers::hash_workspace_files: Hashing workspace fileset{cache_key="nx.json,.gitignore,.nxignore"}: Adding "2913894268036001599" (".gitignore") to hash
DEBUG nx::native::tasks::hashers::hash_workspace_files: Hashing workspace fileset{cache_key="nx.json,.gitignore,.nxignore"}: Adding "3619439782444644385" ("nx.json") to hash
DEBUG nx::native::tasks::hashers::hash_workspace_files: Hashing workspace fileset{cache_key="nx.json,.gitignore,.nxignore"}: Hash Value: "12630403656253729768"
[NX v21.4.1 Daemon Server] - 2025-09-13T19:31:27.190Z - [REQUEST]: Responding to the client. handleHashTasks
[NX v21.4.1 Daemon Server] - 2025-09-13T19:31:27.191Z - Done responding to the client handleHashTasks
[NX v21.4.1 Daemon Server] - 2025-09-13T19:31:27.191Z - Handled HASH_TASKS. Handling time: 28. Response time: 1.
[NX v21.4.1 Daemon Server] - 2025-09-13T19:31:27.399Z - [REQUEST]: Responding to the client. handleGetEstimatedTaskTimings
[NX v21.4.1 Daemon Server] - 2025-09-13T19:31:27.399Z - Done responding to the client handleGetEstimatedTaskTimings
[NX v21.4.1 Daemon Server] - 2025-09-13T19:31:27.399Z - Handled GET_ESTIMATED_TASK_TIMINGS. Handling time: 1. Response time: 0.
[NX v21.4.1 Daemon Server] - 2025-09-13T19:31:28.704Z - Established a connection. Number of open connections: 5
[NX v21.4.1 Daemon Server] - 2025-09-13T19:31:28.705Z - Established a connection. Number of open connections: 6
[NX v21.4.1 Daemon Server] - 2025-09-13T19:31:28.706Z - Closed a connection. Number of open connections: 5
[NX v21.4.1 Daemon Server] - 2025-09-13T19:31:28.707Z - [REQUEST]: Client Request for Project Graph Received
[NX v21.4.1 Daemon Server] - 2025-09-13T19:31:28.707Z - Reusing in-memory cached project graph because no files changed.
[NX v21.4.1 Daemon Server] - 2025-09-13T19:31:28.707Z - [REQUEST]: Responding to the client. project-graph
[NX v21.4.1 Daemon Server] - 2025-09-13T19:31:28.708Z - Time taken for 'total for creating and serializing project graph' 0.16916700080037117ms
[NX v21.4.1 Daemon Server] - 2025-09-13T19:31:28.713Z - Done responding to the client project-graph
[NX v21.4.1 Daemon Server] - 2025-09-13T19:31:28.713Z - Handled REQUEST_PROJECT_GRAPH. Handling time: 0. Response time: 6.
[NX v21.4.1 Daemon Server] - 2025-09-13T19:31:29.688Z - Established a connection. Number of open connections: 6
[NX v21.4.1 Daemon Server] - 2025-09-13T19:31:29.691Z - Closed a connection. Number of open connections: 5
[NX v21.4.1 Daemon Server] - 2025-09-13T19:31:29.691Z - Established a connection. Number of open connections: 6
[NX v21.4.1 Daemon Server] - 2025-09-13T19:31:29.692Z - [REQUEST]: Client Request for Project Graph Received
[NX v21.4.1 Daemon Server] - 2025-09-13T19:31:29.692Z - Reusing in-memory cached project graph because no files changed.
[NX v21.4.1 Daemon Server] - 2025-09-13T19:31:29.692Z - [REQUEST]: Responding to the client. project-graph
[NX v21.4.1 Daemon Server] - 2025-09-13T19:31:29.697Z - Time taken for 'total for creating and serializing project graph' 0.19437500089406967ms
[NX v21.4.1 Daemon Server] - 2025-09-13T19:31:29.700Z - Done responding to the client project-graph
[NX v21.4.1 Daemon Server] - 2025-09-13T19:31:29.700Z - Handled REQUEST_PROJECT_GRAPH. Handling time: 0. Response time: 8.
[NX v21.4.1 Daemon Server] - 2025-09-13T19:31:29.827Z - [REQUEST]: Client Request for Project Graph Received
[NX v21.4.1 Daemon Server] - 2025-09-13T19:31:29.827Z - Reusing in-memory cached project graph because no files changed.
[NX v21.4.1 Daemon Server] - 2025-09-13T19:31:29.827Z - [REQUEST]: Responding to the client. project-graph
[NX v21.4.1 Daemon Server] - 2025-09-13T19:31:29.828Z - Time taken for 'total for creating and serializing project graph' 0.15599999949336052ms
[NX v21.4.1 Daemon Server] - 2025-09-13T19:31:29.829Z - Done responding to the client project-graph
[NX v21.4.1 Daemon Server] - 2025-09-13T19:31:29.829Z - Handled REQUEST_PROJECT_GRAPH. Handling time: 0. Response time: 2.
[NX v21.4.1 Daemon Server] - 2025-09-13T19:31:30.599Z - [WATCHER]: Processing file changes in outputs
[NX v21.4.1 Daemon Server] - 2025-09-13T19:31:31.427Z - [WATCHER]: Processing file changes in outputs
[NX v21.4.1 Daemon Server] - 2025-09-13T19:31:31.655Z - [REQUEST]: Client Request for Project Graph Received
[NX v21.4.1 Daemon Server] - 2025-09-13T19:31:31.656Z - Reusing in-memory cached project graph because no files changed.
[NX v21.4.1 Daemon Server] - 2025-09-13T19:31:31.656Z - [REQUEST]: Responding to the client. project-graph
[NX v21.4.1 Daemon Server] - 2025-09-13T19:31:31.657Z - Time taken for 'total for creating and serializing project graph' 0.43137500062584877ms
[NX v21.4.1 Daemon Server] - 2025-09-13T19:31:31.665Z - Done responding to the client project-graph
[NX v21.4.1 Daemon Server] - 2025-09-13T19:31:31.665Z - Handled REQUEST_PROJECT_GRAPH. Handling time: 1. Response time: 9.
[NX v21.4.1 Daemon Server] - 2025-09-13T19:31:31.673Z - [WATCHER]: Processing file changes in outputs
[NX v21.4.1 Daemon Server] - 2025-09-13T19:31:31.967Z - [WATCHER]: Processing file changes in outputs
[NX v21.4.1 Daemon Server] - 2025-09-13T19:31:32.110Z - [WATCHER]: Processing file changes in outputs
[NX v21.4.1 Daemon Server] - 2025-09-13T19:31:32.228Z - [WATCHER]: Processing file changes in outputs
[NX v21.4.1 Daemon Server] - 2025-09-13T19:31:32.330Z - [WATCHER]: Processing file changes in outputs
[NX v21.4.1 Daemon Server] - 2025-09-13T19:31:33.105Z - [WATCHER]: Processing file changes in outputs
[NX v21.4.1 Daemon Server] - 2025-09-13T19:31:53.585Z - [WATCHER]: Processing file changes in outputs
[NX v21.4.1 Daemon Server] - 2025-09-13T19:31:53.636Z - [WATCHER]: Processing file changes in outputs
[NX v21.4.1 Daemon Server] - 2025-09-13T19:31:58.930Z - [WATCHER]: Processing file changes in outputs
[NX v21.4.1 Daemon Server] - 2025-09-13T19:31:59.247Z - [WATCHER]: Processing file changes in outputs
[NX v21.4.1 Daemon Server] - 2025-09-13T19:32:00.910Z - [WATCHER]: Processing file changes in outputs
[NX v21.4.1 Daemon Server] - 2025-09-13T19:32:01.310Z - [WATCHER]: Processing file changes in outputs
[NX v21.4.1 Daemon Server] - 2025-09-13T19:32:01.531Z - [WATCHER]: Processing file changes in outputs
[NX v21.4.1 Daemon Server] - 2025-09-13T19:32:05.684Z - [WATCHER]: Processing file changes in outputs
[NX v21.4.1 Daemon Server] - 2025-09-13T19:32:05.878Z - [WATCHER]: Processing file changes in outputs
[NX v21.4.1 Daemon Server] - 2025-09-13T19:32:07.842Z - [WATCHER]: Processing file changes in outputs
[NX v21.4.1 Daemon Server] - 2025-09-13T19:32:07.981Z - [WATCHER]: Processing file changes in outputs
[NX v21.4.1 Daemon Server] - 2025-09-13T19:32:08.884Z - [WATCHER]: Processing file changes in outputs
[NX v21.4.1 Daemon Server] - 2025-09-13T19:32:09.372Z - [WATCHER]: Processing file changes in outputs
[NX v21.4.1 Daemon Server] - 2025-09-13T19:32:09.790Z - [WATCHER]: Processing file changes in outputs
[NX v21.4.1 Daemon Server] - 2025-09-13T19:32:10.949Z - [WATCHER]: Processing file changes in outputs
[NX v21.4.1 Daemon Server] - 2025-09-13T19:32:16.823Z - [WATCHER]: Processing file changes in outputs
[NX v21.4.1 Daemon Server] - 2025-09-13T19:32:17.153Z - [WATCHER]: Processing file changes in outputs
[NX v21.4.1 Daemon Server] - 2025-09-13T19:33:16.023Z - Closed a connection. Number of open connections: 5
[NX v21.4.1 Daemon Server] - 2025-09-13T19:33:16.037Z - [REQUEST]: Responding to the client. handleRecordTaskRuns
[NX v21.4.1 Daemon Server] - 2025-09-13T19:33:16.037Z - Done responding to the client handleRecordTaskRuns
[NX v21.4.1 Daemon Server] - 2025-09-13T19:33:16.037Z - Handled RECORD_TASK_RUNS. Handling time: 2. Response time: 0.
[NX v21.4.1 Daemon Server] - 2025-09-13T19:33:16.040Z - [REQUEST]: Responding to the client. handleGetFlakyTasks
[NX v21.4.1 Daemon Server] - 2025-09-13T19:33:16.040Z - Done responding to the client handleGetFlakyTasks
[NX v21.4.1 Daemon Server] - 2025-09-13T19:33:16.040Z - Handled GET_FLAKY_TASKS. Handling time: 1. Response time: 0.
[NX v21.4.1 Daemon Server] - 2025-09-13T19:33:16.110Z - Closed a connection. Number of open connections: 4
[NX v21.4.1 Daemon Server] - 2025-09-13T19:33:16.174Z - [WATCHER]: Processing file changes in outputs
[NX v21.4.1 Daemon Server] - 2025-09-13T19:33:16.690Z - [REQUEST]: Responding to the client. handleRunPostTasksExecution
[NX v21.4.1 Daemon Server] - 2025-09-13T19:33:16.690Z - Done responding to the client handleRunPostTasksExecution
[NX v21.4.1 Daemon Server] - 2025-09-13T19:33:16.690Z - Handled POST_TASKS_EXECUTION. Handling time: 2. Response time: 0.
[NX v21.4.1 Daemon Server] - 2025-09-13T19:33:16.690Z - Time taken for 'postTasksExecution' 0.8191250003874302ms
[NX v21.4.1 Daemon Server] - 2025-09-13T19:33:16.695Z - Closed a connection. Number of open connections: 3
[NX v21.4.1 Daemon Server] - 2025-09-13T19:33:44.748Z - Established a connection. Number of open connections: 4
[NX v21.4.1 Daemon Server] - 2025-09-13T19:33:44.748Z - Established a connection. Number of open connections: 5
[NX v21.4.1 Daemon Server] - 2025-09-13T19:33:44.749Z - Closed a connection. Number of open connections: 4
[NX v21.4.1 Daemon Server] - 2025-09-13T19:33:44.751Z - [REQUEST]: Client Request for Project Graph Received
[NX v21.4.1 Daemon Server] - 2025-09-13T19:33:44.752Z - Reusing in-memory cached project graph because no files changed.
[NX v21.4.1 Daemon Server] - 2025-09-13T19:33:44.752Z - [REQUEST]: Responding to the client. project-graph
[NX v21.4.1 Daemon Server] - 2025-09-13T19:33:44.757Z - Time taken for 'total for creating and serializing project graph' 0.9732499998062849ms
[NX v21.4.1 Daemon Server] - 2025-09-13T19:33:44.759Z - Done responding to the client project-graph
[NX v21.4.1 Daemon Server] - 2025-09-13T19:33:44.759Z - Handled REQUEST_PROJECT_GRAPH. Handling time: 1. Response time: 7.
[NX v21.4.1 Daemon Server] - 2025-09-13T19:33:44.764Z - [REQUEST]: Responding to the client. handleRunPreTasksExecution
[NX v21.4.1 Daemon Server] - 2025-09-13T19:33:44.764Z - Done responding to the client handleRunPreTasksExecution
[NX v21.4.1 Daemon Server] - 2025-09-13T19:33:44.764Z - Handled PRE_TASKS_EXECUTION. Handling time: 0. Response time: 0.
[NX v21.4.1 Daemon Server] - 2025-09-13T19:33:44.765Z - Time taken for 'preTasksExecution' 0.11029200069606304ms
[NX v21.4.1 Daemon Server] - 2025-09-13T19:33:44.852Z - Reusing in-memory cached project graph because no files changed.
DEBUG nx::native::tasks::task_hasher: plan length: 2
[NX v21.4.1 Daemon Server] - 2025-09-13T19:33:44.874Z - [REQUEST]: Responding to the client. handleHashTasks
[NX v21.4.1 Daemon Server] - 2025-09-13T19:33:44.875Z - Done responding to the client handleHashTasks
[NX v21.4.1 Daemon Server] - 2025-09-13T19:33:44.875Z - Handled HASH_TASKS. Handling time: 23. Response time: 1.
[NX v21.4.1 Daemon Server] - 2025-09-13T19:33:44.931Z - [REQUEST]: Responding to the client. handleGetEstimatedTaskTimings
[NX v21.4.1 Daemon Server] - 2025-09-13T19:33:44.931Z - Done responding to the client handleGetEstimatedTaskTimings
[NX v21.4.1 Daemon Server] - 2025-09-13T19:33:44.931Z - Handled GET_ESTIMATED_TASK_TIMINGS. Handling time: 1. Response time: 0.
[NX v21.4.1 Daemon Server] - 2025-09-13T19:33:46.418Z - Established a connection. Number of open connections: 5
[NX v21.4.1 Daemon Server] - 2025-09-13T19:33:46.419Z - Closed a connection. Number of open connections: 4
[NX v21.4.1 Daemon Server] - 2025-09-13T19:33:46.420Z - Established a connection. Number of open connections: 5
[NX v21.4.1 Daemon Server] - 2025-09-13T19:33:46.421Z - [REQUEST]: Client Request for Project Graph Received
[NX v21.4.1 Daemon Server] - 2025-09-13T19:33:46.421Z - Reusing in-memory cached project graph because no files changed.
[NX v21.4.1 Daemon Server] - 2025-09-13T19:33:46.421Z - [REQUEST]: Responding to the client. project-graph
[NX v21.4.1 Daemon Server] - 2025-09-13T19:33:46.424Z - Time taken for 'total for creating and serializing project graph' 0.4434999991208315ms
[NX v21.4.1 Daemon Server] - 2025-09-13T19:33:46.432Z - Done responding to the client project-graph
[NX v21.4.1 Daemon Server] - 2025-09-13T19:33:46.432Z - Handled REQUEST_PROJECT_GRAPH. Handling time: 0. Response time: 11.
[NX v21.4.1 Daemon Server] - 2025-09-13T19:33:46.600Z - [REQUEST]: Client Request for Project Graph Received
[NX v21.4.1 Daemon Server] - 2025-09-13T19:33:46.600Z - Reusing in-memory cached project graph because no files changed.
[NX v21.4.1 Daemon Server] - 2025-09-13T19:33:46.601Z - [REQUEST]: Responding to the client. project-graph
[NX v21.4.1 Daemon Server] - 2025-09-13T19:33:46.602Z - Time taken for 'total for creating and serializing project graph' 0.415582999587059ms
[NX v21.4.1 Daemon Server] - 2025-09-13T19:33:46.604Z - Done responding to the client project-graph
[NX v21.4.1 Daemon Server] - 2025-09-13T19:33:46.604Z - Handled REQUEST_PROJECT_GRAPH. Handling time: 1. Response time: 3.
[NX v21.4.1 Daemon Server] - 2025-09-13T19:33:46.687Z - [WATCHER]: Processing file changes in outputs
[NX v21.4.1 Daemon Server] - 2025-09-13T19:33:47.167Z - [WATCHER]: Processing file changes in outputs
[NX v21.4.1 Daemon Server] - 2025-09-13T19:33:50.680Z - [WATCHER]: Processing file changes in outputs
[NX v21.4.1 Daemon Server] - 2025-09-13T19:33:51.591Z - [WATCHER]: Processing file changes in outputs
[NX v21.4.1 Daemon Server] - 2025-09-13T19:33:53.147Z - [WATCHER]: Processing file changes in outputs
[NX v21.4.1 Daemon Server] - 2025-09-13T19:33:53.229Z - [WATCHER]: Processing file changes in outputs
[NX v21.4.1 Daemon Server] - 2025-09-13T19:33:53.551Z - [WATCHER]: Processing file changes in outputs
[NX v21.4.1 Daemon Server] - 2025-09-13T19:33:57.476Z - [WATCHER]: Processing file changes in outputs
[NX v21.4.1 Daemon Server] - 2025-09-13T19:33:58.801Z - [WATCHER]: Processing file changes in outputs
[NX v21.4.1 Daemon Server] - 2025-09-13T19:33:58.858Z - [WATCHER]: Processing file changes in outputs
[NX v21.4.1 Daemon Server] - 2025-09-13T19:34:03.416Z - [WATCHER]: Processing file changes in outputs
[NX v21.4.1 Daemon Server] - 2025-09-13T19:34:03.531Z - Closed a connection. Number of open connections: 4
[NX v21.4.1 Daemon Server] - 2025-09-13T19:34:03.550Z - [REQUEST]: Responding to the client. recordOutputsHash
[NX v21.4.1 Daemon Server] - 2025-09-13T19:34:03.550Z - Done responding to the client recordOutputsHash
[NX v21.4.1 Daemon Server] - 2025-09-13T19:34:03.550Z - Handled RECORD_OUTPUTS_HASH. Handling time: 3. Response time: 0.
[NX v21.4.1 Daemon Server] - 2025-09-13T19:34:03.553Z - [REQUEST]: Responding to the client. handleRecordTaskRuns
[NX v21.4.1 Daemon Server] - 2025-09-13T19:34:03.553Z - Done responding to the client handleRecordTaskRuns
[NX v21.4.1 Daemon Server] - 2025-09-13T19:34:03.553Z - Handled RECORD_TASK_RUNS. Handling time: 0. Response time: 0.
[NX v21.4.1 Daemon Server] - 2025-09-13T19:34:03.554Z - [REQUEST]: Responding to the client. handleGetFlakyTasks
[NX v21.4.1 Daemon Server] - 2025-09-13T19:34:03.554Z - Done responding to the client handleGetFlakyTasks
[NX v21.4.1 Daemon Server] - 2025-09-13T19:34:03.554Z - Handled GET_FLAKY_TASKS. Handling time: 0. Response time: 0.
[NX v21.4.1 Daemon Server] - 2025-09-13T19:34:03.593Z - [WATCHER]: Processing file changes in outputs
[NX v21.4.1 Daemon Server] - 2025-09-13T19:34:06.832Z - [REQUEST]: Responding to the client. handleRunPostTasksExecution
[NX v21.4.1 Daemon Server] - 2025-09-13T19:34:06.832Z - Done responding to the client handleRunPostTasksExecution
[NX v21.4.1 Daemon Server] - 2025-09-13T19:34:06.832Z - Handled POST_TASKS_EXECUTION. Handling time: 0. Response time: 0.
[NX v21.4.1 Daemon Server] - 2025-09-13T19:34:06.832Z - Time taken for 'postTasksExecution' 0.13879100047051907ms
[NX v21.4.1 Daemon Server] - 2025-09-13T19:34:06.838Z - Closed a connection. Number of open connections: 3
[NX v21.4.1 Daemon Server] - 2025-09-13T19:34:37.612Z - Established a connection. Number of open connections: 4
[NX v21.4.1 Daemon Server] - 2025-09-13T19:34:37.612Z - Closed a connection. Number of open connections: 3
[NX v21.4.1 Daemon Server] - 2025-09-13T19:34:37.612Z - Established a connection. Number of open connections: 4
[NX v21.4.1 Daemon Server] - 2025-09-13T19:34:37.614Z - [REQUEST]: Client Request for Project Graph Received
[NX v21.4.1 Daemon Server] - 2025-09-13T19:34:37.615Z - Reusing in-memory cached project graph because no files changed.
[NX v21.4.1 Daemon Server] - 2025-09-13T19:34:37.615Z - [REQUEST]: Responding to the client. project-graph
[NX v21.4.1 Daemon Server] - 2025-09-13T19:34:37.616Z - Time taken for 'total for creating and serializing project graph' 0.2475840002298355ms
[NX v21.4.1 Daemon Server] - 2025-09-13T19:34:37.618Z - Done responding to the client project-graph
[NX v21.4.1 Daemon Server] - 2025-09-13T19:34:37.618Z - Handled REQUEST_PROJECT_GRAPH. Handling time: 1. Response time: 3.
[NX v21.4.1 Daemon Server] - 2025-09-13T19:34:37.623Z - [REQUEST]: Responding to the client. handleRunPreTasksExecution
[NX v21.4.1 Daemon Server] - 2025-09-13T19:34:37.623Z - Done responding to the client handleRunPreTasksExecution
[NX v21.4.1 Daemon Server] - 2025-09-13T19:34:37.623Z - Handled PRE_TASKS_EXECUTION. Handling time: 0. Response time: 0.
[NX v21.4.1 Daemon Server] - 2025-09-13T19:34:37.624Z - Time taken for 'preTasksExecution' 0.07054200023412704ms
[NX v21.4.1 Daemon Server] - 2025-09-13T19:34:37.689Z - Reusing in-memory cached project graph because no files changed.
DEBUG nx::native::tasks::task_hasher: plan length: 2
[NX v21.4.1 Daemon Server] - 2025-09-13T19:34:37.707Z - [REQUEST]: Responding to the client. handleHashTasks
[NX v21.4.1 Daemon Server] - 2025-09-13T19:34:37.708Z - Done responding to the client handleHashTasks
[NX v21.4.1 Daemon Server] - 2025-09-13T19:34:37.708Z - Handled HASH_TASKS. Handling time: 19. Response time: 1.
[NX v21.4.1 Daemon Server] - 2025-09-13T19:34:37.752Z - [REQUEST]: Responding to the client. handleGetEstimatedTaskTimings
[NX v21.4.1 Daemon Server] - 2025-09-13T19:34:37.752Z - Done responding to the client handleGetEstimatedTaskTimings
[NX v21.4.1 Daemon Server] - 2025-09-13T19:34:37.752Z - Handled GET_ESTIMATED_TASK_TIMINGS. Handling time: 0. Response time: 0.
[NX v21.4.1 Daemon Server] - 2025-09-13T19:34:39.149Z - Established a connection. Number of open connections: 5
[NX v21.4.1 Daemon Server] - 2025-09-13T19:34:39.150Z - Closed a connection. Number of open connections: 4
[NX v21.4.1 Daemon Server] - 2025-09-13T19:34:39.150Z - Established a connection. Number of open connections: 5
[NX v21.4.1 Daemon Server] - 2025-09-13T19:34:39.151Z - [REQUEST]: Client Request for Project Graph Received
[NX v21.4.1 Daemon Server] - 2025-09-13T19:34:39.151Z - Reusing in-memory cached project graph because no files changed.
[NX v21.4.1 Daemon Server] - 2025-09-13T19:34:39.151Z - [REQUEST]: Responding to the client. project-graph
[NX v21.4.1 Daemon Server] - 2025-09-13T19:34:39.152Z - Time taken for 'total for creating and serializing project graph' 0.12000000104308128ms
[NX v21.4.1 Daemon Server] - 2025-09-13T19:34:39.154Z - Done responding to the client project-graph
[NX v21.4.1 Daemon Server] - 2025-09-13T19:34:39.154Z - Handled REQUEST_PROJECT_GRAPH. Handling time: 0. Response time: 3.
[NX v21.4.1 Daemon Server] - 2025-09-13T19:34:39.322Z - [REQUEST]: Client Request for Project Graph Received
[NX v21.4.1 Daemon Server] - 2025-09-13T19:34:39.322Z - Reusing in-memory cached project graph because no files changed.
[NX v21.4.1 Daemon Server] - 2025-09-13T19:34:39.322Z - [REQUEST]: Responding to the client. project-graph
[NX v21.4.1 Daemon Server] - 2025-09-13T19:34:39.323Z - Time taken for 'total for creating and serializing project graph' 0.15845800004899502ms
[NX v21.4.1 Daemon Server] - 2025-09-13T19:34:39.325Z - Done responding to the client project-graph
[NX v21.4.1 Daemon Server] - 2025-09-13T19:34:39.325Z - Handled REQUEST_PROJECT_GRAPH. Handling time: 0. Response time: 3.
[NX v21.4.1 Daemon Server] - 2025-09-13T19:34:39.412Z - [WATCHER]: Processing file changes in outputs
[NX v21.4.1 Daemon Server] - 2025-09-13T19:34:40.930Z - [WATCHER]: Processing file changes in outputs
[NX v21.4.1 Daemon Server] - 2025-09-13T19:34:40.982Z - [WATCHER]: Processing file changes in outputs
[NX v21.4.1 Daemon Server] - 2025-09-13T19:34:42.089Z - [WATCHER]: Processing file changes in outputs
[NX v21.4.1 Daemon Server] - 2025-09-13T19:34:42.382Z - [WATCHER]: Processing file changes in outputs
[NX v21.4.1 Daemon Server] - 2025-09-13T19:34:42.444Z - [WATCHER]: Processing file changes in outputs
[NX v21.4.1 Daemon Server] - 2025-09-13T19:34:44.207Z - Closed a connection. Number of open connections: 4
[NX v21.4.1 Daemon Server] - 2025-09-13T19:34:44.222Z - [REQUEST]: Responding to the client. recordOutputsHash
[NX v21.4.1 Daemon Server] - 2025-09-13T19:34:44.223Z - Done responding to the client recordOutputsHash
[NX v21.4.1 Daemon Server] - 2025-09-13T19:34:44.223Z - Handled RECORD_OUTPUTS_HASH. Handling time: 1. Response time: 1.
[NX v21.4.1 Daemon Server] - 2025-09-13T19:34:44.227Z - [REQUEST]: Responding to the client. handleRecordTaskRuns
[NX v21.4.1 Daemon Server] - 2025-09-13T19:34:44.227Z - Done responding to the client handleRecordTaskRuns
[NX v21.4.1 Daemon Server] - 2025-09-13T19:34:44.227Z - Handled RECORD_TASK_RUNS. Handling time: 1. Response time: 0.
[NX v21.4.1 Daemon Server] - 2025-09-13T19:34:44.228Z - [REQUEST]: Responding to the client. handleGetFlakyTasks
[NX v21.4.1 Daemon Server] - 2025-09-13T19:34:44.228Z - Done responding to the client handleGetFlakyTasks
[NX v21.4.1 Daemon Server] - 2025-09-13T19:34:44.228Z - Handled GET_FLAKY_TASKS. Handling time: 0. Response time: 0.
[NX v21.4.1 Daemon Server] - 2025-09-13T19:34:44.270Z - [WATCHER]: Processing file changes in outputs
[NX v21.4.1 Daemon Server] - 2025-09-13T19:34:47.496Z - [REQUEST]: Responding to the client. handleRunPostTasksExecution
[NX v21.4.1 Daemon Server] - 2025-09-13T19:34:47.496Z - Done responding to the client handleRunPostTasksExecution
[NX v21.4.1 Daemon Server] - 2025-09-13T19:34:47.496Z - Handled POST_TASKS_EXECUTION. Handling time: 1. Response time: 0.
[NX v21.4.1 Daemon Server] - 2025-09-13T19:34:47.496Z - Time taken for 'postTasksExecution' 0.22958300076425076ms
[NX v21.4.1 Daemon Server] - 2025-09-13T19:34:47.501Z - Closed a connection. Number of open connections: 3
[NX v21.4.1 Daemon Server] - 2025-09-13T19:34:54.307Z - [WATCHER]: apps/student/app/course/details/[course]/page.tsx was modified
[NX v21.4.1 Daemon Server] - 2025-09-13T19:34:54.307Z - [WATCHER]: Processing file changes in outputs
[NX v21.4.1 Daemon Server] - 2025-09-13T19:34:54.409Z - [REQUEST]: Updated workspace context based on watched changes, recomputing project graph...
[NX v21.4.1 Daemon Server] - 2025-09-13T19:34:54.410Z - [REQUEST]: apps/student/app/course/details/[course]/page.tsx
[NX v21.4.1 Daemon Server] - 2025-09-13T19:34:54.410Z - [REQUEST]: 
[NX v21.4.1 Daemon Server] - 2025-09-13T19:34:54.416Z - Time taken for 'hash changed files from watcher' 1.1941250003874302ms
Time for 'nx/core/package-json:createNodes' [33m8.097541999071836[39m
Time for 'nx/core/project-json:createNodes' [33m7.718040999025106[39m
Time for 'nx/js/dependencies-and-lockfile:createNodes' [33m77.06479199975729[39m
[NX v21.4.1 Daemon Server] - 2025-09-13T19:34:54.567Z - Time taken for 'build-project-configs' 138.5421660002321ms
Time for 'build typescript dependencies' [33m32.85541700012982[39m
[NX v21.4.1 Daemon Server] - 2025-09-13T19:34:54.688Z - Wrote project graph cache to /Users/3bird/Documents/personal/studycourse/education-site-frontend/.nx/workspace-data/project-graph.json
[NX v21.4.1 Daemon Server] - 2025-09-13T19:34:54.688Z - [SYNC]: collect registered sync generators
[NX v21.4.1 Daemon Server] - 2025-09-13T19:34:54.688Z - [SYNC]: project graph hash is the same, not collecting task sync generators
[NX v21.4.1 Daemon Server] - 2025-09-13T19:34:54.688Z - [SYNC]: nx.json hash is the same, not collecting global sync generators
[NX v21.4.1 Daemon Server] - 2025-09-13T19:34:54.688Z - Time taken for 'total execution time for createProjectGraph()' 122.48129100166261ms
[NX v21.4.1 Daemon Server] - 2025-09-13T19:34:54.904Z - [WATCHER]: Processing file changes in outputs
[NX v21.4.1 Daemon Server] - 2025-09-13T19:35:00.738Z - [WATCHER]: apps/student/app/course/details/[course]/page.tsx was modified
[NX v21.4.1 Daemon Server] - 2025-09-13T19:35:00.739Z - [WATCHER]: Processing file changes in outputs
[NX v21.4.1 Daemon Server] - 2025-09-13T19:35:00.915Z - [WATCHER]: Processing file changes in outputs
[NX v21.4.1 Daemon Server] - 2025-09-13T19:35:00.942Z - [REQUEST]: Updated workspace context based on watched changes, recomputing project graph...
[NX v21.4.1 Daemon Server] - 2025-09-13T19:35:00.942Z - [REQUEST]: apps/student/app/course/details/[course]/page.tsx
[NX v21.4.1 Daemon Server] - 2025-09-13T19:35:00.942Z - [REQUEST]: 
[NX v21.4.1 Daemon Server] - 2025-09-13T19:35:00.985Z - Time taken for 'hash changed files from watcher' 1.575416998937726ms
Time for 'nx/core/package-json:createNodes' [33m2.270540999248624[39m
Time for 'nx/core/project-json:createNodes' [33m1.9556249994784594[39m
Time for 'nx/js/dependencies-and-lockfile:createNodes' [33m31.607332998886704[39m
[NX v21.4.1 Daemon Server] - 2025-09-13T19:35:01.039Z - Time taken for 'build-project-configs' 86.29562499932945ms
Time for 'build typescript dependencies' [33m0.017041999846696854[39m
[NX v21.4.1 Daemon Server] - 2025-09-13T19:35:01.076Z - Wrote project graph cache to /Users/3bird/Documents/personal/studycourse/education-site-frontend/.nx/workspace-data/project-graph.json
[NX v21.4.1 Daemon Server] - 2025-09-13T19:35:01.077Z - [SYNC]: collect registered sync generators
[NX v21.4.1 Daemon Server] - 2025-09-13T19:35:01.077Z - [SYNC]: project graph hash is the same, not collecting task sync generators
[NX v21.4.1 Daemon Server] - 2025-09-13T19:35:01.077Z - [SYNC]: nx.json hash is the same, not collecting global sync generators
[NX v21.4.1 Daemon Server] - 2025-09-13T19:35:01.077Z - Time taken for 'total execution time for createProjectGraph()' 33.1332499999553ms
[NX v21.4.1 Daemon Server] - 2025-09-13T19:35:06.607Z - Established a connection. Number of open connections: 4
[NX v21.4.1 Daemon Server] - 2025-09-13T19:35:06.607Z - Closed a connection. Number of open connections: 3
[NX v21.4.1 Daemon Server] - 2025-09-13T19:35:06.608Z - Established a connection. Number of open connections: 4
[NX v21.4.1 Daemon Server] - 2025-09-13T19:35:06.610Z - [REQUEST]: Client Request for Project Graph Received
[NX v21.4.1 Daemon Server] - 2025-09-13T19:35:06.611Z - Reusing in-memory cached project graph because no files changed.
[NX v21.4.1 Daemon Server] - 2025-09-13T19:35:06.611Z - [REQUEST]: Responding to the client. project-graph
[NX v21.4.1 Daemon Server] - 2025-09-13T19:35:06.613Z - Time taken for 'total for creating and serializing project graph' 0.5888749994337559ms
[NX v21.4.1 Daemon Server] - 2025-09-13T19:35:06.615Z - Done responding to the client project-graph
[NX v21.4.1 Daemon Server] - 2025-09-13T19:35:06.615Z - Handled REQUEST_PROJECT_GRAPH. Handling time: 1. Response time: 4.
[NX v21.4.1 Daemon Server] - 2025-09-13T19:35:06.621Z - [REQUEST]: Responding to the client. handleRunPreTasksExecution
[NX v21.4.1 Daemon Server] - 2025-09-13T19:35:06.621Z - Done responding to the client handleRunPreTasksExecution
[NX v21.4.1 Daemon Server] - 2025-09-13T19:35:06.621Z - Handled PRE_TASKS_EXECUTION. Handling time: 1. Response time: 0.
[NX v21.4.1 Daemon Server] - 2025-09-13T19:35:06.621Z - Time taken for 'preTasksExecution' 0.06912500038743019ms
[NX v21.4.1 Daemon Server] - 2025-09-13T19:35:06.682Z - Reusing in-memory cached project graph because no files changed.
DEBUG nx::native::tasks::task_hasher: plan length: 2
DEBUG nx::native::tasks::hashers::hash_workspace_files: Hashing workspace fileset{cache_key="nx.json,.gitignore,.nxignore"}: Adding "2913894268036001599" (".gitignore") to hash
DEBUG nx::native::tasks::hashers::hash_workspace_files: Hashing workspace fileset{cache_key="nx.json,.gitignore,.nxignore"}: Adding "3619439782444644385" ("nx.json") to hash
DEBUG nx::native::tasks::hashers::hash_workspace_files: Hashing workspace fileset{cache_key="nx.json,.gitignore,.nxignore"}: Hash Value: "12630403656253729768"
[NX v21.4.1 Daemon Server] - 2025-09-13T19:35:06.705Z - [REQUEST]: Responding to the client. handleHashTasks
[NX v21.4.1 Daemon Server] - 2025-09-13T19:35:06.706Z - Done responding to the client handleHashTasks
[NX v21.4.1 Daemon Server] - 2025-09-13T19:35:06.706Z - Handled HASH_TASKS. Handling time: 23. Response time: 1.
[NX v21.4.1 Daemon Server] - 2025-09-13T19:35:06.749Z - [REQUEST]: Responding to the client. handleGetEstimatedTaskTimings
[NX v21.4.1 Daemon Server] - 2025-09-13T19:35:06.749Z - Done responding to the client handleGetEstimatedTaskTimings
[NX v21.4.1 Daemon Server] - 2025-09-13T19:35:06.749Z - Handled GET_ESTIMATED_TASK_TIMINGS. Handling time: 0. Response time: 0.
[NX v21.4.1 Daemon Server] - 2025-09-13T19:35:08.116Z - Established a connection. Number of open connections: 5
[NX v21.4.1 Daemon Server] - 2025-09-13T19:35:08.117Z - Closed a connection. Number of open connections: 4
[NX v21.4.1 Daemon Server] - 2025-09-13T19:35:08.117Z - Established a connection. Number of open connections: 5
[NX v21.4.1 Daemon Server] - 2025-09-13T19:35:08.118Z - [REQUEST]: Client Request for Project Graph Received
[NX v21.4.1 Daemon Server] - 2025-09-13T19:35:08.118Z - Reusing in-memory cached project graph because no files changed.
[NX v21.4.1 Daemon Server] - 2025-09-13T19:35:08.118Z - [REQUEST]: Responding to the client. project-graph
[NX v21.4.1 Daemon Server] - 2025-09-13T19:35:08.119Z - Time taken for 'total for creating and serializing project graph' 0.10995800048112869ms
[NX v21.4.1 Daemon Server] - 2025-09-13T19:35:08.121Z - Done responding to the client project-graph
[NX v21.4.1 Daemon Server] - 2025-09-13T19:35:08.121Z - Handled REQUEST_PROJECT_GRAPH. Handling time: 0. Response time: 3.
[NX v21.4.1 Daemon Server] - 2025-09-13T19:35:08.283Z - [REQUEST]: Client Request for Project Graph Received
[NX v21.4.1 Daemon Server] - 2025-09-13T19:35:08.283Z - Reusing in-memory cached project graph because no files changed.
[NX v21.4.1 Daemon Server] - 2025-09-13T19:35:08.283Z - [REQUEST]: Responding to the client. project-graph
[NX v21.4.1 Daemon Server] - 2025-09-13T19:35:08.284Z - Time taken for 'total for creating and serializing project graph' 0.14362500049173832ms
[NX v21.4.1 Daemon Server] - 2025-09-13T19:35:08.285Z - Done responding to the client project-graph
[NX v21.4.1 Daemon Server] - 2025-09-13T19:35:08.285Z - Handled REQUEST_PROJECT_GRAPH. Handling time: 0. Response time: 2.
[NX v21.4.1 Daemon Server] - 2025-09-13T19:35:08.362Z - [WATCHER]: Processing file changes in outputs
[NX v21.4.1 Daemon Server] - 2025-09-13T19:35:10.172Z - [WATCHER]: Processing file changes in outputs
[NX v21.4.1 Daemon Server] - 2025-09-13T19:35:10.258Z - [WATCHER]: Processing file changes in outputs
[NX v21.4.1 Daemon Server] - 2025-09-13T19:35:10.928Z - [WATCHER]: Processing file changes in outputs
[NX v21.4.1 Daemon Server] - 2025-09-13T19:35:10.986Z - [WATCHER]: Processing file changes in outputs
[NX v21.4.1 Daemon Server] - 2025-09-13T19:35:11.054Z - [WATCHER]: Processing file changes in outputs
[NX v21.4.1 Daemon Server] - 2025-09-13T19:35:12.467Z - [WATCHER]: Processing file changes in outputs
[NX v21.4.1 Daemon Server] - 2025-09-13T19:35:12.794Z - [WATCHER]: Processing file changes in outputs
[NX v21.4.1 Daemon Server] - 2025-09-13T19:35:12.849Z - [WATCHER]: Processing file changes in outputs
[NX v21.4.1 Daemon Server] - 2025-09-13T19:35:14.635Z - [WATCHER]: Processing file changes in outputs
[NX v21.4.1 Daemon Server] - 2025-09-13T19:35:14.675Z - Closed a connection. Number of open connections: 4
[NX v21.4.1 Daemon Server] - 2025-09-13T19:35:14.690Z - [REQUEST]: Responding to the client. recordOutputsHash
[NX v21.4.1 Daemon Server] - 2025-09-13T19:35:14.690Z - Done responding to the client recordOutputsHash
[NX v21.4.1 Daemon Server] - 2025-09-13T19:35:14.690Z - Handled RECORD_OUTPUTS_HASH. Handling time: 2. Response time: 0.
[NX v21.4.1 Daemon Server] - 2025-09-13T19:35:14.696Z - [REQUEST]: Responding to the client. handleRecordTaskRuns
[NX v21.4.1 Daemon Server] - 2025-09-13T19:35:14.696Z - Done responding to the client handleRecordTaskRuns
[NX v21.4.1 Daemon Server] - 2025-09-13T19:35:14.696Z - Handled RECORD_TASK_RUNS. Handling time: 0. Response time: 0.
[NX v21.4.1 Daemon Server] - 2025-09-13T19:35:14.697Z - [REQUEST]: Responding to the client. handleGetFlakyTasks
[NX v21.4.1 Daemon Server] - 2025-09-13T19:35:14.698Z - Done responding to the client handleGetFlakyTasks
[NX v21.4.1 Daemon Server] - 2025-09-13T19:35:14.699Z - Handled GET_FLAKY_TASKS. Handling time: 0. Response time: 2.
[NX v21.4.1 Daemon Server] - 2025-09-13T19:35:14.737Z - [WATCHER]: Processing file changes in outputs
[NX v21.4.1 Daemon Server] - 2025-09-13T19:35:17.961Z - [REQUEST]: Responding to the client. handleRunPostTasksExecution
[NX v21.4.1 Daemon Server] - 2025-09-13T19:35:17.961Z - Done responding to the client handleRunPostTasksExecution
[NX v21.4.1 Daemon Server] - 2025-09-13T19:35:17.961Z - Handled POST_TASKS_EXECUTION. Handling time: 0. Response time: 0.
[NX v21.4.1 Daemon Server] - 2025-09-13T19:35:17.961Z - Time taken for 'postTasksExecution' 0.1387920007109642ms
[NX v21.4.1 Daemon Server] - 2025-09-13T19:35:17.967Z - Closed a connection. Number of open connections: 3
[NX v21.4.1 Daemon Server] - 2025-09-13T19:35:23.943Z - [WATCHER]: apps/student/app/features/Auth/Register/index.tsx was modified
[NX v21.4.1 Daemon Server] - 2025-09-13T19:35:23.944Z - [WATCHER]: Processing file changes in outputs
[NX v21.4.1 Daemon Server] - 2025-09-13T19:35:24.044Z - [REQUEST]: Updated workspace context based on watched changes, recomputing project graph...
[NX v21.4.1 Daemon Server] - 2025-09-13T19:35:24.045Z - [REQUEST]: apps/student/app/features/Auth/Register/index.tsx
[NX v21.4.1 Daemon Server] - 2025-09-13T19:35:24.045Z - [REQUEST]: 
[NX v21.4.1 Daemon Server] - 2025-09-13T19:35:24.046Z - Time taken for 'hash changed files from watcher' 0.31504200026392937ms
Time for 'nx/core/package-json:createNodes' [33m2.08475000038743[39m
Time for 'nx/core/project-json:createNodes' [33m1.8297920003533363[39m
Time for 'nx/js/dependencies-and-lockfile:createNodes' [33m9.135500000789762[39m
[NX v21.4.1 Daemon Server] - 2025-09-13T19:35:24.069Z - Time taken for 'build-project-configs' 19.121582999825478ms
Time for 'build typescript dependencies' [33m6.833125000819564[39m
[NX v21.4.1 Daemon Server] - 2025-09-13T19:35:24.124Z - Wrote project graph cache to /Users/3bird/Documents/personal/studycourse/education-site-frontend/.nx/workspace-data/project-graph.json
[NX v21.4.1 Daemon Server] - 2025-09-13T19:35:24.124Z - [SYNC]: collect registered sync generators
[NX v21.4.1 Daemon Server] - 2025-09-13T19:35:24.124Z - [SYNC]: project graph hash is the same, not collecting task sync generators
[NX v21.4.1 Daemon Server] - 2025-09-13T19:35:24.124Z - [SYNC]: nx.json hash is the same, not collecting global sync generators
[NX v21.4.1 Daemon Server] - 2025-09-13T19:35:24.125Z - Time taken for 'total execution time for createProjectGraph()' 48.6882919985801ms
[NX v21.4.1 Daemon Server] - 2025-09-13T19:35:24.133Z - [WATCHER]: Processing file changes in outputs
[NX v21.4.1 Daemon Server] - 2025-09-13T19:35:29.276Z - [WATCHER]: Processing file changes in outputs
[NX v21.4.1 Daemon Server] - 2025-09-13T19:35:29.278Z - [WATCHER]: apps/student/app/features/Auth/Register/index.tsx was modified
[NX v21.4.1 Daemon Server] - 2025-09-13T19:35:29.389Z - [WATCHER]: Processing file changes in outputs
[NX v21.4.1 Daemon Server] - 2025-09-13T19:35:29.479Z - [REQUEST]: Updated workspace context based on watched changes, recomputing project graph...
[NX v21.4.1 Daemon Server] - 2025-09-13T19:35:29.479Z - [REQUEST]: apps/student/app/features/Auth/Register/index.tsx
[NX v21.4.1 Daemon Server] - 2025-09-13T19:35:29.479Z - [REQUEST]: 
[NX v21.4.1 Daemon Server] - 2025-09-13T19:35:29.480Z - Time taken for 'hash changed files from watcher' 0.3149580005556345ms
Time for 'nx/core/package-json:createNodes' [33m0.1859579998999834[39m
Time for 'nx/core/project-json:createNodes' [33m2.838917000219226[39m
Time for 'nx/js/dependencies-and-lockfile:createNodes' [33m6.317332999780774[39m
[NX v21.4.1 Daemon Server] - 2025-09-13T19:35:29.506Z - Time taken for 'build-project-configs' 19.730750000104308ms
Time for 'build typescript dependencies' [33m0.01608400046825409[39m
[NX v21.4.1 Daemon Server] - 2025-09-13T19:35:29.548Z - Wrote project graph cache to /Users/3bird/Documents/personal/studycourse/education-site-frontend/.nx/workspace-data/project-graph.json
[NX v21.4.1 Daemon Server] - 2025-09-13T19:35:29.548Z - [SYNC]: collect registered sync generators
[NX v21.4.1 Daemon Server] - 2025-09-13T19:35:29.548Z - [SYNC]: project graph hash is the same, not collecting task sync generators
[NX v21.4.1 Daemon Server] - 2025-09-13T19:35:29.548Z - [SYNC]: nx.json hash is the same, not collecting global sync generators
[NX v21.4.1 Daemon Server] - 2025-09-13T19:35:29.549Z - Time taken for 'total execution time for createProjectGraph()' 38.70466599985957ms
[NX v21.4.1 Daemon Server] - 2025-09-13T19:35:31.969Z - Established a connection. Number of open connections: 4
[NX v21.4.1 Daemon Server] - 2025-09-13T19:35:31.970Z - Closed a connection. Number of open connections: 3
[NX v21.4.1 Daemon Server] - 2025-09-13T19:35:31.970Z - Established a connection. Number of open connections: 4
[NX v21.4.1 Daemon Server] - 2025-09-13T19:35:31.971Z - [REQUEST]: Client Request for Project Graph Received
[NX v21.4.1 Daemon Server] - 2025-09-13T19:35:31.971Z - Reusing in-memory cached project graph because no files changed.
[NX v21.4.1 Daemon Server] - 2025-09-13T19:35:31.971Z - [REQUEST]: Responding to the client. project-graph
[NX v21.4.1 Daemon Server] - 2025-09-13T19:35:31.973Z - Time taken for 'total for creating and serializing project graph' 0.2152909990400076ms
[NX v21.4.1 Daemon Server] - 2025-09-13T19:35:31.975Z - Done responding to the client project-graph
[NX v21.4.1 Daemon Server] - 2025-09-13T19:35:31.975Z - Handled REQUEST_PROJECT_GRAPH. Handling time: 0. Response time: 4.
[NX v21.4.1 Daemon Server] - 2025-09-13T19:35:31.980Z - [REQUEST]: Responding to the client. handleRunPreTasksExecution
[NX v21.4.1 Daemon Server] - 2025-09-13T19:35:31.980Z - Done responding to the client handleRunPreTasksExecution
[NX v21.4.1 Daemon Server] - 2025-09-13T19:35:31.980Z - Handled PRE_TASKS_EXECUTION. Handling time: 1. Response time: 0.
[NX v21.4.1 Daemon Server] - 2025-09-13T19:35:31.980Z - Time taken for 'preTasksExecution' 0.06708400137722492ms
[NX v21.4.1 Daemon Server] - 2025-09-13T19:35:32.045Z - Reusing in-memory cached project graph because no files changed.
DEBUG nx::native::tasks::task_hasher: plan length: 2
DEBUG nx::native::tasks::hashers::hash_workspace_files: Hashing workspace fileset{cache_key="nx.json,.gitignore,.nxignore"}: Adding "2913894268036001599" (".gitignore") to hash
DEBUG nx::native::tasks::hashers::hash_workspace_files: Hashing workspace fileset{cache_key="nx.json,.gitignore,.nxignore"}: Adding "3619439782444644385" ("nx.json") to hash
DEBUG nx::native::tasks::hashers::hash_workspace_files: Hashing workspace fileset{cache_key="nx.json,.gitignore,.nxignore"}: Hash Value: "12630403656253729768"
[NX v21.4.1 Daemon Server] - 2025-09-13T19:35:32.070Z - [REQUEST]: Responding to the client. handleHashTasks
[NX v21.4.1 Daemon Server] - 2025-09-13T19:35:32.070Z - Done responding to the client handleHashTasks
[NX v21.4.1 Daemon Server] - 2025-09-13T19:35:32.070Z - Handled HASH_TASKS. Handling time: 25. Response time: 0.
[NX v21.4.1 Daemon Server] - 2025-09-13T19:35:32.113Z - [REQUEST]: Responding to the client. handleGetEstimatedTaskTimings
[NX v21.4.1 Daemon Server] - 2025-09-13T19:35:32.113Z - Done responding to the client handleGetEstimatedTaskTimings
[NX v21.4.1 Daemon Server] - 2025-09-13T19:35:32.113Z - Handled GET_ESTIMATED_TASK_TIMINGS. Handling time: 1. Response time: 0.
[NX v21.4.1 Daemon Server] - 2025-09-13T19:35:33.540Z - Established a connection. Number of open connections: 5
[NX v21.4.1 Daemon Server] - 2025-09-13T19:35:33.540Z - Closed a connection. Number of open connections: 4
[NX v21.4.1 Daemon Server] - 2025-09-13T19:35:33.540Z - Established a connection. Number of open connections: 5
[NX v21.4.1 Daemon Server] - 2025-09-13T19:35:33.542Z - [REQUEST]: Client Request for Project Graph Received
[NX v21.4.1 Daemon Server] - 2025-09-13T19:35:33.542Z - Reusing in-memory cached project graph because no files changed.
[NX v21.4.1 Daemon Server] - 2025-09-13T19:35:33.542Z - [REQUEST]: Responding to the client. project-graph
[NX v21.4.1 Daemon Server] - 2025-09-13T19:35:33.543Z - Time taken for 'total for creating and serializing project graph' 0.16670800000429153ms
[NX v21.4.1 Daemon Server] - 2025-09-13T19:35:33.545Z - Done responding to the client project-graph
[NX v21.4.1 Daemon Server] - 2025-09-13T19:35:33.545Z - Handled REQUEST_PROJECT_GRAPH. Handling time: 0. Response time: 3.
[NX v21.4.1 Daemon Server] - 2025-09-13T19:35:33.732Z - [REQUEST]: Client Request for Project Graph Received
[NX v21.4.1 Daemon Server] - 2025-09-13T19:35:33.733Z - Reusing in-memory cached project graph because no files changed.
[NX v21.4.1 Daemon Server] - 2025-09-13T19:35:33.733Z - [REQUEST]: Responding to the client. project-graph
[NX v21.4.1 Daemon Server] - 2025-09-13T19:35:33.734Z - Time taken for 'total for creating and serializing project graph' 0.14862499944865704ms
[NX v21.4.1 Daemon Server] - 2025-09-13T19:35:33.735Z - Done responding to the client project-graph
[NX v21.4.1 Daemon Server] - 2025-09-13T19:35:33.735Z - Handled REQUEST_PROJECT_GRAPH. Handling time: 1. Response time: 2.
[NX v21.4.1 Daemon Server] - 2025-09-13T19:35:33.812Z - [WATCHER]: Processing file changes in outputs
[NX v21.4.1 Daemon Server] - 2025-09-13T19:35:35.537Z - [WATCHER]: Processing file changes in outputs
[NX v21.4.1 Daemon Server] - 2025-09-13T19:35:35.595Z - [WATCHER]: Processing file changes in outputs
[NX v21.4.1 Daemon Server] - 2025-09-13T19:35:35.999Z - [WATCHER]: Processing file changes in outputs
[NX v21.4.1 Daemon Server] - 2025-09-13T19:35:36.064Z - [WATCHER]: Processing file changes in outputs
[NX v21.4.1 Daemon Server] - 2025-09-13T19:35:37.426Z - [WATCHER]: Processing file changes in outputs
[NX v21.4.1 Daemon Server] - 2025-09-13T19:35:37.692Z - [WATCHER]: Processing file changes in outputs
[NX v21.4.1 Daemon Server] - 2025-09-13T19:35:37.774Z - [WATCHER]: Processing file changes in outputs
[NX v21.4.1 Daemon Server] - 2025-09-13T19:35:39.822Z - [WATCHER]: Processing file changes in outputs
[NX v21.4.1 Daemon Server] - 2025-09-13T19:35:40.194Z - [WATCHER]: Processing file changes in outputs
[NX v21.4.1 Daemon Server] - 2025-09-13T19:35:40.443Z - [WATCHER]: Processing file changes in outputs
[NX v21.4.1 Daemon Server] - 2025-09-13T19:35:40.513Z - [WATCHER]: Processing file changes in outputs
[NX v21.4.1 Daemon Server] - 2025-09-13T19:35:40.624Z - [WATCHER]: Processing file changes in outputs
[NX v21.4.1 Daemon Server] - 2025-09-13T19:35:41.024Z - [WATCHER]: Processing file changes in outputs
[NX v21.4.1 Daemon Server] - 2025-09-13T19:35:41.120Z - [WATCHER]: Processing file changes in outputs
[NX v21.4.1 Daemon Server] - 2025-09-13T19:35:41.173Z - [WATCHER]: Processing file changes in outputs
[NX v21.4.1 Daemon Server] - 2025-09-13T19:35:41.229Z - [WATCHER]: Processing file changes in outputs
[NX v21.4.1 Daemon Server] - 2025-09-13T19:35:43.601Z - [WATCHER]: Processing file changes in outputs
[NX v21.4.1 Daemon Server] - 2025-09-13T19:35:43.620Z - Closed a connection. Number of open connections: 4
[NX v21.4.1 Daemon Server] - 2025-09-13T19:35:43.696Z - [REQUEST]: Responding to the client. recordOutputsHash
[NX v21.4.1 Daemon Server] - 2025-09-13T19:35:43.696Z - Done responding to the client recordOutputsHash
[NX v21.4.1 Daemon Server] - 2025-09-13T19:35:43.696Z - Handled RECORD_OUTPUTS_HASH. Handling time: 2. Response time: 0.
[NX v21.4.1 Daemon Server] - 2025-09-13T19:35:43.733Z - [WATCHER]: Processing file changes in outputs
[NX v21.4.1 Daemon Server] - 2025-09-13T19:35:43.802Z - [WATCHER]: Processing file changes in outputs
[NX v21.4.1 Daemon Server] - 2025-09-13T19:35:43.855Z - [WATCHER]: Processing file changes in outputs
[NX v21.4.1 Daemon Server] - 2025-09-13T19:35:45.220Z - Established a connection. Number of open connections: 5
[NX v21.4.1 Daemon Server] - 2025-09-13T19:35:45.221Z - Closed a connection. Number of open connections: 4
[NX v21.4.1 Daemon Server] - 2025-09-13T19:35:45.221Z - Established a connection. Number of open connections: 5
[NX v21.4.1 Daemon Server] - 2025-09-13T19:35:45.222Z - [REQUEST]: Client Request for Project Graph Received
[NX v21.4.1 Daemon Server] - 2025-09-13T19:35:45.222Z - Reusing in-memory cached project graph because no files changed.
[NX v21.4.1 Daemon Server] - 2025-09-13T19:35:45.223Z - [REQUEST]: Responding to the client. project-graph
[NX v21.4.1 Daemon Server] - 2025-09-13T19:35:45.225Z - Time taken for 'total for creating and serializing project graph' 0.36358300037682056ms
[NX v21.4.1 Daemon Server] - 2025-09-13T19:35:45.227Z - Done responding to the client project-graph
[NX v21.4.1 Daemon Server] - 2025-09-13T19:35:45.227Z - Handled REQUEST_PROJECT_GRAPH. Handling time: 1. Response time: 4.
[NX v21.4.1 Daemon Server] - 2025-09-13T19:35:45.390Z - [REQUEST]: Client Request for Project Graph Received
[NX v21.4.1 Daemon Server] - 2025-09-13T19:35:45.390Z - Reusing in-memory cached project graph because no files changed.
[NX v21.4.1 Daemon Server] - 2025-09-13T19:35:45.390Z - [REQUEST]: Responding to the client. project-graph
[NX v21.4.1 Daemon Server] - 2025-09-13T19:35:45.391Z - Time taken for 'total for creating and serializing project graph' 0.14795799925923347ms
[NX v21.4.1 Daemon Server] - 2025-09-13T19:35:45.393Z - Done responding to the client project-graph
[NX v21.4.1 Daemon Server] - 2025-09-13T19:35:45.393Z - Handled REQUEST_PROJECT_GRAPH. Handling time: 0. Response time: 3.
[NX v21.4.1 Daemon Server] - 2025-09-13T19:35:45.478Z - [WATCHER]: Processing file changes in outputs
[NX v21.4.1 Daemon Server] - 2025-09-13T19:35:46.002Z - [WATCHER]: Processing file changes in outputs
[NX v21.4.1 Daemon Server] - 2025-09-13T19:35:53.210Z - [WATCHER]: Processing file changes in outputs
[NX v21.4.1 Daemon Server] - 2025-09-13T19:35:53.939Z - [WATCHER]: Processing file changes in outputs
[NX v21.4.1 Daemon Server] - 2025-09-13T19:35:56.072Z - [WATCHER]: Processing file changes in outputs
[NX v21.4.1 Daemon Server] - 2025-09-13T19:35:56.127Z - [WATCHER]: Processing file changes in outputs
[NX v21.4.1 Daemon Server] - 2025-09-13T19:35:56.460Z - [WATCHER]: Processing file changes in outputs
[NX v21.4.1 Daemon Server] - 2025-09-13T19:36:03.687Z - [WATCHER]: Processing file changes in outputs
[NX v21.4.1 Daemon Server] - 2025-09-13T19:36:03.745Z - [WATCHER]: Processing file changes in outputs
[NX v21.4.1 Daemon Server] - 2025-09-13T19:36:03.800Z - [WATCHER]: Processing file changes in outputs
[NX v21.4.1 Daemon Server] - 2025-09-13T19:36:03.852Z - [WATCHER]: Processing file changes in outputs
[NX v21.4.1 Daemon Server] - 2025-09-13T19:36:03.962Z - [WATCHER]: Processing file changes in outputs
[NX v21.4.1 Daemon Server] - 2025-09-13T19:36:05.823Z - [WATCHER]: Processing file changes in outputs
[NX v21.4.1 Daemon Server] - 2025-09-13T19:36:05.920Z - [WATCHER]: Processing file changes in outputs
[NX v21.4.1 Daemon Server] - 2025-09-13T19:36:10.202Z - [WATCHER]: Processing file changes in outputs
[NX v21.4.1 Daemon Server] - 2025-09-13T19:36:10.365Z - Closed a connection. Number of open connections: 4
[NX v21.4.1 Daemon Server] - 2025-09-13T19:36:10.436Z - [WATCHER]: Processing file changes in outputs
[NX v21.4.1 Daemon Server] - 2025-09-13T19:36:10.533Z - [REQUEST]: Responding to the client. recordOutputsHash
[NX v21.4.1 Daemon Server] - 2025-09-13T19:36:10.534Z - Done responding to the client recordOutputsHash
[NX v21.4.1 Daemon Server] - 2025-09-13T19:36:10.534Z - Handled RECORD_OUTPUTS_HASH. Handling time: 4. Response time: 1.
[NX v21.4.1 Daemon Server] - 2025-09-13T19:36:10.541Z - [REQUEST]: Responding to the client. handleRecordTaskRuns
[NX v21.4.1 Daemon Server] - 2025-09-13T19:36:10.541Z - Done responding to the client handleRecordTaskRuns
[NX v21.4.1 Daemon Server] - 2025-09-13T19:36:10.541Z - Handled RECORD_TASK_RUNS. Handling time: 1. Response time: 0.
[NX v21.4.1 Daemon Server] - 2025-09-13T19:36:10.545Z - [REQUEST]: Responding to the client. handleGetFlakyTasks
[NX v21.4.1 Daemon Server] - 2025-09-13T19:36:10.546Z - Done responding to the client handleGetFlakyTasks
[NX v21.4.1 Daemon Server] - 2025-09-13T19:36:10.546Z - Handled GET_FLAKY_TASKS. Handling time: 1. Response time: 1.
[NX v21.4.1 Daemon Server] - 2025-09-13T19:36:13.829Z - [REQUEST]: Responding to the client. handleRunPostTasksExecution
[NX v21.4.1 Daemon Server] - 2025-09-13T19:36:13.829Z - Done responding to the client handleRunPostTasksExecution
[NX v21.4.1 Daemon Server] - 2025-09-13T19:36:13.829Z - Handled POST_TASKS_EXECUTION. Handling time: 1. Response time: 0.
[NX v21.4.1 Daemon Server] - 2025-09-13T19:36:13.829Z - Time taken for 'postTasksExecution' 0.3119580000638962ms
[NX v21.4.1 Daemon Server] - 2025-09-13T19:36:13.835Z - Closed a connection. Number of open connections: 3
[NX v21.4.1 Daemon Server] - 2025-09-13T19:36:23.313Z - [WATCHER]: Processing file changes in outputs
[NX v21.4.1 Daemon Server] - 2025-09-13T19:36:23.314Z - [WATCHER]: apps/admin/app/features/about/Form/validation.ts was modified
[NX v21.4.1 Daemon Server] - 2025-09-13T19:36:23.415Z - [REQUEST]: Updated workspace context based on watched changes, recomputing project graph...
[NX v21.4.1 Daemon Server] - 2025-09-13T19:36:23.415Z - [REQUEST]: apps/admin/app/features/about/Form/validation.ts
[NX v21.4.1 Daemon Server] - 2025-09-13T19:36:23.415Z - [REQUEST]: 
[NX v21.4.1 Daemon Server] - 2025-09-13T19:36:23.419Z - Time taken for 'hash changed files from watcher' 0.3874580003321171ms
Time for 'nx/core/package-json:createNodes' [33m6.340749999508262[39m
Time for 'nx/core/project-json:createNodes' [33m8.941624999046326[39m
Time for 'nx/js/dependencies-and-lockfile:createNodes' [33m43.29120799899101[39m
[NX v21.4.1 Daemon Server] - 2025-09-13T19:36:23.507Z - Time taken for 'build-project-configs' 81.5067499987781ms
Time for 'build typescript dependencies' [33m10.321333000436425[39m
[NX v21.4.1 Daemon Server] - 2025-09-13T19:36:23.615Z - Wrote project graph cache to /Users/3bird/Documents/personal/studycourse/education-site-frontend/.nx/workspace-data/project-graph.json
[NX v21.4.1 Daemon Server] - 2025-09-13T19:36:23.615Z - [SYNC]: collect registered sync generators
[NX v21.4.1 Daemon Server] - 2025-09-13T19:36:23.615Z - [SYNC]: project graph hash is the same, not collecting task sync generators
[NX v21.4.1 Daemon Server] - 2025-09-13T19:36:23.615Z - [SYNC]: nx.json hash is the same, not collecting global sync generators
[NX v21.4.1 Daemon Server] - 2025-09-13T19:36:23.615Z - Time taken for 'total execution time for createProjectGraph()' 99.45008400082588ms
[NX v21.4.1 Daemon Server] - 2025-09-13T19:36:28.141Z - [WATCHER]: apps/admin/app/features/about/Form/validation.ts was modified
[NX v21.4.1 Daemon Server] - 2025-09-13T19:36:28.141Z - [WATCHER]: Processing file changes in outputs
[NX v21.4.1 Daemon Server] - 2025-09-13T19:36:28.342Z - [REQUEST]: Updated workspace context based on watched changes, recomputing project graph...
[NX v21.4.1 Daemon Server] - 2025-09-13T19:36:28.342Z - [REQUEST]: apps/admin/app/features/about/Form/validation.ts
[NX v21.4.1 Daemon Server] - 2025-09-13T19:36:28.342Z - [REQUEST]: 
[NX v21.4.1 Daemon Server] - 2025-09-13T19:36:28.343Z - Time taken for 'hash changed files from watcher' 0.3641250003129244ms
Time for 'nx/core/package-json:createNodes' [33m0.537874998524785[39m
Time for 'nx/core/project-json:createNodes' [33m1.8258330002427101[39m
Time for 'nx/js/dependencies-and-lockfile:createNodes' [33m15.26137499883771[39m
[NX v21.4.1 Daemon Server] - 2025-09-13T19:36:28.472Z - Time taken for 'build-project-configs' 123.5068330001086ms
Time for 'build typescript dependencies' [33m0.01924999989569187[39m
[NX v21.4.1 Daemon Server] - 2025-09-13T19:36:28.527Z - Wrote project graph cache to /Users/3bird/Documents/personal/studycourse/education-site-frontend/.nx/workspace-data/project-graph.json
[NX v21.4.1 Daemon Server] - 2025-09-13T19:36:28.527Z - [SYNC]: collect registered sync generators
[NX v21.4.1 Daemon Server] - 2025-09-13T19:36:28.527Z - [SYNC]: project graph hash is the same, not collecting task sync generators
[NX v21.4.1 Daemon Server] - 2025-09-13T19:36:28.527Z - [SYNC]: nx.json hash is the same, not collecting global sync generators
[NX v21.4.1 Daemon Server] - 2025-09-13T19:36:28.527Z - Time taken for 'total execution time for createProjectGraph()' 49.17529200017452ms
[NX v21.4.1 Daemon Server] - 2025-09-13T19:36:29.916Z - [WATCHER]: Processing file changes in outputs
[NX v21.4.1 Daemon Server] - 2025-09-13T19:36:29.997Z - [WATCHER]: Processing file changes in outputs
[NX v21.4.1 Daemon Server] - 2025-09-13T19:36:30.070Z - [WATCHER]: Processing file changes in outputs
[NX v21.4.1 Daemon Server] - 2025-09-13T19:36:31.473Z - Established a connection. Number of open connections: 4
[NX v21.4.1 Daemon Server] - 2025-09-13T19:36:31.473Z - Closed a connection. Number of open connections: 3
[NX v21.4.1 Daemon Server] - 2025-09-13T19:36:31.474Z - Established a connection. Number of open connections: 4
[NX v21.4.1 Daemon Server] - 2025-09-13T19:36:31.477Z - [REQUEST]: Client Request for Project Graph Received
[NX v21.4.1 Daemon Server] - 2025-09-13T19:36:31.478Z - Reusing in-memory cached project graph because no files changed.
[NX v21.4.1 Daemon Server] - 2025-09-13T19:36:31.478Z - [REQUEST]: Responding to the client. project-graph
[NX v21.4.1 Daemon Server] - 2025-09-13T19:36:31.479Z - Time taken for 'total for creating and serializing project graph' 0.327292000874877ms
[NX v21.4.1 Daemon Server] - 2025-09-13T19:36:31.481Z - Done responding to the client project-graph
[NX v21.4.1 Daemon Server] - 2025-09-13T19:36:31.481Z - Handled REQUEST_PROJECT_GRAPH. Handling time: 1. Response time: 3.
[NX v21.4.1 Daemon Server] - 2025-09-13T19:36:31.486Z - [REQUEST]: Responding to the client. handleRunPreTasksExecution
[NX v21.4.1 Daemon Server] - 2025-09-13T19:36:31.486Z - Done responding to the client handleRunPreTasksExecution
[NX v21.4.1 Daemon Server] - 2025-09-13T19:36:31.486Z - Handled PRE_TASKS_EXECUTION. Handling time: 0. Response time: 0.
[NX v21.4.1 Daemon Server] - 2025-09-13T19:36:31.486Z - Time taken for 'preTasksExecution' 0.07291700132191181ms
[NX v21.4.1 Daemon Server] - 2025-09-13T19:36:31.552Z - Reusing in-memory cached project graph because no files changed.
DEBUG nx::native::tasks::task_hasher: plan length: 2
DEBUG nx::native::tasks::hashers::hash_workspace_files: Hashing workspace fileset{cache_key="nx.json,.gitignore,.nxignore"}: Adding "2913894268036001599" (".gitignore") to hash
DEBUG nx::native::tasks::hashers::hash_workspace_files: Hashing workspace fileset{cache_key="nx.json,.gitignore,.nxignore"}: Adding "3619439782444644385" ("nx.json") to hash
DEBUG nx::native::tasks::hashers::hash_workspace_files: Hashing workspace fileset{cache_key="nx.json,.gitignore,.nxignore"}: Hash Value: "12630403656253729768"
[NX v21.4.1 Daemon Server] - 2025-09-13T19:36:31.578Z - [REQUEST]: Responding to the client. handleHashTasks
[NX v21.4.1 Daemon Server] - 2025-09-13T19:36:31.578Z - Done responding to the client handleHashTasks
[NX v21.4.1 Daemon Server] - 2025-09-13T19:36:31.578Z - Handled HASH_TASKS. Handling time: 26. Response time: 0.
[NX v21.4.1 Daemon Server] - 2025-09-13T19:36:31.631Z - [REQUEST]: Responding to the client. handleGetEstimatedTaskTimings
[NX v21.4.1 Daemon Server] - 2025-09-13T19:36:31.631Z - Done responding to the client handleGetEstimatedTaskTimings
[NX v21.4.1 Daemon Server] - 2025-09-13T19:36:31.631Z - Handled GET_ESTIMATED_TASK_TIMINGS. Handling time: 0. Response time: 0.
[NX v21.4.1 Daemon Server] - 2025-09-13T19:36:31.637Z - [REQUEST]: Responding to the client. outputsHashesMatch
[NX v21.4.1 Daemon Server] - 2025-09-13T19:36:31.637Z - Done responding to the client outputsHashesMatch
[NX v21.4.1 Daemon Server] - 2025-09-13T19:36:31.637Z - Handled OUTPUTS_HASHES_MATCH. Handling time: 3. Response time: 0.
[NX v21.4.1 Daemon Server] - 2025-09-13T19:36:31.641Z - [REQUEST]: Responding to the client. recordOutputsHash
[NX v21.4.1 Daemon Server] - 2025-09-13T19:36:31.641Z - Done responding to the client recordOutputsHash
[NX v21.4.1 Daemon Server] - 2025-09-13T19:36:31.641Z - Handled RECORD_OUTPUTS_HASH. Handling time: 3. Response time: 0.
[NX v21.4.1 Daemon Server] - 2025-09-13T19:36:33.415Z - Established a connection. Number of open connections: 5
[NX v21.4.1 Daemon Server] - 2025-09-13T19:36:33.417Z - Closed a connection. Number of open connections: 4
[NX v21.4.1 Daemon Server] - 2025-09-13T19:36:33.417Z - Established a connection. Number of open connections: 5
[NX v21.4.1 Daemon Server] - 2025-09-13T19:36:33.418Z - [REQUEST]: Client Request for Project Graph Received
[NX v21.4.1 Daemon Server] - 2025-09-13T19:36:33.418Z - Reusing in-memory cached project graph because no files changed.
[NX v21.4.1 Daemon Server] - 2025-09-13T19:36:33.418Z - [REQUEST]: Responding to the client. project-graph
[NX v21.4.1 Daemon Server] - 2025-09-13T19:36:33.419Z - Time taken for 'total for creating and serializing project graph' 0.1329169999808073ms
[NX v21.4.1 Daemon Server] - 2025-09-13T19:36:33.420Z - Done responding to the client project-graph
[NX v21.4.1 Daemon Server] - 2025-09-13T19:36:33.420Z - Handled REQUEST_PROJECT_GRAPH. Handling time: 0. Response time: 2.
[NX v21.4.1 Daemon Server] - 2025-09-13T19:36:33.592Z - [REQUEST]: Client Request for Project Graph Received
[NX v21.4.1 Daemon Server] - 2025-09-13T19:36:33.592Z - Reusing in-memory cached project graph because no files changed.
[NX v21.4.1 Daemon Server] - 2025-09-13T19:36:33.592Z - [REQUEST]: Responding to the client. project-graph
[NX v21.4.1 Daemon Server] - 2025-09-13T19:36:33.593Z - Time taken for 'total for creating and serializing project graph' 0.1970830000936985ms
[NX v21.4.1 Daemon Server] - 2025-09-13T19:36:33.595Z - Done responding to the client project-graph
[NX v21.4.1 Daemon Server] - 2025-09-13T19:36:33.595Z - Handled REQUEST_PROJECT_GRAPH. Handling time: 0. Response time: 3.
[NX v21.4.1 Daemon Server] - 2025-09-13T19:36:33.674Z - [WATCHER]: Processing file changes in outputs
[NX v21.4.1 Daemon Server] - 2025-09-13T19:36:37.043Z - [WATCHER]: Processing file changes in outputs
[NX v21.4.1 Daemon Server] - 2025-09-13T19:36:37.160Z - [WATCHER]: Processing file changes in outputs
[NX v21.4.1 Daemon Server] - 2025-09-13T19:36:38.609Z - [WATCHER]: Processing file changes in outputs
[NX v21.4.1 Daemon Server] - 2025-09-13T19:36:38.673Z - [WATCHER]: Processing file changes in outputs
[NX v21.4.1 Daemon Server] - 2025-09-13T19:36:41.706Z - [WATCHER]: Processing file changes in outputs
[NX v21.4.1 Daemon Server] - 2025-09-13T19:36:42.624Z - [WATCHER]: Processing file changes in outputs
[NX v21.4.1 Daemon Server] - 2025-09-13T19:36:42.686Z - [WATCHER]: Processing file changes in outputs
[NX v21.4.1 Daemon Server] - 2025-09-13T19:36:45.919Z - [WATCHER]: Processing file changes in outputs
[NX v21.4.1 Daemon Server] - 2025-09-13T19:36:46.017Z - Closed a connection. Number of open connections: 4
[NX v21.4.1 Daemon Server] - 2025-09-13T19:36:46.034Z - [REQUEST]: Responding to the client. recordOutputsHash
[NX v21.4.1 Daemon Server] - 2025-09-13T19:36:46.035Z - Done responding to the client recordOutputsHash
[NX v21.4.1 Daemon Server] - 2025-09-13T19:36:46.035Z - Handled RECORD_OUTPUTS_HASH. Handling time: 3. Response time: 1.
[NX v21.4.1 Daemon Server] - 2025-09-13T19:36:46.037Z - [REQUEST]: Responding to the client. handleRecordTaskRuns
[NX v21.4.1 Daemon Server] - 2025-09-13T19:36:46.037Z - Done responding to the client handleRecordTaskRuns
[NX v21.4.1 Daemon Server] - 2025-09-13T19:36:46.037Z - Handled RECORD_TASK_RUNS. Handling time: 1. Response time: 0.
[NX v21.4.1 Daemon Server] - 2025-09-13T19:36:46.038Z - [REQUEST]: Responding to the client. handleGetFlakyTasks
[NX v21.4.1 Daemon Server] - 2025-09-13T19:36:46.038Z - Done responding to the client handleGetFlakyTasks
[NX v21.4.1 Daemon Server] - 2025-09-13T19:36:46.038Z - Handled GET_FLAKY_TASKS. Handling time: 0. Response time: 0.
[NX v21.4.1 Daemon Server] - 2025-09-13T19:36:46.077Z - [WATCHER]: Processing file changes in outputs
[NX v21.4.1 Daemon Server] - 2025-09-13T19:36:49.306Z - [REQUEST]: Responding to the client. handleRunPostTasksExecution
[NX v21.4.1 Daemon Server] - 2025-09-13T19:36:49.306Z - Done responding to the client handleRunPostTasksExecution
[NX v21.4.1 Daemon Server] - 2025-09-13T19:36:49.306Z - Handled POST_TASKS_EXECUTION. Handling time: 1. Response time: 0.
[NX v21.4.1 Daemon Server] - 2025-09-13T19:36:49.306Z - Time taken for 'postTasksExecution' 0.21920800022780895ms
[NX v21.4.1 Daemon Server] - 2025-09-13T19:36:49.311Z - Closed a connection. Number of open connections: 3
[NX v21.4.1 Daemon Server] - 2025-09-13T19:36:55.380Z - [WATCHER]: apps/admin/app/features/banner/Form/validation.ts was modified
[NX v21.4.1 Daemon Server] - 2025-09-13T19:36:55.380Z - [WATCHER]: Processing file changes in outputs
[NX v21.4.1 Daemon Server] - 2025-09-13T19:36:55.481Z - [REQUEST]: Updated workspace context based on watched changes, recomputing project graph...
[NX v21.4.1 Daemon Server] - 2025-09-13T19:36:55.481Z - [REQUEST]: apps/admin/app/features/banner/Form/validation.ts
[NX v21.4.1 Daemon Server] - 2025-09-13T19:36:55.481Z - [REQUEST]: 
[NX v21.4.1 Daemon Server] - 2025-09-13T19:36:55.484Z - Time taken for 'hash changed files from watcher' 0.36562499962747097ms
Time for 'nx/core/package-json:createNodes' [33m2.3751669991761446[39m
Time for 'nx/core/project-json:createNodes' [33m2.233000000938773[39m
Time for 'nx/js/dependencies-and-lockfile:createNodes' [33m13.918957998976111[39m
[NX v21.4.1 Daemon Server] - 2025-09-13T19:36:55.512Z - Time taken for 'build-project-configs' 26.167167000472546ms
Time for 'build typescript dependencies' [33m6.790915999561548[39m
[NX v21.4.1 Daemon Server] - 2025-09-13T19:36:55.563Z - Wrote project graph cache to /Users/3bird/Documents/personal/studycourse/education-site-frontend/.nx/workspace-data/project-graph.json
[NX v21.4.1 Daemon Server] - 2025-09-13T19:36:55.563Z - [SYNC]: collect registered sync generators
[NX v21.4.1 Daemon Server] - 2025-09-13T19:36:55.563Z - [SYNC]: project graph hash is the same, not collecting task sync generators
[NX v21.4.1 Daemon Server] - 2025-09-13T19:36:55.563Z - [SYNC]: nx.json hash is the same, not collecting global sync generators
[NX v21.4.1 Daemon Server] - 2025-09-13T19:36:55.563Z - Time taken for 'total execution time for createProjectGraph()' 45.65066600032151ms
[NX v21.4.1 Daemon Server] - 2025-09-13T19:36:56.639Z - [WATCHER]: apps/admin/app/features/faq/Form/validation.ts was modified
[NX v21.4.1 Daemon Server] - 2025-09-13T19:36:56.639Z - [WATCHER]: Processing file changes in outputs
[NX v21.4.1 Daemon Server] - 2025-09-13T19:36:56.840Z - [REQUEST]: Updated workspace context based on watched changes, recomputing project graph...
[NX v21.4.1 Daemon Server] - 2025-09-13T19:36:56.841Z - [REQUEST]: apps/admin/app/features/faq/Form/validation.ts
[NX v21.4.1 Daemon Server] - 2025-09-13T19:36:56.841Z - [REQUEST]: 
[NX v21.4.1 Daemon Server] - 2025-09-13T19:36:56.843Z - Time taken for 'hash changed files from watcher' 0.44474999979138374ms
Time for 'nx/core/project-json:createNodes' [33m0.6003750003874302[39m
Time for 'nx/core/package-json:createNodes' [33m0.4598749987781048[39m
Time for 'nx/js/dependencies-and-lockfile:createNodes' [33m16.161957999691367[39m
[NX v21.4.1 Daemon Server] - 2025-09-13T19:36:56.873Z - Time taken for 'build-project-configs' 24.998832998797297ms
Time for 'build typescript dependencies' [33m2.9087500013411045[39m
[NX v21.4.1 Daemon Server] - 2025-09-13T19:36:56.909Z - Wrote project graph cache to /Users/3bird/Documents/personal/studycourse/education-site-frontend/.nx/workspace-data/project-graph.json
[NX v21.4.1 Daemon Server] - 2025-09-13T19:36:56.910Z - [SYNC]: collect registered sync generators
[NX v21.4.1 Daemon Server] - 2025-09-13T19:36:56.910Z - [SYNC]: project graph hash is the same, not collecting task sync generators
[NX v21.4.1 Daemon Server] - 2025-09-13T19:36:56.910Z - [SYNC]: nx.json hash is the same, not collecting global sync generators
[NX v21.4.1 Daemon Server] - 2025-09-13T19:36:56.910Z - Time taken for 'total execution time for createProjectGraph()' 31.490458000451326ms
[NX v21.4.1 Daemon Server] - 2025-09-13T19:36:58.059Z - [WATCHER]: apps/admin/app/features/University/Form/validation.ts was modified
[NX v21.4.1 Daemon Server] - 2025-09-13T19:36:58.059Z - [WATCHER]: Processing file changes in outputs
[NX v21.4.1 Daemon Server] - 2025-09-13T19:36:58.460Z - [REQUEST]: Updated workspace context based on watched changes, recomputing project graph...
[NX v21.4.1 Daemon Server] - 2025-09-13T19:36:58.460Z - [REQUEST]: apps/admin/app/features/University/Form/validation.ts
[NX v21.4.1 Daemon Server] - 2025-09-13T19:36:58.460Z - [REQUEST]: 
[NX v21.4.1 Daemon Server] - 2025-09-13T19:36:58.462Z - Time taken for 'hash changed files from watcher' 0.3051249999552965ms
Time for 'nx/core/package-json:createNodes' [33m0.6202919986099005[39m
Time for 'nx/core/project-json:createNodes' [33m0.6433329991996288[39m
Time for 'nx/js/dependencies-and-lockfile:createNodes' [33m5.684000000357628[39m
[NX v21.4.1 Daemon Server] - 2025-09-13T19:36:58.483Z - Time taken for 'build-project-configs' 17.576457999646664ms
Time for 'build typescript dependencies' [33m2.7051250003278255[39m
[NX v21.4.1 Daemon Server] - 2025-09-13T19:36:58.510Z - Wrote project graph cache to /Users/3bird/Documents/personal/studycourse/education-site-frontend/.nx/workspace-data/project-graph.json
[NX v21.4.1 Daemon Server] - 2025-09-13T19:36:58.511Z - [SYNC]: collect registered sync generators
[NX v21.4.1 Daemon Server] - 2025-09-13T19:36:58.511Z - [SYNC]: project graph hash is the same, not collecting task sync generators
[NX v21.4.1 Daemon Server] - 2025-09-13T19:36:58.511Z - [SYNC]: nx.json hash is the same, not collecting global sync generators
[NX v21.4.1 Daemon Server] - 2025-09-13T19:36:58.511Z - Time taken for 'total execution time for createProjectGraph()' 22.910667000338435ms
[NX v21.4.1 Daemon Server] - 2025-09-13T19:37:01.901Z - [WATCHER]: apps/admin/app/features/Blogs/Form/validation.ts was modified
[NX v21.4.1 Daemon Server] - 2025-09-13T19:37:01.902Z - [WATCHER]: Processing file changes in outputs
[NX v21.4.1 Daemon Server] - 2025-09-13T19:37:02.702Z - [REQUEST]: Updated workspace context based on watched changes, recomputing project graph...
[NX v21.4.1 Daemon Server] - 2025-09-13T19:37:02.702Z - [REQUEST]: apps/admin/app/features/Blogs/Form/validation.ts
[NX v21.4.1 Daemon Server] - 2025-09-13T19:37:02.702Z - [REQUEST]: 
[NX v21.4.1 Daemon Server] - 2025-09-13T19:37:02.705Z - Time taken for 'hash changed files from watcher' 0.3930420000106096ms
Time for 'nx/core/package-json:createNodes' [33m0.22258399985730648[39m
Time for 'nx/core/project-json:createNodes' [33m1.0166250001639128[39m
Time for 'nx/js/dependencies-and-lockfile:createNodes' [33m6.369249999523163[39m
[NX v21.4.1 Daemon Server] - 2025-09-13T19:37:02.720Z - Time taken for 'build-project-configs' 13.549959000200033ms
Time for 'build typescript dependencies' [33m1.732124999165535[39m
[NX v21.4.1 Daemon Server] - 2025-09-13T19:37:02.746Z - Wrote project graph cache to /Users/3bird/Documents/personal/studycourse/education-site-frontend/.nx/workspace-data/project-graph.json
[NX v21.4.1 Daemon Server] - 2025-09-13T19:37:02.746Z - [SYNC]: collect registered sync generators
[NX v21.4.1 Daemon Server] - 2025-09-13T19:37:02.746Z - [SYNC]: project graph hash is the same, not collecting task sync generators
[NX v21.4.1 Daemon Server] - 2025-09-13T19:37:02.746Z - [SYNC]: nx.json hash is the same, not collecting global sync generators
[NX v21.4.1 Daemon Server] - 2025-09-13T19:37:02.746Z - Time taken for 'total execution time for createProjectGraph()' 19.87795799970627ms
[NX v21.4.1 Daemon Server] - 2025-09-13T19:37:03.647Z - [WATCHER]: apps/admin/app/features/Blogs/Form/validation.ts was modified
[NX v21.4.1 Daemon Server] - 2025-09-13T19:37:03.647Z - [WATCHER]: Processing file changes in outputs
[NX v21.4.1 Daemon Server] - 2025-09-13T19:37:04.087Z - [WATCHER]: apps/admin/app/features/banner/Form/validation.ts was modified
[NX v21.4.1 Daemon Server] - 2025-09-13T19:37:04.087Z - [WATCHER]: Processing file changes in outputs
[NX v21.4.1 Daemon Server] - 2025-09-13T19:37:04.801Z - [WATCHER]: apps/admin/app/features/Blogs/Form/validation.ts was modified
[NX v21.4.1 Daemon Server] - 2025-09-13T19:37:04.801Z - [WATCHER]: Processing file changes in outputs
[NX v21.4.1 Daemon Server] - 2025-09-13T19:37:05.247Z - [REQUEST]: Updated workspace context based on watched changes, recomputing project graph...
[NX v21.4.1 Daemon Server] - 2025-09-13T19:37:05.247Z - [REQUEST]: apps/admin/app/features/Blogs/Form/validation.ts,apps/admin/app/features/banner/Form/validation.ts
[NX v21.4.1 Daemon Server] - 2025-09-13T19:37:05.247Z - [REQUEST]: 
[NX v21.4.1 Daemon Server] - 2025-09-13T19:37:05.249Z - Time taken for 'hash changed files from watcher' 0.4139580000191927ms
Time for 'nx/core/package-json:createNodes' [33m0.1750830002129078[39m
Time for 'nx/core/project-json:createNodes' [33m0.5019579995423555[39m
Time for 'nx/js/dependencies-and-lockfile:createNodes' [33m8.806584000587463[39m
[NX v21.4.1 Daemon Server] - 2025-09-13T19:37:05.276Z - Time taken for 'build-project-configs' 23.915000000968575ms
Time for 'build typescript dependencies' [33m2.2019579987972975[39m
[NX v21.4.1 Daemon Server] - 2025-09-13T19:37:05.303Z - Wrote project graph cache to /Users/3bird/Documents/personal/studycourse/education-site-frontend/.nx/workspace-data/project-graph.json
[NX v21.4.1 Daemon Server] - 2025-09-13T19:37:05.303Z - [SYNC]: collect registered sync generators
[NX v21.4.1 Daemon Server] - 2025-09-13T19:37:05.303Z - [SYNC]: project graph hash is the same, not collecting task sync generators
[NX v21.4.1 Daemon Server] - 2025-09-13T19:37:05.303Z - [SYNC]: nx.json hash is the same, not collecting global sync generators
[NX v21.4.1 Daemon Server] - 2025-09-13T19:37:05.303Z - Time taken for 'total execution time for createProjectGraph()' 19.68954199925065ms
[NX v21.4.1 Daemon Server] - 2025-09-13T19:37:11.190Z - [WATCHER]: apps/admin/validators/CreateRegion/Region.ts was modified
[NX v21.4.1 Daemon Server] - 2025-09-13T19:37:11.192Z - [WATCHER]: Processing file changes in outputs
[NX v21.4.1 Daemon Server] - 2025-09-13T19:37:13.282Z - [WATCHER]: apps/admin/validators/CreateSafetyTraining/SafetyTraining.tsx was modified
[NX v21.4.1 Daemon Server] - 2025-09-13T19:37:13.282Z - [WATCHER]: Processing file changes in outputs
[NX v21.4.1 Daemon Server] - 2025-09-13T19:37:14.392Z - [REQUEST]: Updated workspace context based on watched changes, recomputing project graph...
[NX v21.4.1 Daemon Server] - 2025-09-13T19:37:14.393Z - [REQUEST]: apps/admin/validators/CreateRegion/Region.ts,apps/admin/validators/CreateSafetyTraining/SafetyTraining.tsx
[NX v21.4.1 Daemon Server] - 2025-09-13T19:37:14.393Z - [REQUEST]: 
[NX v21.4.1 Daemon Server] - 2025-09-13T19:37:14.395Z - Time taken for 'hash changed files from watcher' 0.5266669988632202ms
Time for 'nx/core/package-json:createNodes' [33m0.9277909994125366[39m
Time for 'nx/core/project-json:createNodes' [33m1.1689590010792017[39m
Time for 'nx/js/dependencies-and-lockfile:createNodes' [33m11.259666999801993[39m
[NX v21.4.1 Daemon Server] - 2025-09-13T19:37:14.423Z - Time taken for 'build-project-configs' 23.074583001434803ms
Time for 'build typescript dependencies' [33m5.354957999661565[39m
[NX v21.4.1 Daemon Server] - 2025-09-13T19:37:14.461Z - Wrote project graph cache to /Users/3bird/Documents/personal/studycourse/education-site-frontend/.nx/workspace-data/project-graph.json
[NX v21.4.1 Daemon Server] - 2025-09-13T19:37:14.461Z - [SYNC]: collect registered sync generators
[NX v21.4.1 Daemon Server] - 2025-09-13T19:37:14.461Z - [SYNC]: project graph hash is the same, not collecting task sync generators
[NX v21.4.1 Daemon Server] - 2025-09-13T19:37:14.461Z - [SYNC]: nx.json hash is the same, not collecting global sync generators
[NX v21.4.1 Daemon Server] - 2025-09-13T19:37:14.461Z - Time taken for 'total execution time for createProjectGraph()' 33.680708000436425ms
[NX v21.4.1 Daemon Server] - 2025-09-13T19:37:20.070Z - [WATCHER]: apps/admin/app/features/University/Form/components/university.tsx was modified
[NX v21.4.1 Daemon Server] - 2025-09-13T19:37:20.071Z - [WATCHER]: Processing file changes in outputs
[NX v21.4.1 Daemon Server] - 2025-09-13T19:37:21.231Z - [WATCHER]: apps/admin/app/auth/verify-email.tsx was modified
[NX v21.4.1 Daemon Server] - 2025-09-13T19:37:21.231Z - [WATCHER]: Processing file changes in outputs
[NX v21.4.1 Daemon Server] - 2025-09-13T19:37:26.475Z - [REQUEST]: Updated workspace context based on watched changes, recomputing project graph...
[NX v21.4.1 Daemon Server] - 2025-09-13T19:37:26.475Z - [REQUEST]: apps/admin/app/features/University/Form/components/university.tsx,apps/admin/app/auth/verify-email.tsx
[NX v21.4.1 Daemon Server] - 2025-09-13T19:37:26.475Z - [REQUEST]: 
[NX v21.4.1 Daemon Server] - 2025-09-13T19:37:26.480Z - Time taken for 'hash changed files from watcher' 1.4907499998807907ms
Time for 'nx/core/package-json:createNodes' [33m1.3460830003023148[39m
Time for 'nx/core/project-json:createNodes' [33m1.793708000332117[39m
Time for 'nx/js/dependencies-and-lockfile:createNodes' [33m15.3505830001086[39m
[NX v21.4.1 Daemon Server] - 2025-09-13T19:37:26.517Z - Time taken for 'build-project-configs' 33.56904200091958ms
Time for 'build typescript dependencies' [33m5.061792001128197[39m
[NX v21.4.1 Daemon Server] - 2025-09-13T19:37:26.558Z - Wrote project graph cache to /Users/3bird/Documents/personal/studycourse/education-site-frontend/.nx/workspace-data/project-graph.json
[NX v21.4.1 Daemon Server] - 2025-09-13T19:37:26.559Z - [SYNC]: collect registered sync generators
[NX v21.4.1 Daemon Server] - 2025-09-13T19:37:26.559Z - [SYNC]: project graph hash is the same, not collecting task sync generators
[NX v21.4.1 Daemon Server] - 2025-09-13T19:37:26.559Z - [SYNC]: nx.json hash is the same, not collecting global sync generators
[NX v21.4.1 Daemon Server] - 2025-09-13T19:37:26.559Z - Time taken for 'total execution time for createProjectGraph()' 34.70937499962747ms
[NX v21.4.1 Daemon Server] - 2025-09-13T19:37:26.950Z - [WATCHER]: apps/admin/validators/CreateRegion/Region.ts was modified
[NX v21.4.1 Daemon Server] - 2025-09-13T19:37:26.951Z - [WATCHER]: Processing file changes in outputs
[NX v21.4.1 Daemon Server] - 2025-09-13T19:37:33.353Z - [REQUEST]: Updated workspace context based on watched changes, recomputing project graph...
[NX v21.4.1 Daemon Server] - 2025-09-13T19:37:33.353Z - [REQUEST]: apps/admin/validators/CreateRegion/Region.ts
[NX v21.4.1 Daemon Server] - 2025-09-13T19:37:33.353Z - [REQUEST]: 
[NX v21.4.1 Daemon Server] - 2025-09-13T19:37:33.355Z - Time taken for 'hash changed files from watcher' 0.4836670011281967ms
Time for 'nx/core/package-json:createNodes' [33m0.7910840008407831[39m
Time for 'nx/core/project-json:createNodes' [33m0.9570000004023314[39m
Time for 'nx/js/dependencies-and-lockfile:createNodes' [33m7.028208998963237[39m
[NX v21.4.1 Daemon Server] - 2025-09-13T19:37:33.373Z - Time taken for 'build-project-configs' 14.871666999533772ms
Time for 'build typescript dependencies' [33m0.011167000979185104[39m
[NX v21.4.1 Daemon Server] - 2025-09-13T19:37:33.398Z - Wrote project graph cache to /Users/3bird/Documents/personal/studycourse/education-site-frontend/.nx/workspace-data/project-graph.json
[NX v21.4.1 Daemon Server] - 2025-09-13T19:37:33.398Z - [SYNC]: collect registered sync generators
[NX v21.4.1 Daemon Server] - 2025-09-13T19:37:33.398Z - [SYNC]: project graph hash is the same, not collecting task sync generators
[NX v21.4.1 Daemon Server] - 2025-09-13T19:37:33.398Z - [SYNC]: nx.json hash is the same, not collecting global sync generators
[NX v21.4.1 Daemon Server] - 2025-09-13T19:37:33.398Z - Time taken for 'total execution time for createProjectGraph()' 19.28183399885893ms
[NX v21.4.1 Daemon Server] - 2025-09-13T19:37:36.749Z - [WATCHER]: apps/admin/validators/CreateSafetyTraining/SafetyTraining.tsx was modified
[NX v21.4.1 Daemon Server] - 2025-09-13T19:37:36.749Z - [WATCHER]: Processing file changes in outputs
[NX v21.4.1 Daemon Server] - 2025-09-13T19:37:41.847Z - [WATCHER]: apps/admin/app/features/University/Form/components/university.tsx was modified
[NX v21.4.1 Daemon Server] - 2025-09-13T19:37:41.848Z - [WATCHER]: Processing file changes in outputs
[NX v21.4.1 Daemon Server] - 2025-09-13T19:37:43.150Z - [REQUEST]: Updated workspace context based on watched changes, recomputing project graph...
[NX v21.4.1 Daemon Server] - 2025-09-13T19:37:43.151Z - [REQUEST]: apps/admin/validators/CreateSafetyTraining/SafetyTraining.tsx,apps/admin/app/features/University/Form/components/university.tsx
[NX v21.4.1 Daemon Server] - 2025-09-13T19:37:43.151Z - [REQUEST]: 
[NX v21.4.1 Daemon Server] - 2025-09-13T19:37:43.154Z - Time taken for 'hash changed files from watcher' 0.969667000696063ms
Time for 'nx/core/package-json:createNodes' [33m2.298541000112891[39m
Time for 'nx/core/project-json:createNodes' [33m2.1443750001490116[39m
Time for 'nx/js/dependencies-and-lockfile:createNodes' [33m14.244041001424193[39m
[NX v21.4.1 Daemon Server] - 2025-09-13T19:37:43.185Z - Time taken for 'build-project-configs' 26.745500000193715ms
Time for 'build typescript dependencies' [33m0.014542000368237495[39m
[NX v21.4.1 Daemon Server] - 2025-09-13T19:37:43.217Z - Wrote project graph cache to /Users/3bird/Documents/personal/studycourse/education-site-frontend/.nx/workspace-data/project-graph.json
[NX v21.4.1 Daemon Server] - 2025-09-13T19:37:43.217Z - [SYNC]: collect registered sync generators
[NX v21.4.1 Daemon Server] - 2025-09-13T19:37:43.217Z - [SYNC]: project graph hash is the same, not collecting task sync generators
[NX v21.4.1 Daemon Server] - 2025-09-13T19:37:43.217Z - [SYNC]: nx.json hash is the same, not collecting global sync generators
[NX v21.4.1 Daemon Server] - 2025-09-13T19:37:43.217Z - Time taken for 'total execution time for createProjectGraph()' 25.633042000234127ms
[NX v21.4.1 Daemon Server] - 2025-09-13T19:37:45.628Z - [WATCHER]: apps/admin/app/auth/verify-email.tsx was modified
[NX v21.4.1 Daemon Server] - 2025-09-13T19:37:45.628Z - [WATCHER]: Processing file changes in outputs
[NX v21.4.1 Daemon Server] - 2025-09-13T19:37:49.505Z - Established a connection. Number of open connections: 4
[NX v21.4.1 Daemon Server] - 2025-09-13T19:37:49.505Z - Closed a connection. Number of open connections: 3
[NX v21.4.1 Daemon Server] - 2025-09-13T19:37:49.505Z - Established a connection. Number of open connections: 4
[NX v21.4.1 Daemon Server] - 2025-09-13T19:37:49.507Z - [REQUEST]: Client Request for Project Graph Received
[NX v21.4.1 Daemon Server] - 2025-09-13T19:37:49.507Z - Recomputing project graph because of 1 updated and 0 deleted files.
[NX v21.4.1 Daemon Server] - 2025-09-13T19:37:49.508Z - [REQUEST]: Updated workspace context based on watched changes, recomputing project graph...
[NX v21.4.1 Daemon Server] - 2025-09-13T19:37:49.508Z - [REQUEST]: apps/admin/app/auth/verify-email.tsx
[NX v21.4.1 Daemon Server] - 2025-09-13T19:37:49.508Z - [REQUEST]: 
[NX v21.4.1 Daemon Server] - 2025-09-13T19:37:49.510Z - Time taken for 'hash changed files from watcher' 0.3364589996635914ms
Time for 'nx/core/project-json:createNodes' [33m1.0029579997062683[39m
Time for 'nx/core/package-json:createNodes' [33m1.2277499996125698[39m
Time for 'nx/js/dependencies-and-lockfile:createNodes' [33m7.441624999046326[39m
[NX v21.4.1 Daemon Server] - 2025-09-13T19:37:49.531Z - Time taken for 'build-project-configs' 17.808833999559283ms
Time for 'build typescript dependencies' [33m0.028582999482750893[39m
[NX v21.4.1 Daemon Server] - 2025-09-13T19:37:49.574Z - Wrote project graph cache to /Users/3bird/Documents/personal/studycourse/education-site-frontend/.nx/workspace-data/project-graph.json
[NX v21.4.1 Daemon Server] - 2025-09-13T19:37:49.574Z - [SYNC]: collect registered sync generators
[NX v21.4.1 Daemon Server] - 2025-09-13T19:37:49.574Z - [SYNC]: project graph hash is the same, not collecting task sync generators
[NX v21.4.1 Daemon Server] - 2025-09-13T19:37:49.574Z - [SYNC]: nx.json hash is the same, not collecting global sync generators
[NX v21.4.1 Daemon Server] - 2025-09-13T19:37:49.574Z - [REQUEST]: Responding to the client. project-graph
[NX v21.4.1 Daemon Server] - 2025-09-13T19:37:49.576Z - Time taken for 'total for creating and serializing project graph' 67.04504100047052ms
[NX v21.4.1 Daemon Server] - 2025-09-13T19:37:49.578Z - Done responding to the client project-graph
[NX v21.4.1 Daemon Server] - 2025-09-13T19:37:49.578Z - Handled REQUEST_PROJECT_GRAPH. Handling time: 67. Response time: 4.
[NX v21.4.1 Daemon Server] - 2025-09-13T19:37:49.583Z - [REQUEST]: Responding to the client. handleRunPreTasksExecution
[NX v21.4.1 Daemon Server] - 2025-09-13T19:37:49.583Z - Done responding to the client handleRunPreTasksExecution
[NX v21.4.1 Daemon Server] - 2025-09-13T19:37:49.583Z - Handled PRE_TASKS_EXECUTION. Handling time: 0. Response time: 0.
[NX v21.4.1 Daemon Server] - 2025-09-13T19:37:49.583Z - Time taken for 'preTasksExecution' 0.06483300030231476ms
[NX v21.4.1 Daemon Server] - 2025-09-13T19:37:49.651Z - Reusing in-memory cached project graph because no files changed.
DEBUG nx::native::tasks::task_hasher: plan length: 2
DEBUG nx::native::tasks::hashers::hash_workspace_files: Hashing workspace fileset{cache_key="nx.json,.gitignore,.nxignore"}: Adding "2913894268036001599" (".gitignore") to hash
DEBUG nx::native::tasks::hashers::hash_workspace_files: Hashing workspace fileset{cache_key="nx.json,.gitignore,.nxignore"}: Adding "3619439782444644385" ("nx.json") to hash
DEBUG nx::native::tasks::hashers::hash_workspace_files: Hashing workspace fileset{cache_key="nx.json,.gitignore,.nxignore"}: Hash Value: "12630403656253729768"
[NX v21.4.1 Daemon Server] - 2025-09-13T19:37:49.675Z - [REQUEST]: Responding to the client. handleHashTasks
[NX v21.4.1 Daemon Server] - 2025-09-13T19:37:49.676Z - Done responding to the client handleHashTasks
[NX v21.4.1 Daemon Server] - 2025-09-13T19:37:49.676Z - Handled HASH_TASKS. Handling time: 24. Response time: 1.
[NX v21.4.1 Daemon Server] - 2025-09-13T19:37:49.734Z - [REQUEST]: Responding to the client. handleGetEstimatedTaskTimings
[NX v21.4.1 Daemon Server] - 2025-09-13T19:37:49.734Z - Done responding to the client handleGetEstimatedTaskTimings
[NX v21.4.1 Daemon Server] - 2025-09-13T19:37:49.734Z - Handled GET_ESTIMATED_TASK_TIMINGS. Handling time: 0. Response time: 0.
[NX v21.4.1 Daemon Server] - 2025-09-13T19:37:49.740Z - [REQUEST]: Responding to the client. outputsHashesMatch
[NX v21.4.1 Daemon Server] - 2025-09-13T19:37:49.741Z - Done responding to the client outputsHashesMatch
[NX v21.4.1 Daemon Server] - 2025-09-13T19:37:49.741Z - Handled OUTPUTS_HASHES_MATCH. Handling time: 3. Response time: 1.
[NX v21.4.1 Daemon Server] - 2025-09-13T19:37:49.745Z - [REQUEST]: Responding to the client. recordOutputsHash
[NX v21.4.1 Daemon Server] - 2025-09-13T19:37:49.745Z - Done responding to the client recordOutputsHash
[NX v21.4.1 Daemon Server] - 2025-09-13T19:37:49.745Z - Handled RECORD_OUTPUTS_HASH. Handling time: 2. Response time: 0.
[NX v21.4.1 Daemon Server] - 2025-09-13T19:37:51.417Z - Established a connection. Number of open connections: 5
[NX v21.4.1 Daemon Server] - 2025-09-13T19:37:51.417Z - Established a connection. Number of open connections: 6
[NX v21.4.1 Daemon Server] - 2025-09-13T19:37:51.418Z - Closed a connection. Number of open connections: 5
[NX v21.4.1 Daemon Server] - 2025-09-13T19:37:51.420Z - [REQUEST]: Client Request for Project Graph Received
[NX v21.4.1 Daemon Server] - 2025-09-13T19:37:51.420Z - Reusing in-memory cached project graph because no files changed.
[NX v21.4.1 Daemon Server] - 2025-09-13T19:37:51.420Z - [REQUEST]: Responding to the client. project-graph
[NX v21.4.1 Daemon Server] - 2025-09-13T19:37:51.421Z - Time taken for 'total for creating and serializing project graph' 0.33429200015962124ms
[NX v21.4.1 Daemon Server] - 2025-09-13T19:37:51.423Z - Done responding to the client project-graph
[NX v21.4.1 Daemon Server] - 2025-09-13T19:37:51.423Z - Handled REQUEST_PROJECT_GRAPH. Handling time: 0. Response time: 3.
[NX v21.4.1 Daemon Server] - 2025-09-13T19:37:51.609Z - [REQUEST]: Client Request for Project Graph Received
[NX v21.4.1 Daemon Server] - 2025-09-13T19:37:51.609Z - Reusing in-memory cached project graph because no files changed.
[NX v21.4.1 Daemon Server] - 2025-09-13T19:37:51.609Z - [REQUEST]: Responding to the client. project-graph
[NX v21.4.1 Daemon Server] - 2025-09-13T19:37:51.610Z - Time taken for 'total for creating and serializing project graph' 0.17366600036621094ms
[NX v21.4.1 Daemon Server] - 2025-09-13T19:37:51.612Z - Done responding to the client project-graph
[NX v21.4.1 Daemon Server] - 2025-09-13T19:37:51.612Z - Handled REQUEST_PROJECT_GRAPH. Handling time: 0. Response time: 3.
[NX v21.4.1 Daemon Server] - 2025-09-13T19:37:51.707Z - [WATCHER]: Processing file changes in outputs
[NX v21.4.1 Daemon Server] - 2025-09-13T19:37:51.783Z - [WATCHER]: Processing file changes in outputs
[NX v21.4.1 Daemon Server] - 2025-09-13T19:37:56.343Z - [WATCHER]: Processing file changes in outputs
[NX v21.4.1 Daemon Server] - 2025-09-13T19:37:56.472Z - [WATCHER]: Processing file changes in outputs
[NX v21.4.1 Daemon Server] - 2025-09-13T19:37:57.732Z - [WATCHER]: Processing file changes in outputs
[NX v21.4.1 Daemon Server] - 2025-09-13T19:37:57.800Z - [WATCHER]: Processing file changes in outputs
[NX v21.4.1 Daemon Server] - 2025-09-13T19:37:57.859Z - [WATCHER]: Processing file changes in outputs
[NX v21.4.1 Daemon Server] - 2025-09-13T19:38:00.959Z - [WATCHER]: Processing file changes in outputs
[NX v21.4.1 Daemon Server] - 2025-09-13T19:38:02.208Z - [WATCHER]: Processing file changes in outputs
[NX v21.4.1 Daemon Server] - 2025-09-13T19:38:02.265Z - [WATCHER]: Processing file changes in outputs
[NX v21.4.1 Daemon Server] - 2025-09-13T19:38:05.242Z - [WATCHER]: Processing file changes in outputs
[NX v21.4.1 Daemon Server] - 2025-09-13T19:38:05.353Z - Closed a connection. Number of open connections: 4
[NX v21.4.1 Daemon Server] - 2025-09-13T19:38:05.388Z - [REQUEST]: Responding to the client. recordOutputsHash
[NX v21.4.1 Daemon Server] - 2025-09-13T19:38:05.388Z - Done responding to the client recordOutputsHash
[NX v21.4.1 Daemon Server] - 2025-09-13T19:38:05.389Z - Handled RECORD_OUTPUTS_HASH. Handling time: 8. Response time: 0.
[NX v21.4.1 Daemon Server] - 2025-09-13T19:38:05.399Z - [REQUEST]: Responding to the client. handleRecordTaskRuns
[NX v21.4.1 Daemon Server] - 2025-09-13T19:38:05.399Z - Done responding to the client handleRecordTaskRuns
[NX v21.4.1 Daemon Server] - 2025-09-13T19:38:05.399Z - Handled RECORD_TASK_RUNS. Handling time: 1. Response time: 0.
[NX v21.4.1 Daemon Server] - 2025-09-13T19:38:05.401Z - [REQUEST]: Responding to the client. handleGetFlakyTasks
[NX v21.4.1 Daemon Server] - 2025-09-13T19:38:05.401Z - Done responding to the client handleGetFlakyTasks
[NX v21.4.1 Daemon Server] - 2025-09-13T19:38:05.401Z - Handled GET_FLAKY_TASKS. Handling time: 1. Response time: 0.
[NX v21.4.1 Daemon Server] - 2025-09-13T19:38:05.406Z - [WATCHER]: Processing file changes in outputs
[NX v21.4.1 Daemon Server] - 2025-09-13T19:38:08.684Z - [REQUEST]: Responding to the client. handleRunPostTasksExecution
[NX v21.4.1 Daemon Server] - 2025-09-13T19:38:08.684Z - Done responding to the client handleRunPostTasksExecution
[NX v21.4.1 Daemon Server] - 2025-09-13T19:38:08.684Z - Handled POST_TASKS_EXECUTION. Handling time: 0. Response time: 0.
[NX v21.4.1 Daemon Server] - 2025-09-13T19:38:08.684Z - Time taken for 'postTasksExecution' 0.17591699957847595ms
[NX v21.4.1 Daemon Server] - 2025-09-13T19:38:08.690Z - Closed a connection. Number of open connections: 3
[NX v21.4.1 Daemon Server] - 2025-09-13T19:38:12.197Z - [WATCHER]: apps/admin/app/features/Blogs/Form/validation.ts was modified
[NX v21.4.1 Daemon Server] - 2025-09-13T19:38:12.197Z - [WATCHER]: Processing file changes in outputs
[NX v21.4.1 Daemon Server] - 2025-09-13T19:38:12.297Z - [REQUEST]: Updated workspace context based on watched changes, recomputing project graph...
[NX v21.4.1 Daemon Server] - 2025-09-13T19:38:12.297Z - [REQUEST]: apps/admin/app/features/Blogs/Form/validation.ts
[NX v21.4.1 Daemon Server] - 2025-09-13T19:38:12.297Z - [REQUEST]: 
[NX v21.4.1 Daemon Server] - 2025-09-13T19:38:12.300Z - Time taken for 'hash changed files from watcher' 0.3899999987334013ms
Time for 'nx/core/package-json:createNodes' [33m1.6591669991612434[39m
Time for 'nx/core/project-json:createNodes' [33m2.1215419992804527[39m
Time for 'nx/js/dependencies-and-lockfile:createNodes' [33m10.00037500075996[39m
[NX v21.4.1 Daemon Server] - 2025-09-13T19:38:12.323Z - Time taken for 'build-project-configs' 19.139542000368237ms
Time for 'build typescript dependencies' [33m5.057874999940395[39m
[NX v21.4.1 Daemon Server] - 2025-09-13T19:38:12.360Z - Wrote project graph cache to /Users/3bird/Documents/personal/studycourse/education-site-frontend/.nx/workspace-data/project-graph.json
[NX v21.4.1 Daemon Server] - 2025-09-13T19:38:12.360Z - [SYNC]: collect registered sync generators
[NX v21.4.1 Daemon Server] - 2025-09-13T19:38:12.361Z - [SYNC]: project graph hash is the same, not collecting task sync generators
[NX v21.4.1 Daemon Server] - 2025-09-13T19:38:12.361Z - [SYNC]: nx.json hash is the same, not collecting global sync generators
[NX v21.4.1 Daemon Server] - 2025-09-13T19:38:12.361Z - Time taken for 'total execution time for createProjectGraph()' 33.419541999697685ms
[NX v21.4.1 Daemon Server] - 2025-09-13T19:38:20.269Z - Established a connection. Number of open connections: 4
[NX v21.4.1 Daemon Server] - 2025-09-13T19:38:20.270Z - Closed a connection. Number of open connections: 3
[NX v21.4.1 Daemon Server] - 2025-09-13T19:38:20.270Z - Established a connection. Number of open connections: 4
[NX v21.4.1 Daemon Server] - 2025-09-13T19:38:20.272Z - [REQUEST]: Client Request for Project Graph Received
[NX v21.4.1 Daemon Server] - 2025-09-13T19:38:20.272Z - Reusing in-memory cached project graph because no files changed.
[NX v21.4.1 Daemon Server] - 2025-09-13T19:38:20.272Z - [REQUEST]: Responding to the client. project-graph
[NX v21.4.1 Daemon Server] - 2025-09-13T19:38:20.273Z - Time taken for 'total for creating and serializing project graph' 0.22400000132620335ms
[NX v21.4.1 Daemon Server] - 2025-09-13T19:38:20.275Z - Done responding to the client project-graph
[NX v21.4.1 Daemon Server] - 2025-09-13T19:38:20.275Z - Handled REQUEST_PROJECT_GRAPH. Handling time: 0. Response time: 3.
[NX v21.4.1 Daemon Server] - 2025-09-13T19:38:20.279Z - [REQUEST]: Responding to the client. handleRunPreTasksExecution
[NX v21.4.1 Daemon Server] - 2025-09-13T19:38:20.280Z - Done responding to the client handleRunPreTasksExecution
[NX v21.4.1 Daemon Server] - 2025-09-13T19:38:20.280Z - Handled PRE_TASKS_EXECUTION. Handling time: 0. Response time: 1.
[NX v21.4.1 Daemon Server] - 2025-09-13T19:38:20.280Z - Time taken for 'preTasksExecution' 0.053915999829769135ms
[NX v21.4.1 Daemon Server] - 2025-09-13T19:38:20.345Z - Reusing in-memory cached project graph because no files changed.
DEBUG nx::native::tasks::task_hasher: plan length: 2
DEBUG nx::native::tasks::hashers::hash_workspace_files: Hashing workspace fileset{cache_key="nx.json,.gitignore,.nxignore"}: Adding "2913894268036001599" (".gitignore") to hash
DEBUG nx::native::tasks::hashers::hash_workspace_files: Hashing workspace fileset{cache_key="nx.json,.gitignore,.nxignore"}: Adding "3619439782444644385" ("nx.json") to hash
DEBUG nx::native::tasks::hashers::hash_workspace_files: Hashing workspace fileset{cache_key="nx.json,.gitignore,.nxignore"}: Hash Value: "12630403656253729768"
[NX v21.4.1 Daemon Server] - 2025-09-13T19:38:20.368Z - [REQUEST]: Responding to the client. handleHashTasks
[NX v21.4.1 Daemon Server] - 2025-09-13T19:38:20.369Z - Done responding to the client handleHashTasks
[NX v21.4.1 Daemon Server] - 2025-09-13T19:38:20.369Z - Handled HASH_TASKS. Handling time: 23. Response time: 1.
[NX v21.4.1 Daemon Server] - 2025-09-13T19:38:20.424Z - [REQUEST]: Responding to the client. handleGetEstimatedTaskTimings
[NX v21.4.1 Daemon Server] - 2025-09-13T19:38:20.425Z - Done responding to the client handleGetEstimatedTaskTimings
[NX v21.4.1 Daemon Server] - 2025-09-13T19:38:20.425Z - Handled GET_ESTIMATED_TASK_TIMINGS. Handling time: 0. Response time: 1.
[NX v21.4.1 Daemon Server] - 2025-09-13T19:38:20.429Z - [REQUEST]: Responding to the client. outputsHashesMatch
[NX v21.4.1 Daemon Server] - 2025-09-13T19:38:20.429Z - Done responding to the client outputsHashesMatch
[NX v21.4.1 Daemon Server] - 2025-09-13T19:38:20.429Z - Handled OUTPUTS_HASHES_MATCH. Handling time: 2. Response time: 0.
[NX v21.4.1 Daemon Server] - 2025-09-13T19:38:20.432Z - [REQUEST]: Responding to the client. recordOutputsHash
[NX v21.4.1 Daemon Server] - 2025-09-13T19:38:20.432Z - Done responding to the client recordOutputsHash
[NX v21.4.1 Daemon Server] - 2025-09-13T19:38:20.432Z - Handled RECORD_OUTPUTS_HASH. Handling time: 2. Response time: 0.
[NX v21.4.1 Daemon Server] - 2025-09-13T19:38:21.804Z - Established a connection. Number of open connections: 5
[NX v21.4.1 Daemon Server] - 2025-09-13T19:38:21.805Z - Closed a connection. Number of open connections: 4
[NX v21.4.1 Daemon Server] - 2025-09-13T19:38:21.806Z - Established a connection. Number of open connections: 5
[NX v21.4.1 Daemon Server] - 2025-09-13T19:38:21.806Z - [REQUEST]: Client Request for Project Graph Received
[NX v21.4.1 Daemon Server] - 2025-09-13T19:38:21.806Z - Reusing in-memory cached project graph because no files changed.
[NX v21.4.1 Daemon Server] - 2025-09-13T19:38:21.806Z - [REQUEST]: Responding to the client. project-graph
[NX v21.4.1 Daemon Server] - 2025-09-13T19:38:21.807Z - Time taken for 'total for creating and serializing project graph' 0.1136659998446703ms
[NX v21.4.1 Daemon Server] - 2025-09-13T19:38:21.809Z - Done responding to the client project-graph
[NX v21.4.1 Daemon Server] - 2025-09-13T19:38:21.809Z - Handled REQUEST_PROJECT_GRAPH. Handling time: 0. Response time: 3.
[NX v21.4.1 Daemon Server] - 2025-09-13T19:38:21.968Z - [REQUEST]: Client Request for Project Graph Received
[NX v21.4.1 Daemon Server] - 2025-09-13T19:38:21.968Z - Reusing in-memory cached project graph because no files changed.
[NX v21.4.1 Daemon Server] - 2025-09-13T19:38:21.968Z - [REQUEST]: Responding to the client. project-graph
[NX v21.4.1 Daemon Server] - 2025-09-13T19:38:21.970Z - Time taken for 'total for creating and serializing project graph' 0.19629199989140034ms
[NX v21.4.1 Daemon Server] - 2025-09-13T19:38:21.971Z - Done responding to the client project-graph
[NX v21.4.1 Daemon Server] - 2025-09-13T19:38:21.971Z - Handled REQUEST_PROJECT_GRAPH. Handling time: 0. Response time: 3.
[NX v21.4.1 Daemon Server] - 2025-09-13T19:38:22.049Z - [WATCHER]: Processing file changes in outputs
[NX v21.4.1 Daemon Server] - 2025-09-13T19:38:22.110Z - [WATCHER]: Processing file changes in outputs
[NX v21.4.1 Daemon Server] - 2025-09-13T19:38:25.176Z - [WATCHER]: Processing file changes in outputs
[NX v21.4.1 Daemon Server] - 2025-09-13T19:38:25.288Z - [WATCHER]: Processing file changes in outputs
[NX v21.4.1 Daemon Server] - 2025-09-13T19:38:25.455Z - [WATCHER]: Processing file changes in outputs
[NX v21.4.1 Daemon Server] - 2025-09-13T19:38:25.510Z - [WATCHER]: Processing file changes in outputs
[NX v21.4.1 Daemon Server] - 2025-09-13T19:38:25.570Z - [WATCHER]: Processing file changes in outputs
[NX v21.4.1 Daemon Server] - 2025-09-13T19:38:28.909Z - [WATCHER]: Processing file changes in outputs
[NX v21.4.1 Daemon Server] - 2025-09-13T19:38:29.709Z - [WATCHER]: Processing file changes in outputs
[NX v21.4.1 Daemon Server] - 2025-09-13T19:38:29.776Z - [WATCHER]: Processing file changes in outputs
[NX v21.4.1 Daemon Server] - 2025-09-13T19:38:31.916Z - [WATCHER]: Processing file changes in outputs
[NX v21.4.1 Daemon Server] - 2025-09-13T19:38:32.064Z - Closed a connection. Number of open connections: 4
[NX v21.4.1 Daemon Server] - 2025-09-13T19:38:32.091Z - [REQUEST]: Responding to the client. recordOutputsHash
[NX v21.4.1 Daemon Server] - 2025-09-13T19:38:32.092Z - Done responding to the client recordOutputsHash
[NX v21.4.1 Daemon Server] - 2025-09-13T19:38:32.092Z - Handled RECORD_OUTPUTS_HASH. Handling time: 7. Response time: 1.
[NX v21.4.1 Daemon Server] - 2025-09-13T19:38:32.100Z - [REQUEST]: Responding to the client. handleRecordTaskRuns
[NX v21.4.1 Daemon Server] - 2025-09-13T19:38:32.100Z - Done responding to the client handleRecordTaskRuns
[NX v21.4.1 Daemon Server] - 2025-09-13T19:38:32.100Z - Handled RECORD_TASK_RUNS. Handling time: 1. Response time: 1.
[NX v21.4.1 Daemon Server] - 2025-09-13T19:38:32.101Z - [REQUEST]: Responding to the client. handleGetFlakyTasks
[NX v21.4.1 Daemon Server] - 2025-09-13T19:38:32.101Z - Done responding to the client handleGetFlakyTasks
[NX v21.4.1 Daemon Server] - 2025-09-13T19:38:32.101Z - Handled GET_FLAKY_TASKS. Handling time: 0. Response time: 0.
[NX v21.4.1 Daemon Server] - 2025-09-13T19:38:32.126Z - [WATCHER]: Processing file changes in outputs
[NX v21.4.1 Daemon Server] - 2025-09-13T19:38:35.350Z - [REQUEST]: Responding to the client. handleRunPostTasksExecution
[NX v21.4.1 Daemon Server] - 2025-09-13T19:38:35.351Z - Done responding to the client handleRunPostTasksExecution
[NX v21.4.1 Daemon Server] - 2025-09-13T19:38:35.351Z - Handled POST_TASKS_EXECUTION. Handling time: 0. Response time: 1.
[NX v21.4.1 Daemon Server] - 2025-09-13T19:38:35.351Z - Time taken for 'postTasksExecution' 0.2712910007685423ms
[NX v21.4.1 Daemon Server] - 2025-09-13T19:38:35.357Z - Closed a connection. Number of open connections: 3
[NX v21.4.1 Daemon Server] - 2025-09-13T19:38:44.072Z - [WATCHER]: Processing file changes in outputs
[NX v21.4.1 Daemon Server] - 2025-09-13T19:38:44.073Z - [WATCHER]: apps/admin/app/features/University/Form/components/university.tsx was modified
[NX v21.4.1 Daemon Server] - 2025-09-13T19:38:44.174Z - [REQUEST]: Updated workspace context based on watched changes, recomputing project graph...
[NX v21.4.1 Daemon Server] - 2025-09-13T19:38:44.174Z - [REQUEST]: apps/admin/app/features/University/Form/components/university.tsx
[NX v21.4.1 Daemon Server] - 2025-09-13T19:38:44.174Z - [REQUEST]: 
[NX v21.4.1 Daemon Server] - 2025-09-13T19:38:44.177Z - Time taken for 'hash changed files from watcher' 0.5501250009983778ms
Time for 'nx/core/package-json:createNodes' [33m5.674000000581145[39m
Time for 'nx/core/project-json:createNodes' [33m3.6381249986588955[39m
Time for 'nx/js/dependencies-and-lockfile:createNodes' [33m16.300499999895692[39m
[NX v21.4.1 Daemon Server] - 2025-09-13T19:38:44.209Z - Time taken for 'build-project-configs' 29.338291000574827ms
Time for 'build typescript dependencies' [33m8.99074999988079[39m
[NX v21.4.1 Daemon Server] - 2025-09-13T19:38:44.258Z - Wrote project graph cache to /Users/3bird/Documents/personal/studycourse/education-site-frontend/.nx/workspace-data/project-graph.json
[NX v21.4.1 Daemon Server] - 2025-09-13T19:38:44.258Z - [SYNC]: collect registered sync generators
[NX v21.4.1 Daemon Server] - 2025-09-13T19:38:44.258Z - [SYNC]: project graph hash is the same, not collecting task sync generators
[NX v21.4.1 Daemon Server] - 2025-09-13T19:38:44.258Z - [SYNC]: nx.json hash is the same, not collecting global sync generators
[NX v21.4.1 Daemon Server] - 2025-09-13T19:38:44.258Z - Time taken for 'total execution time for createProjectGraph()' 43.11250000074506ms
[NX v21.4.1 Daemon Server] - 2025-09-13T19:38:46.591Z - [WATCHER]: apps/admin/app/features/University/Form/components/university.tsx was modified
[NX v21.4.1 Daemon Server] - 2025-09-13T19:38:46.592Z - [WATCHER]: Processing file changes in outputs
[NX v21.4.1 Daemon Server] - 2025-09-13T19:38:46.792Z - [REQUEST]: Updated workspace context based on watched changes, recomputing project graph...
[NX v21.4.1 Daemon Server] - 2025-09-13T19:38:46.793Z - [REQUEST]: apps/admin/app/features/University/Form/components/university.tsx
[NX v21.4.1 Daemon Server] - 2025-09-13T19:38:46.793Z - [REQUEST]: 
[NX v21.4.1 Daemon Server] - 2025-09-13T19:38:46.794Z - Time taken for 'hash changed files from watcher' 0.40595800057053566ms
Time for 'nx/core/package-json:createNodes' [33m0.9545830003917217[39m
Time for 'nx/core/project-json:createNodes' [33m0.71429199911654[39m
Time for 'nx/js/dependencies-and-lockfile:createNodes' [33m7.33924999833107[39m
[NX v21.4.1 Daemon Server] - 2025-09-13T19:38:46.812Z - Time taken for 'build-project-configs' 14.567416999489069ms
Time for 'build typescript dependencies' [33m4.850124999880791[39m
[NX v21.4.1 Daemon Server] - 2025-09-13T19:38:46.854Z - Wrote project graph cache to /Users/3bird/Documents/personal/studycourse/education-site-frontend/.nx/workspace-data/project-graph.json
[NX v21.4.1 Daemon Server] - 2025-09-13T19:38:46.854Z - [SYNC]: collect registered sync generators
[NX v21.4.1 Daemon Server] - 2025-09-13T19:38:46.854Z - [SYNC]: project graph hash is the same, not collecting task sync generators
[NX v21.4.1 Daemon Server] - 2025-09-13T19:38:46.854Z - [SYNC]: nx.json hash is the same, not collecting global sync generators
[NX v21.4.1 Daemon Server] - 2025-09-13T19:38:46.854Z - Time taken for 'total execution time for createProjectGraph()' 36.58191700093448ms
[NX v21.4.1 Daemon Server] - 2025-09-13T19:38:56.332Z - [WATCHER]: Processing file changes in outputs
[NX v21.4.1 Daemon Server] - 2025-09-13T19:38:56.333Z - [WATCHER]: apps/admin/app/features/University/Form/components/university.tsx was modified
[NX v21.4.1 Daemon Server] - 2025-09-13T19:38:56.735Z - [REQUEST]: Updated workspace context based on watched changes, recomputing project graph...
[NX v21.4.1 Daemon Server] - 2025-09-13T19:38:56.735Z - [REQUEST]: apps/admin/app/features/University/Form/components/university.tsx
[NX v21.4.1 Daemon Server] - 2025-09-13T19:38:56.735Z - [REQUEST]: 
[NX v21.4.1 Daemon Server] - 2025-09-13T19:38:56.737Z - Time taken for 'hash changed files from watcher' 0.4907079990953207ms
Time for 'nx/core/package-json:createNodes' [33m1.0813750009983778[39m
Time for 'nx/core/project-json:createNodes' [33m1.0630409996956587[39m
Time for 'nx/js/dependencies-and-lockfile:createNodes' [33m7.644249999895692[39m
[NX v21.4.1 Daemon Server] - 2025-09-13T19:38:56.758Z - Time taken for 'build-project-configs' 16.700083000585437ms
Time for 'build typescript dependencies' [33m0.014667000621557236[39m
[NX v21.4.1 Daemon Server] - 2025-09-13T19:38:56.787Z - Wrote project graph cache to /Users/3bird/Documents/personal/studycourse/education-site-frontend/.nx/workspace-data/project-graph.json
[NX v21.4.1 Daemon Server] - 2025-09-13T19:38:56.787Z - [SYNC]: collect registered sync generators
[NX v21.4.1 Daemon Server] - 2025-09-13T19:38:56.787Z - [SYNC]: project graph hash is the same, not collecting task sync generators
[NX v21.4.1 Daemon Server] - 2025-09-13T19:38:56.787Z - [SYNC]: nx.json hash is the same, not collecting global sync generators
[NX v21.4.1 Daemon Server] - 2025-09-13T19:38:56.787Z - Time taken for 'total execution time for createProjectGraph()' 24.03599999845028ms
[NX v21.4.1 Daemon Server] - 2025-09-13T19:38:59.100Z - Established a connection. Number of open connections: 4
[NX v21.4.1 Daemon Server] - 2025-09-13T19:38:59.101Z - Closed a connection. Number of open connections: 3
[NX v21.4.1 Daemon Server] - 2025-09-13T19:38:59.101Z - Established a connection. Number of open connections: 4
[NX v21.4.1 Daemon Server] - 2025-09-13T19:38:59.102Z - [REQUEST]: Client Request for Project Graph Received
[NX v21.4.1 Daemon Server] - 2025-09-13T19:38:59.102Z - Reusing in-memory cached project graph because no files changed.
[NX v21.4.1 Daemon Server] - 2025-09-13T19:38:59.103Z - [REQUEST]: Responding to the client. project-graph
[NX v21.4.1 Daemon Server] - 2025-09-13T19:38:59.104Z - Time taken for 'total for creating and serializing project graph' 0.15479199960827827ms
[NX v21.4.1 Daemon Server] - 2025-09-13T19:38:59.105Z - Done responding to the client project-graph
[NX v21.4.1 Daemon Server] - 2025-09-13T19:38:59.105Z - Handled REQUEST_PROJECT_GRAPH. Handling time: 1. Response time: 2.
[NX v21.4.1 Daemon Server] - 2025-09-13T19:38:59.110Z - [REQUEST]: Responding to the client. handleRunPreTasksExecution
[NX v21.4.1 Daemon Server] - 2025-09-13T19:38:59.110Z - Done responding to the client handleRunPreTasksExecution
[NX v21.4.1 Daemon Server] - 2025-09-13T19:38:59.110Z - Handled PRE_TASKS_EXECUTION. Handling time: 1. Response time: 0.
[NX v21.4.1 Daemon Server] - 2025-09-13T19:38:59.110Z - Time taken for 'preTasksExecution' 0.06645899824798107ms
[NX v21.4.1 Daemon Server] - 2025-09-13T19:38:59.176Z - Reusing in-memory cached project graph because no files changed.
DEBUG nx::native::tasks::task_hasher: plan length: 2
DEBUG nx::native::tasks::hashers::hash_workspace_files: Hashing workspace fileset{cache_key="nx.json,.gitignore,.nxignore"}: Adding "2913894268036001599" (".gitignore") to hash
DEBUG nx::native::tasks::hashers::hash_workspace_files: Hashing workspace fileset{cache_key="nx.json,.gitignore,.nxignore"}: Adding "3619439782444644385" ("nx.json") to hash
DEBUG nx::native::tasks::hashers::hash_workspace_files: Hashing workspace fileset{cache_key="nx.json,.gitignore,.nxignore"}: Hash Value: "12630403656253729768"
[NX v21.4.1 Daemon Server] - 2025-09-13T19:38:59.199Z - [REQUEST]: Responding to the client. handleHashTasks
[NX v21.4.1 Daemon Server] - 2025-09-13T19:38:59.205Z - Done responding to the client handleHashTasks
[NX v21.4.1 Daemon Server] - 2025-09-13T19:38:59.205Z - Handled HASH_TASKS. Handling time: 23. Response time: 6.
[NX v21.4.1 Daemon Server] - 2025-09-13T19:38:59.257Z - [REQUEST]: Responding to the client. handleGetEstimatedTaskTimings
[NX v21.4.1 Daemon Server] - 2025-09-13T19:38:59.257Z - Done responding to the client handleGetEstimatedTaskTimings
[NX v21.4.1 Daemon Server] - 2025-09-13T19:38:59.257Z - Handled GET_ESTIMATED_TASK_TIMINGS. Handling time: 0. Response time: 0.
[NX v21.4.1 Daemon Server] - 2025-09-13T19:38:59.263Z - [REQUEST]: Responding to the client. outputsHashesMatch
[NX v21.4.1 Daemon Server] - 2025-09-13T19:38:59.263Z - Done responding to the client outputsHashesMatch
[NX v21.4.1 Daemon Server] - 2025-09-13T19:38:59.263Z - Handled OUTPUTS_HASHES_MATCH. Handling time: 3. Response time: 0.
[NX v21.4.1 Daemon Server] - 2025-09-13T19:38:59.268Z - [REQUEST]: Responding to the client. recordOutputsHash
[NX v21.4.1 Daemon Server] - 2025-09-13T19:38:59.268Z - Done responding to the client recordOutputsHash
[NX v21.4.1 Daemon Server] - 2025-09-13T19:38:59.268Z - Handled RECORD_OUTPUTS_HASH. Handling time: 3. Response time: 0.
[NX v21.4.1 Daemon Server] - 2025-09-13T19:39:00.711Z - Established a connection. Number of open connections: 5
[NX v21.4.1 Daemon Server] - 2025-09-13T19:39:00.712Z - Closed a connection. Number of open connections: 4
[NX v21.4.1 Daemon Server] - 2025-09-13T19:39:00.712Z - Established a connection. Number of open connections: 5
[NX v21.4.1 Daemon Server] - 2025-09-13T19:39:00.713Z - [REQUEST]: Client Request for Project Graph Received
[NX v21.4.1 Daemon Server] - 2025-09-13T19:39:00.713Z - Reusing in-memory cached project graph because no files changed.
[NX v21.4.1 Daemon Server] - 2025-09-13T19:39:00.713Z - [REQUEST]: Responding to the client. project-graph
[NX v21.4.1 Daemon Server] - 2025-09-13T19:39:00.714Z - Time taken for 'total for creating and serializing project graph' 0.15895900130271912ms
[NX v21.4.1 Daemon Server] - 2025-09-13T19:39:00.716Z - Done responding to the client project-graph
[NX v21.4.1 Daemon Server] - 2025-09-13T19:39:00.716Z - Handled REQUEST_PROJECT_GRAPH. Handling time: 0. Response time: 3.
[NX v21.4.1 Daemon Server] - 2025-09-13T19:39:00.897Z - [REQUEST]: Client Request for Project Graph Received
[NX v21.4.1 Daemon Server] - 2025-09-13T19:39:00.898Z - Reusing in-memory cached project graph because no files changed.
[NX v21.4.1 Daemon Server] - 2025-09-13T19:39:00.898Z - [REQUEST]: Responding to the client. project-graph
[NX v21.4.1 Daemon Server] - 2025-09-13T19:39:00.899Z - Time taken for 'total for creating and serializing project graph' 0.16420799866318703ms
[NX v21.4.1 Daemon Server] - 2025-09-13T19:39:00.900Z - Done responding to the client project-graph
[NX v21.4.1 Daemon Server] - 2025-09-13T19:39:00.900Z - Handled REQUEST_PROJECT_GRAPH. Handling time: 1. Response time: 2.
[NX v21.4.1 Daemon Server] - 2025-09-13T19:39:00.987Z - [WATCHER]: Processing file changes in outputs
[NX v21.4.1 Daemon Server] - 2025-09-13T19:39:04.187Z - [WATCHER]: Processing file changes in outputs
[NX v21.4.1 Daemon Server] - 2025-09-13T19:39:04.307Z - [WATCHER]: Processing file changes in outputs
[NX v21.4.1 Daemon Server] - 2025-09-13T19:39:04.483Z - [WATCHER]: Processing file changes in outputs
[NX v21.4.1 Daemon Server] - 2025-09-13T19:39:04.538Z - [WATCHER]: Processing file changes in outputs
[NX v21.4.1 Daemon Server] - 2025-09-13T19:39:04.597Z - [WATCHER]: Processing file changes in outputs
[NX v21.4.1 Daemon Server] - 2025-09-13T19:39:07.415Z - [WATCHER]: Processing file changes in outputs
[NX v21.4.1 Daemon Server] - 2025-09-13T19:39:07.573Z - [WATCHER]: Processing file changes in outputs
[NX v21.4.1 Daemon Server] - 2025-09-13T19:39:10.418Z - [WATCHER]: Processing file changes in outputs
[NX v21.4.1 Daemon Server] - 2025-09-13T19:39:10.504Z - Closed a connection. Number of open connections: 4
[NX v21.4.1 Daemon Server] - 2025-09-13T19:39:10.523Z - [REQUEST]: Responding to the client. recordOutputsHash
[NX v21.4.1 Daemon Server] - 2025-09-13T19:39:10.523Z - Done responding to the client recordOutputsHash
[NX v21.4.1 Daemon Server] - 2025-09-13T19:39:10.523Z - Handled RECORD_OUTPUTS_HASH. Handling time: 4. Response time: 0.
[NX v21.4.1 Daemon Server] - 2025-09-13T19:39:10.526Z - [REQUEST]: Responding to the client. handleRecordTaskRuns
[NX v21.4.1 Daemon Server] - 2025-09-13T19:39:10.526Z - Done responding to the client handleRecordTaskRuns
[NX v21.4.1 Daemon Server] - 2025-09-13T19:39:10.526Z - Handled RECORD_TASK_RUNS. Handling time: 1. Response time: 0.
[NX v21.4.1 Daemon Server] - 2025-09-13T19:39:10.527Z - [REQUEST]: Responding to the client. handleGetFlakyTasks
[NX v21.4.1 Daemon Server] - 2025-09-13T19:39:10.527Z - Done responding to the client handleGetFlakyTasks
[NX v21.4.1 Daemon Server] - 2025-09-13T19:39:10.527Z - Handled GET_FLAKY_TASKS. Handling time: 0. Response time: 0.
[NX v21.4.1 Daemon Server] - 2025-09-13T19:39:10.568Z - [WATCHER]: Processing file changes in outputs
[NX v21.4.1 Daemon Server] - 2025-09-13T19:39:13.789Z - [REQUEST]: Responding to the client. handleRunPostTasksExecution
[NX v21.4.1 Daemon Server] - 2025-09-13T19:39:13.789Z - Done responding to the client handleRunPostTasksExecution
[NX v21.4.1 Daemon Server] - 2025-09-13T19:39:13.789Z - Handled POST_TASKS_EXECUTION. Handling time: 0. Response time: 0.
[NX v21.4.1 Daemon Server] - 2025-09-13T19:39:13.789Z - Time taken for 'postTasksExecution' 0.1413749996572733ms
[NX v21.4.1 Daemon Server] - 2025-09-13T19:39:13.795Z - Closed a connection. Number of open connections: 3
[NX v21.4.1 Daemon Server] - 2025-09-13T19:39:17.420Z - [WATCHER]: apps/admin/app/features/University/Form/components/university.tsx was modified
[NX v21.4.1 Daemon Server] - 2025-09-13T19:39:17.420Z - [WATCHER]: Processing file changes in outputs
[NX v21.4.1 Daemon Server] - 2025-09-13T19:39:17.521Z - [REQUEST]: Updated workspace context based on watched changes, recomputing project graph...
[NX v21.4.1 Daemon Server] - 2025-09-13T19:39:17.521Z - [REQUEST]: apps/admin/app/features/University/Form/components/university.tsx
[NX v21.4.1 Daemon Server] - 2025-09-13T19:39:17.521Z - [REQUEST]: 
[NX v21.4.1 Daemon Server] - 2025-09-13T19:39:17.523Z - Time taken for 'hash changed files from watcher' 0.3623329997062683ms
Time for 'nx/core/package-json:createNodes' [33m1.48204099945724[39m
Time for 'nx/core/project-json:createNodes' [33m1.972791001200676[39m
Time for 'nx/js/dependencies-and-lockfile:createNodes' [33m10.73220800049603[39m
[NX v21.4.1 Daemon Server] - 2025-09-13T19:39:17.548Z - Time taken for 'build-project-configs' 20.683875000104308ms
Time for 'build typescript dependencies' [33m6.702124999836087[39m
[NX v21.4.1 Daemon Server] - 2025-09-13T19:39:17.585Z - Wrote project graph cache to /Users/3bird/Documents/personal/studycourse/education-site-frontend/.nx/workspace-data/project-graph.json
[NX v21.4.1 Daemon Server] - 2025-09-13T19:39:17.585Z - [SYNC]: collect registered sync generators
[NX v21.4.1 Daemon Server] - 2025-09-13T19:39:17.585Z - [SYNC]: project graph hash is the same, not collecting task sync generators
[NX v21.4.1 Daemon Server] - 2025-09-13T19:39:17.585Z - [SYNC]: nx.json hash is the same, not collecting global sync generators
[NX v21.4.1 Daemon Server] - 2025-09-13T19:39:17.585Z - Time taken for 'total execution time for createProjectGraph()' 31.403957998380065ms
[NX v21.4.1 Daemon Server] - 2025-09-13T19:39:22.409Z - [WATCHER]: apps/admin/app/features/University/Form/components/university.tsx was modified
[NX v21.4.1 Daemon Server] - 2025-09-13T19:39:22.409Z - [WATCHER]: Processing file changes in outputs
[NX v21.4.1 Daemon Server] - 2025-09-13T19:39:22.609Z - [REQUEST]: Updated workspace context based on watched changes, recomputing project graph...
[NX v21.4.1 Daemon Server] - 2025-09-13T19:39:22.609Z - [REQUEST]: apps/admin/app/features/University/Form/components/university.tsx
[NX v21.4.1 Daemon Server] - 2025-09-13T19:39:22.609Z - [REQUEST]: 
[NX v21.4.1 Daemon Server] - 2025-09-13T19:39:22.611Z - Time taken for 'hash changed files from watcher' 0.2890829984098673ms
Time for 'nx/core/project-json:createNodes' [33m0.545957999303937[39m
Time for 'nx/core/package-json:createNodes' [33m0.6279160007834435[39m
Time for 'nx/js/dependencies-and-lockfile:createNodes' [33m10.293124999850988[39m
[NX v21.4.1 Daemon Server] - 2025-09-13T19:39:22.633Z - Time taken for 'build-project-configs' 18.317332999780774ms
Time for 'build typescript dependencies' [33m0.012916000559926033[39m
[NX v21.4.1 Daemon Server] - 2025-09-13T19:39:22.662Z - Wrote project graph cache to /Users/3bird/Documents/personal/studycourse/education-site-frontend/.nx/workspace-data/project-graph.json
[NX v21.4.1 Daemon Server] - 2025-09-13T19:39:22.662Z - [SYNC]: collect registered sync generators
[NX v21.4.1 Daemon Server] - 2025-09-13T19:39:22.662Z - [SYNC]: project graph hash is the same, not collecting task sync generators
[NX v21.4.1 Daemon Server] - 2025-09-13T19:39:22.662Z - [SYNC]: nx.json hash is the same, not collecting global sync generators
[NX v21.4.1 Daemon Server] - 2025-09-13T19:39:22.662Z - Time taken for 'total execution time for createProjectGraph()' 24.04745800048113ms
[NX v21.4.1 Daemon Server] - 2025-09-13T19:39:25.624Z - Established a connection. Number of open connections: 4
[NX v21.4.1 Daemon Server] - 2025-09-13T19:39:25.625Z - Closed a connection. Number of open connections: 3
[NX v21.4.1 Daemon Server] - 2025-09-13T19:39:25.625Z - Established a connection. Number of open connections: 4
[NX v21.4.1 Daemon Server] - 2025-09-13T19:39:25.626Z - [REQUEST]: Client Request for Project Graph Received
[NX v21.4.1 Daemon Server] - 2025-09-13T19:39:25.627Z - Reusing in-memory cached project graph because no files changed.
[NX v21.4.1 Daemon Server] - 2025-09-13T19:39:25.627Z - [REQUEST]: Responding to the client. project-graph
[NX v21.4.1 Daemon Server] - 2025-09-13T19:39:25.628Z - Time taken for 'total for creating and serializing project graph' 0.2198750004172325ms
[NX v21.4.1 Daemon Server] - 2025-09-13T19:39:25.630Z - Done responding to the client project-graph
[NX v21.4.1 Daemon Server] - 2025-09-13T19:39:25.630Z - Handled REQUEST_PROJECT_GRAPH. Handling time: 1. Response time: 3.
[NX v21.4.1 Daemon Server] - 2025-09-13T19:39:25.635Z - [REQUEST]: Responding to the client. handleRunPreTasksExecution
[NX v21.4.1 Daemon Server] - 2025-09-13T19:39:25.635Z - Done responding to the client handleRunPreTasksExecution
[NX v21.4.1 Daemon Server] - 2025-09-13T19:39:25.635Z - Handled PRE_TASKS_EXECUTION. Handling time: 1. Response time: 0.
[NX v21.4.1 Daemon Server] - 2025-09-13T19:39:25.635Z - Time taken for 'preTasksExecution' 0.05716699920594692ms
[NX v21.4.1 Daemon Server] - 2025-09-13T19:39:25.703Z - Reusing in-memory cached project graph because no files changed.
DEBUG nx::native::tasks::task_hasher: plan length: 2
DEBUG nx::native::tasks::hashers::hash_workspace_files: Hashing workspace fileset{cache_key="nx.json,.gitignore,.nxignore"}: Adding "2913894268036001599" (".gitignore") to hash
DEBUG nx::native::tasks::hashers::hash_workspace_files: Hashing workspace fileset{cache_key="nx.json,.gitignore,.nxignore"}: Adding "3619439782444644385" ("nx.json") to hash
DEBUG nx::native::tasks::hashers::hash_workspace_files: Hashing workspace fileset{cache_key="nx.json,.gitignore,.nxignore"}: Hash Value: "12630403656253729768"
[NX v21.4.1 Daemon Server] - 2025-09-13T19:39:25.725Z - [REQUEST]: Responding to the client. handleHashTasks
[NX v21.4.1 Daemon Server] - 2025-09-13T19:39:25.726Z - Done responding to the client handleHashTasks
[NX v21.4.1 Daemon Server] - 2025-09-13T19:39:25.726Z - Handled HASH_TASKS. Handling time: 22. Response time: 1.
[NX v21.4.1 Daemon Server] - 2025-09-13T19:39:25.793Z - [REQUEST]: Responding to the client. handleGetEstimatedTaskTimings
[NX v21.4.1 Daemon Server] - 2025-09-13T19:39:25.793Z - Done responding to the client handleGetEstimatedTaskTimings
[NX v21.4.1 Daemon Server] - 2025-09-13T19:39:25.793Z - Handled GET_ESTIMATED_TASK_TIMINGS. Handling time: 0. Response time: 0.
[NX v21.4.1 Daemon Server] - 2025-09-13T19:39:25.798Z - [REQUEST]: Responding to the client. outputsHashesMatch
[NX v21.4.1 Daemon Server] - 2025-09-13T19:39:25.798Z - Done responding to the client outputsHashesMatch
[NX v21.4.1 Daemon Server] - 2025-09-13T19:39:25.798Z - Handled OUTPUTS_HASHES_MATCH. Handling time: 2. Response time: 0.
[NX v21.4.1 Daemon Server] - 2025-09-13T19:39:25.801Z - [REQUEST]: Responding to the client. recordOutputsHash
[NX v21.4.1 Daemon Server] - 2025-09-13T19:39:25.801Z - Done responding to the client recordOutputsHash
[NX v21.4.1 Daemon Server] - 2025-09-13T19:39:25.801Z - Handled RECORD_OUTPUTS_HASH. Handling time: 2. Response time: 0.
[NX v21.4.1 Daemon Server] - 2025-09-13T19:39:27.121Z - Established a connection. Number of open connections: 5
[NX v21.4.1 Daemon Server] - 2025-09-13T19:39:27.121Z - Closed a connection. Number of open connections: 4
[NX v21.4.1 Daemon Server] - 2025-09-13T19:39:27.121Z - Established a connection. Number of open connections: 5
[NX v21.4.1 Daemon Server] - 2025-09-13T19:39:27.123Z - [REQUEST]: Client Request for Project Graph Received
[NX v21.4.1 Daemon Server] - 2025-09-13T19:39:27.123Z - Reusing in-memory cached project graph because no files changed.
[NX v21.4.1 Daemon Server] - 2025-09-13T19:39:27.123Z - [REQUEST]: Responding to the client. project-graph
[NX v21.4.1 Daemon Server] - 2025-09-13T19:39:27.124Z - Time taken for 'total for creating and serializing project graph' 0.12383299879729748ms
[NX v21.4.1 Daemon Server] - 2025-09-13T19:39:27.126Z - Done responding to the client project-graph
[NX v21.4.1 Daemon Server] - 2025-09-13T19:39:27.126Z - Handled REQUEST_PROJECT_GRAPH. Handling time: 0. Response time: 3.
[NX v21.4.1 Daemon Server] - 2025-09-13T19:39:27.286Z - [REQUEST]: Client Request for Project Graph Received
[NX v21.4.1 Daemon Server] - 2025-09-13T19:39:27.286Z - Reusing in-memory cached project graph because no files changed.
[NX v21.4.1 Daemon Server] - 2025-09-13T19:39:27.286Z - [REQUEST]: Responding to the client. project-graph
[NX v21.4.1 Daemon Server] - 2025-09-13T19:39:27.287Z - Time taken for 'total for creating and serializing project graph' 0.16141600161790848ms
[NX v21.4.1 Daemon Server] - 2025-09-13T19:39:27.289Z - Done responding to the client project-graph
[NX v21.4.1 Daemon Server] - 2025-09-13T19:39:27.289Z - Handled REQUEST_PROJECT_GRAPH. Handling time: 0. Response time: 3.
[NX v21.4.1 Daemon Server] - 2025-09-13T19:39:27.368Z - [WATCHER]: Processing file changes in outputs
[NX v21.4.1 Daemon Server] - 2025-09-13T19:39:27.419Z - [WATCHER]: Processing file changes in outputs
[NX v21.4.1 Daemon Server] - 2025-09-13T19:39:30.514Z - [WATCHER]: Processing file changes in outputs
[NX v21.4.1 Daemon Server] - 2025-09-13T19:39:30.621Z - [WATCHER]: Processing file changes in outputs
[NX v21.4.1 Daemon Server] - 2025-09-13T19:39:30.777Z - [WATCHER]: Processing file changes in outputs
[NX v21.4.1 Daemon Server] - 2025-09-13T19:39:30.836Z - [WATCHER]: Processing file changes in outputs
[NX v21.4.1 Daemon Server] - 2025-09-13T19:39:30.904Z - [WATCHER]: Processing file changes in outputs
[NX v21.4.1 Daemon Server] - 2025-09-13T19:39:33.346Z - [WATCHER]: Processing file changes in outputs
[NX v21.4.1 Daemon Server] - 2025-09-13T19:39:33.978Z - [WATCHER]: Processing file changes in outputs
[NX v21.4.1 Daemon Server] - 2025-09-13T19:39:37.223Z - [WATCHER]: Processing file changes in outputs
[NX v21.4.1 Daemon Server] - 2025-09-13T19:39:37.323Z - Closed a connection. Number of open connections: 4
[NX v21.4.1 Daemon Server] - 2025-09-13T19:39:37.343Z - [REQUEST]: Responding to the client. recordOutputsHash
[NX v21.4.1 Daemon Server] - 2025-09-13T19:39:37.343Z - Done responding to the client recordOutputsHash
[NX v21.4.1 Daemon Server] - 2025-09-13T19:39:37.343Z - Handled RECORD_OUTPUTS_HASH. Handling time: 3. Response time: 0.
[NX v21.4.1 Daemon Server] - 2025-09-13T19:39:37.347Z - [REQUEST]: Responding to the client. handleRecordTaskRuns
[NX v21.4.1 Daemon Server] - 2025-09-13T19:39:37.347Z - Done responding to the client handleRecordTaskRuns
[NX v21.4.1 Daemon Server] - 2025-09-13T19:39:37.347Z - Handled RECORD_TASK_RUNS. Handling time: 1. Response time: 0.
[NX v21.4.1 Daemon Server] - 2025-09-13T19:39:37.348Z - [REQUEST]: Responding to the client. handleGetFlakyTasks
[NX v21.4.1 Daemon Server] - 2025-09-13T19:39:37.348Z - Done responding to the client handleGetFlakyTasks
[NX v21.4.1 Daemon Server] - 2025-09-13T19:39:37.348Z - Handled GET_FLAKY_TASKS. Handling time: 0. Response time: 0.
[NX v21.4.1 Daemon Server] - 2025-09-13T19:39:37.385Z - [WATCHER]: Processing file changes in outputs
[NX v21.4.1 Daemon Server] - 2025-09-13T19:39:40.631Z - [REQUEST]: Responding to the client. handleRunPostTasksExecution
[NX v21.4.1 Daemon Server] - 2025-09-13T19:39:40.631Z - Done responding to the client handleRunPostTasksExecution
[NX v21.4.1 Daemon Server] - 2025-09-13T19:39:40.631Z - Handled POST_TASKS_EXECUTION. Handling time: 1. Response time: 0.
[NX v21.4.1 Daemon Server] - 2025-09-13T19:39:40.631Z - Time taken for 'postTasksExecution' 0.3103749994188547ms
[NX v21.4.1 Daemon Server] - 2025-09-13T19:39:40.636Z - Closed a connection. Number of open connections: 3
[NX v21.4.1 Daemon Server] - 2025-09-13T19:39:49.045Z - [WATCHER]: apps/admin/app/features/University/Form/components/university.tsx was modified
[NX v21.4.1 Daemon Server] - 2025-09-13T19:39:49.046Z - [WATCHER]: Processing file changes in outputs
[NX v21.4.1 Daemon Server] - 2025-09-13T19:39:49.146Z - [REQUEST]: Updated workspace context based on watched changes, recomputing project graph...
[NX v21.4.1 Daemon Server] - 2025-09-13T19:39:49.146Z - [REQUEST]: apps/admin/app/features/University/Form/components/university.tsx
[NX v21.4.1 Daemon Server] - 2025-09-13T19:39:49.146Z - [REQUEST]: 
[NX v21.4.1 Daemon Server] - 2025-09-13T19:39:49.149Z - Time taken for 'hash changed files from watcher' 1.0592499990016222ms
Time for 'nx/core/package-json:createNodes' [33m1.1682090014219284[39m
Time for 'nx/core/project-json:createNodes' [33m1.7717920001596212[39m
Time for 'nx/js/dependencies-and-lockfile:createNodes' [33m8.9021660014987[39m
[NX v21.4.1 Daemon Server] - 2025-09-13T19:39:49.172Z - Time taken for 'build-project-configs' 19.16366699896753ms
Time for 'build typescript dependencies' [33m6.6373340003192425[39m
[NX v21.4.1 Daemon Server] - 2025-09-13T19:39:49.214Z - Wrote project graph cache to /Users/3bird/Documents/personal/studycourse/education-site-frontend/.nx/workspace-data/project-graph.json
[NX v21.4.1 Daemon Server] - 2025-09-13T19:39:49.215Z - [SYNC]: collect registered sync generators
[NX v21.4.1 Daemon Server] - 2025-09-13T19:39:49.215Z - [SYNC]: project graph hash is the same, not collecting task sync generators
[NX v21.4.1 Daemon Server] - 2025-09-13T19:39:49.215Z - [SYNC]: nx.json hash is the same, not collecting global sync generators
[NX v21.4.1 Daemon Server] - 2025-09-13T19:39:49.215Z - Time taken for 'total execution time for createProjectGraph()' 37.46504199877381ms
[NX v21.4.1 Daemon Server] - 2025-09-13T19:39:58.530Z - [WATCHER]: apps/admin/app/features/University/Form/components/university.tsx was modified
[NX v21.4.1 Daemon Server] - 2025-09-13T19:39:58.530Z - [WATCHER]: Processing file changes in outputs
[NX v21.4.1 Daemon Server] - 2025-09-13T19:39:58.730Z - [REQUEST]: Updated workspace context based on watched changes, recomputing project graph...
[NX v21.4.1 Daemon Server] - 2025-09-13T19:39:58.730Z - [REQUEST]: apps/admin/app/features/University/Form/components/university.tsx
[NX v21.4.1 Daemon Server] - 2025-09-13T19:39:58.730Z - [REQUEST]: 
[NX v21.4.1 Daemon Server] - 2025-09-13T19:39:58.731Z - Time taken for 'hash changed files from watcher' 0.31595800071954727ms
Time for 'nx/core/package-json:createNodes' [33m0.2034159991890192[39m
Time for 'nx/core/project-json:createNodes' [33m0.7563329990953207[39m
Time for 'nx/js/dependencies-and-lockfile:createNodes' [33m6.099833998829126[39m
[NX v21.4.1 Daemon Server] - 2025-09-13T19:39:58.748Z - Time taken for 'build-project-configs' 12.559541998431087ms
Time for 'build typescript dependencies' [33m0.03162499889731407[39m
[NX v21.4.1 Daemon Server] - 2025-09-13T19:39:58.783Z - Wrote project graph cache to /Users/3bird/Documents/personal/studycourse/education-site-frontend/.nx/workspace-data/project-graph.json
[NX v21.4.1 Daemon Server] - 2025-09-13T19:39:58.783Z - [SYNC]: collect registered sync generators
[NX v21.4.1 Daemon Server] - 2025-09-13T19:39:58.783Z - [SYNC]: project graph hash is the same, not collecting task sync generators
[NX v21.4.1 Daemon Server] - 2025-09-13T19:39:58.783Z - [SYNC]: nx.json hash is the same, not collecting global sync generators
[NX v21.4.1 Daemon Server] - 2025-09-13T19:39:58.783Z - Time taken for 'total execution time for createProjectGraph()' 29.650166999548674ms
[NX v21.4.1 Daemon Server] - 2025-09-13T19:40:07.420Z - Established a connection. Number of open connections: 4
[NX v21.4.1 Daemon Server] - 2025-09-13T19:40:07.420Z - Closed a connection. Number of open connections: 3
[NX v21.4.1 Daemon Server] - 2025-09-13T19:40:07.421Z - Established a connection. Number of open connections: 4
[NX v21.4.1 Daemon Server] - 2025-09-13T19:40:07.422Z - [REQUEST]: Client Request for Project Graph Received
[NX v21.4.1 Daemon Server] - 2025-09-13T19:40:07.422Z - Reusing in-memory cached project graph because no files changed.
[NX v21.4.1 Daemon Server] - 2025-09-13T19:40:07.422Z - [REQUEST]: Responding to the client. project-graph
[NX v21.4.1 Daemon Server] - 2025-09-13T19:40:07.423Z - Time taken for 'total for creating and serializing project graph' 0.18787499889731407ms
[NX v21.4.1 Daemon Server] - 2025-09-13T19:40:07.425Z - Done responding to the client project-graph
[NX v21.4.1 Daemon Server] - 2025-09-13T19:40:07.425Z - Handled REQUEST_PROJECT_GRAPH. Handling time: 0. Response time: 3.
[NX v21.4.1 Daemon Server] - 2025-09-13T19:40:07.430Z - [REQUEST]: Responding to the client. handleRunPreTasksExecution
[NX v21.4.1 Daemon Server] - 2025-09-13T19:40:07.430Z - Done responding to the client handleRunPreTasksExecution
[NX v21.4.1 Daemon Server] - 2025-09-13T19:40:07.430Z - Handled PRE_TASKS_EXECUTION. Handling time: 0. Response time: 0.
[NX v21.4.1 Daemon Server] - 2025-09-13T19:40:07.430Z - Time taken for 'preTasksExecution' 0.06937499903142452ms
[NX v21.4.1 Daemon Server] - 2025-09-13T19:40:07.495Z - Reusing in-memory cached project graph because no files changed.
DEBUG nx::native::tasks::task_hasher: plan length: 2
DEBUG nx::native::tasks::hashers::hash_workspace_files: Hashing workspace fileset{cache_key="nx.json,.gitignore,.nxignore"}: Adding "2913894268036001599" (".gitignore") to hash
DEBUG nx::native::tasks::hashers::hash_workspace_files: Hashing workspace fileset{cache_key="nx.json,.gitignore,.nxignore"}: Adding "3619439782444644385" ("nx.json") to hash
DEBUG nx::native::tasks::hashers::hash_workspace_files: Hashing workspace fileset{cache_key="nx.json,.gitignore,.nxignore"}: Hash Value: "12630403656253729768"
[NX v21.4.1 Daemon Server] - 2025-09-13T19:40:07.518Z - [REQUEST]: Responding to the client. handleHashTasks
[NX v21.4.1 Daemon Server] - 2025-09-13T19:40:07.518Z - Done responding to the client handleHashTasks
[NX v21.4.1 Daemon Server] - 2025-09-13T19:40:07.518Z - Handled HASH_TASKS. Handling time: 23. Response time: 0.
[NX v21.4.1 Daemon Server] - 2025-09-13T19:40:07.561Z - [REQUEST]: Responding to the client. handleGetEstimatedTaskTimings
[NX v21.4.1 Daemon Server] - 2025-09-13T19:40:07.561Z - Done responding to the client handleGetEstimatedTaskTimings
[NX v21.4.1 Daemon Server] - 2025-09-13T19:40:07.561Z - Handled GET_ESTIMATED_TASK_TIMINGS. Handling time: 0. Response time: 0.
[NX v21.4.1 Daemon Server] - 2025-09-13T19:40:07.566Z - [REQUEST]: Responding to the client. outputsHashesMatch
[NX v21.4.1 Daemon Server] - 2025-09-13T19:40:07.567Z - Done responding to the client outputsHashesMatch
[NX v21.4.1 Daemon Server] - 2025-09-13T19:40:07.567Z - Handled OUTPUTS_HASHES_MATCH. Handling time: 1. Response time: 1.
[NX v21.4.1 Daemon Server] - 2025-09-13T19:40:07.570Z - [REQUEST]: Responding to the client. recordOutputsHash
[NX v21.4.1 Daemon Server] - 2025-09-13T19:40:07.570Z - Done responding to the client recordOutputsHash
[NX v21.4.1 Daemon Server] - 2025-09-13T19:40:07.570Z - Handled RECORD_OUTPUTS_HASH. Handling time: 2. Response time: 0.
[NX v21.4.1 Daemon Server] - 2025-09-13T19:40:08.972Z - Established a connection. Number of open connections: 5
[NX v21.4.1 Daemon Server] - 2025-09-13T19:40:08.973Z - Closed a connection. Number of open connections: 4
[NX v21.4.1 Daemon Server] - 2025-09-13T19:40:08.973Z - Established a connection. Number of open connections: 5
[NX v21.4.1 Daemon Server] - 2025-09-13T19:40:08.974Z - [REQUEST]: Client Request for Project Graph Received
[NX v21.4.1 Daemon Server] - 2025-09-13T19:40:08.974Z - Reusing in-memory cached project graph because no files changed.
[NX v21.4.1 Daemon Server] - 2025-09-13T19:40:08.974Z - [REQUEST]: Responding to the client. project-graph
[NX v21.4.1 Daemon Server] - 2025-09-13T19:40:08.975Z - Time taken for 'total for creating and serializing project graph' 0.12358300015330315ms
[NX v21.4.1 Daemon Server] - 2025-09-13T19:40:08.977Z - Done responding to the client project-graph
[NX v21.4.1 Daemon Server] - 2025-09-13T19:40:08.977Z - Handled REQUEST_PROJECT_GRAPH. Handling time: 0. Response time: 3.
[NX v21.4.1 Daemon Server] - 2025-09-13T19:40:09.137Z - [REQUEST]: Client Request for Project Graph Received
[NX v21.4.1 Daemon Server] - 2025-09-13T19:40:09.137Z - Reusing in-memory cached project graph because no files changed.
[NX v21.4.1 Daemon Server] - 2025-09-13T19:40:09.137Z - [REQUEST]: Responding to the client. project-graph
[NX v21.4.1 Daemon Server] - 2025-09-13T19:40:09.138Z - Time taken for 'total for creating and serializing project graph' 0.2607499994337559ms
[NX v21.4.1 Daemon Server] - 2025-09-13T19:40:09.142Z - Done responding to the client project-graph
[NX v21.4.1 Daemon Server] - 2025-09-13T19:40:09.142Z - Handled REQUEST_PROJECT_GRAPH. Handling time: 0. Response time: 5.
[NX v21.4.1 Daemon Server] - 2025-09-13T19:40:09.224Z - [WATCHER]: Processing file changes in outputs
[NX v21.4.1 Daemon Server] - 2025-09-13T19:40:12.253Z - [WATCHER]: Processing file changes in outputs
[NX v21.4.1 Daemon Server] - 2025-09-13T19:40:12.364Z - [WATCHER]: Processing file changes in outputs
[NX v21.4.1 Daemon Server] - 2025-09-13T19:40:12.512Z - [WATCHER]: Processing file changes in outputs
[NX v21.4.1 Daemon Server] - 2025-09-13T19:40:12.568Z - [WATCHER]: Processing file changes in outputs
[NX v21.4.1 Daemon Server] - 2025-09-13T19:40:12.635Z - [WATCHER]: Processing file changes in outputs
[NX v21.4.1 Daemon Server] - 2025-09-13T19:40:15.357Z - [WATCHER]: Processing file changes in outputs
[NX v21.4.1 Daemon Server] - 2025-09-13T19:40:15.486Z - [WATCHER]: Processing file changes in outputs
[NX v21.4.1 Daemon Server] - 2025-09-13T19:40:18.067Z - [WATCHER]: Processing file changes in outputs
[NX v21.4.1 Daemon Server] - 2025-09-13T19:40:18.149Z - Closed a connection. Number of open connections: 4
[NX v21.4.1 Daemon Server] - 2025-09-13T19:40:18.168Z - [REQUEST]: Responding to the client. recordOutputsHash
[NX v21.4.1 Daemon Server] - 2025-09-13T19:40:18.169Z - Done responding to the client recordOutputsHash
[NX v21.4.1 Daemon Server] - 2025-09-13T19:40:18.169Z - Handled RECORD_OUTPUTS_HASH. Handling time: 3. Response time: 1.
[NX v21.4.1 Daemon Server] - 2025-09-13T19:40:18.173Z - [REQUEST]: Responding to the client. handleRecordTaskRuns
[NX v21.4.1 Daemon Server] - 2025-09-13T19:40:18.173Z - Done responding to the client handleRecordTaskRuns
[NX v21.4.1 Daemon Server] - 2025-09-13T19:40:18.173Z - Handled RECORD_TASK_RUNS. Handling time: 1. Response time: 0.
[NX v21.4.1 Daemon Server] - 2025-09-13T19:40:18.174Z - [REQUEST]: Responding to the client. handleGetFlakyTasks
[NX v21.4.1 Daemon Server] - 2025-09-13T19:40:18.174Z - Done responding to the client handleGetFlakyTasks
[NX v21.4.1 Daemon Server] - 2025-09-13T19:40:18.174Z - Handled GET_FLAKY_TASKS. Handling time: 0. Response time: 0.
[NX v21.4.1 Daemon Server] - 2025-09-13T19:40:18.212Z - [WATCHER]: Processing file changes in outputs
[NX v21.4.1 Daemon Server] - 2025-09-13T19:40:21.458Z - [REQUEST]: Responding to the client. handleRunPostTasksExecution
[NX v21.4.1 Daemon Server] - 2025-09-13T19:40:21.458Z - Done responding to the client handleRunPostTasksExecution
[NX v21.4.1 Daemon Server] - 2025-09-13T19:40:21.458Z - Handled POST_TASKS_EXECUTION. Handling time: 0. Response time: 0.
[NX v21.4.1 Daemon Server] - 2025-09-13T19:40:21.458Z - Time taken for 'postTasksExecution' 0.14262500032782555ms
[NX v21.4.1 Daemon Server] - 2025-09-13T19:40:21.464Z - Closed a connection. Number of open connections: 3
[NX v21.4.1 Daemon Server] - 2025-09-13T19:40:26.580Z - [WATCHER]: apps/admin/app/features/University/Form/components/university.tsx was modified
[NX v21.4.1 Daemon Server] - 2025-09-13T19:40:26.581Z - [WATCHER]: Processing file changes in outputs
[NX v21.4.1 Daemon Server] - 2025-09-13T19:40:26.681Z - [REQUEST]: Updated workspace context based on watched changes, recomputing project graph...
[NX v21.4.1 Daemon Server] - 2025-09-13T19:40:26.681Z - [REQUEST]: apps/admin/app/features/University/Form/components/university.tsx
[NX v21.4.1 Daemon Server] - 2025-09-13T19:40:26.681Z - [REQUEST]: 
[NX v21.4.1 Daemon Server] - 2025-09-13T19:40:26.683Z - Time taken for 'hash changed files from watcher' 0.5200000014156103ms
Time for 'nx/core/package-json:createNodes' [33m1.1792919989675283[39m
Time for 'nx/core/project-json:createNodes' [33m1.7739580012857914[39m
Time for 'nx/js/dependencies-and-lockfile:createNodes' [33m9.136665999889374[39m
[NX v21.4.1 Daemon Server] - 2025-09-13T19:40:26.706Z - Time taken for 'build-project-configs' 18.774916999042034ms
Time for 'build typescript dependencies' [33m10.509208001196384[39m
[NX v21.4.1 Daemon Server] - 2025-09-13T19:40:26.765Z - Wrote project graph cache to /Users/3bird/Documents/personal/studycourse/education-site-frontend/.nx/workspace-data/project-graph.json
[NX v21.4.1 Daemon Server] - 2025-09-13T19:40:26.765Z - [SYNC]: collect registered sync generators
[NX v21.4.1 Daemon Server] - 2025-09-13T19:40:26.765Z - [SYNC]: project graph hash is the same, not collecting task sync generators
[NX v21.4.1 Daemon Server] - 2025-09-13T19:40:26.765Z - [SYNC]: nx.json hash is the same, not collecting global sync generators
[NX v21.4.1 Daemon Server] - 2025-09-13T19:40:26.769Z - Time taken for 'total execution time for createProjectGraph()' 43.3314169999212ms
[NX v21.4.1 Daemon Server] - 2025-09-13T19:40:35.503Z - [WATCHER]: apps/admin/app/features/University/Form/components/university.tsx was modified
[NX v21.4.1 Daemon Server] - 2025-09-13T19:40:35.504Z - [WATCHER]: Processing file changes in outputs
[NX v21.4.1 Daemon Server] - 2025-09-13T19:40:35.705Z - [REQUEST]: Updated workspace context based on watched changes, recomputing project graph...
[NX v21.4.1 Daemon Server] - 2025-09-13T19:40:35.705Z - [REQUEST]: apps/admin/app/features/University/Form/components/university.tsx
[NX v21.4.1 Daemon Server] - 2025-09-13T19:40:35.705Z - [REQUEST]: 
[NX v21.4.1 Daemon Server] - 2025-09-13T19:40:35.708Z - Time taken for 'hash changed files from watcher' 0.7417909987270832ms
Time for 'nx/core/package-json:createNodes' [33m0.46833299845457077[39m
Time for 'nx/core/project-json:createNodes' [33m0.7951660007238388[39m
Time for 'nx/js/dependencies-and-lockfile:createNodes' [33m7.081665998324752[39m
[NX v21.4.1 Daemon Server] - 2025-09-13T19:40:35.737Z - Time taken for 'build-project-configs' 22.55533399991691ms
Time for 'build typescript dependencies' [33m0.016833001747727394[39m
[NX v21.4.1 Daemon Server] - 2025-09-13T19:40:35.773Z - Wrote project graph cache to /Users/3bird/Documents/personal/studycourse/education-site-frontend/.nx/workspace-data/project-graph.json
[NX v21.4.1 Daemon Server] - 2025-09-13T19:40:35.773Z - [SYNC]: collect registered sync generators
[NX v21.4.1 Daemon Server] - 2025-09-13T19:40:35.773Z - [SYNC]: project graph hash is the same, not collecting task sync generators
[NX v21.4.1 Daemon Server] - 2025-09-13T19:40:35.773Z - [SYNC]: nx.json hash is the same, not collecting global sync generators
[NX v21.4.1 Daemon Server] - 2025-09-13T19:40:35.773Z - Time taken for 'total execution time for createProjectGraph()' 29.50504199974239ms
[NX v21.4.1 Daemon Server] - 2025-09-13T19:40:58.630Z - [WATCHER]: apps/admin/app/features/University/Form/components/university.tsx was modified
[NX v21.4.1 Daemon Server] - 2025-09-13T19:40:58.630Z - [WATCHER]: Processing file changes in outputs
[NX v21.4.1 Daemon Server] - 2025-09-13T19:40:59.032Z - [REQUEST]: Updated workspace context based on watched changes, recomputing project graph...
[NX v21.4.1 Daemon Server] - 2025-09-13T19:40:59.032Z - [REQUEST]: apps/admin/app/features/University/Form/components/university.tsx
[NX v21.4.1 Daemon Server] - 2025-09-13T19:40:59.032Z - [REQUEST]: 
[NX v21.4.1 Daemon Server] - 2025-09-13T19:40:59.033Z - Time taken for 'hash changed files from watcher' 0.44137500040233135ms
Time for 'nx/core/package-json:createNodes' [33m3.1815409995615482[39m
Time for 'nx/core/project-json:createNodes' [33m2.806792000308633[39m
Time for 'nx/js/dependencies-and-lockfile:createNodes' [33m12.029666999354959[39m
[NX v21.4.1 Daemon Server] - 2025-09-13T19:40:59.057Z - Time taken for 'build-project-configs' 20.628542000427842ms
Time for 'build typescript dependencies' [33m10.645624998956919[39m
[NX v21.4.1 Daemon Server] - 2025-09-13T19:40:59.112Z - Wrote project graph cache to /Users/3bird/Documents/personal/studycourse/education-site-frontend/.nx/workspace-data/project-graph.json
[NX v21.4.1 Daemon Server] - 2025-09-13T19:40:59.112Z - [SYNC]: collect registered sync generators
[NX v21.4.1 Daemon Server] - 2025-09-13T19:40:59.112Z - [SYNC]: project graph hash is the same, not collecting task sync generators
[NX v21.4.1 Daemon Server] - 2025-09-13T19:40:59.112Z - [SYNC]: nx.json hash is the same, not collecting global sync generators
[NX v21.4.1 Daemon Server] - 2025-09-13T19:40:59.112Z - Time taken for 'total execution time for createProjectGraph()' 47.25491699948907ms
[NX v21.4.1 Daemon Server] - 2025-09-13T19:41:33.633Z - [WATCHER]: apps/admin/app/features/University/Form/components/university.tsx was modified
[NX v21.4.1 Daemon Server] - 2025-09-13T19:41:33.634Z - [WATCHER]: Processing file changes in outputs
[NX v21.4.1 Daemon Server] - 2025-09-13T19:41:34.438Z - [REQUEST]: Updated workspace context based on watched changes, recomputing project graph...
[NX v21.4.1 Daemon Server] - 2025-09-13T19:41:34.438Z - [REQUEST]: apps/admin/app/features/University/Form/components/university.tsx
[NX v21.4.1 Daemon Server] - 2025-09-13T19:41:34.438Z - [REQUEST]: 
[NX v21.4.1 Daemon Server] - 2025-09-13T19:41:34.442Z - Time taken for 'hash changed files from watcher' 1.0788749996572733ms
Time for 'nx/core/package-json:createNodes' [33m2.1547499988228083[39m
Time for 'nx/core/project-json:createNodes' [33m2.7882920000702143[39m
Time for 'nx/js/dependencies-and-lockfile:createNodes' [33m16.781959000974894[39m
[NX v21.4.1 Daemon Server] - 2025-09-13T19:41:34.481Z - Time taken for 'build-project-configs' 33.55266599915922ms
Time for 'build typescript dependencies' [33m21.929417001083493[39m
[NX v21.4.1 Daemon Server] - 2025-09-13T19:41:34.537Z - Wrote project graph cache to /Users/3bird/Documents/personal/studycourse/education-site-frontend/.nx/workspace-data/project-graph.json
[NX v21.4.1 Daemon Server] - 2025-09-13T19:41:34.537Z - [SYNC]: collect registered sync generators
[NX v21.4.1 Daemon Server] - 2025-09-13T19:41:34.537Z - [SYNC]: project graph hash is the same, not collecting task sync generators
[NX v21.4.1 Daemon Server] - 2025-09-13T19:41:34.537Z - [SYNC]: nx.json hash is the same, not collecting global sync generators
[NX v21.4.1 Daemon Server] - 2025-09-13T19:41:34.537Z - Time taken for 'total execution time for createProjectGraph()' 51.34125000052154ms
[NX v21.4.1 Daemon Server] - 2025-09-13T19:41:58.688Z - [WATCHER]: apps/admin/app/features/University/Form/components/university.tsx was modified
[NX v21.4.1 Daemon Server] - 2025-09-13T19:41:58.688Z - [WATCHER]: Processing file changes in outputs
[NX v21.4.1 Daemon Server] - 2025-09-13T19:42:00.289Z - [REQUEST]: Updated workspace context based on watched changes, recomputing project graph...
[NX v21.4.1 Daemon Server] - 2025-09-13T19:42:00.289Z - [REQUEST]: apps/admin/app/features/University/Form/components/university.tsx
[NX v21.4.1 Daemon Server] - 2025-09-13T19:42:00.289Z - [REQUEST]: 
[NX v21.4.1 Daemon Server] - 2025-09-13T19:42:00.293Z - Time taken for 'hash changed files from watcher' 0.5383330006152391ms
Time for 'nx/core/package-json:createNodes' [33m1.0288749989122152[39m
Time for 'nx/core/project-json:createNodes' [33m3.7405000012367964[39m
Time for 'nx/js/dependencies-and-lockfile:createNodes' [33m21.62691600061953[39m
[NX v21.4.1 Daemon Server] - 2025-09-13T19:42:00.327Z - Time taken for 'build-project-configs' 32.486375000327826ms
Time for 'build typescript dependencies' [33m3.1117920000106096[39m
[NX v21.4.1 Daemon Server] - 2025-09-13T19:42:00.357Z - Wrote project graph cache to /Users/3bird/Documents/personal/studycourse/education-site-frontend/.nx/workspace-data/project-graph.json
[NX v21.4.1 Daemon Server] - 2025-09-13T19:42:00.357Z - [SYNC]: collect registered sync generators
[NX v21.4.1 Daemon Server] - 2025-09-13T19:42:00.357Z - [SYNC]: project graph hash is the same, not collecting task sync generators
[NX v21.4.1 Daemon Server] - 2025-09-13T19:42:00.357Z - [SYNC]: nx.json hash is the same, not collecting global sync generators
[NX v21.4.1 Daemon Server] - 2025-09-13T19:42:00.357Z - Time taken for 'total execution time for createProjectGraph()' 23.567125000059605ms
[NX v21.4.1 Daemon Server] - 2025-09-13T19:42:20.017Z - [WATCHER]: 0 file(s) created or restored, 2 file(s) modified, 0 file(s) deleted
[NX v21.4.1 Daemon Server] - 2025-09-13T19:42:20.018Z - [WATCHER]: Processing file changes in outputs
[NX v21.4.1 Daemon Server] - 2025-09-13T19:42:23.222Z - [REQUEST]: Updated workspace context based on watched changes, recomputing project graph...
[NX v21.4.1 Daemon Server] - 2025-09-13T19:42:23.222Z - [REQUEST]: apps/admin/app/features/Blogs/Form/validation.ts,apps/admin/app/features/University/Form/components/university.tsx
[NX v21.4.1 Daemon Server] - 2025-09-13T19:42:23.222Z - [REQUEST]: 
[NX v21.4.1 Daemon Server] - 2025-09-13T19:42:23.227Z - Time taken for 'hash changed files from watcher' 1.8893749993294477ms
Time for 'nx/core/package-json:createNodes' [33m2.007666999474168[39m
Time for 'nx/core/project-json:createNodes' [33m2.3182089999318123[39m
Time for 'nx/js/dependencies-and-lockfile:createNodes' [33m16.634208001196384[39m
[NX v21.4.1 Daemon Server] - 2025-09-13T19:42:23.265Z - Time taken for 'build-project-configs' 33.479416999965906ms
Time for 'build typescript dependencies' [33m0.013709001243114471[39m
[NX v21.4.1 Daemon Server] - 2025-09-13T19:42:23.307Z - Wrote project graph cache to /Users/3bird/Documents/personal/studycourse/education-site-frontend/.nx/workspace-data/project-graph.json
[NX v21.4.1 Daemon Server] - 2025-09-13T19:42:23.308Z - [SYNC]: collect registered sync generators
[NX v21.4.1 Daemon Server] - 2025-09-13T19:42:23.308Z - [SYNC]: project graph hash is the same, not collecting task sync generators
[NX v21.4.1 Daemon Server] - 2025-09-13T19:42:23.308Z - [SYNC]: nx.json hash is the same, not collecting global sync generators
[NX v21.4.1 Daemon Server] - 2025-09-13T19:42:23.308Z - Time taken for 'total execution time for createProjectGraph()' 35.90645799972117ms
[NX v21.4.1 Daemon Server] - 2025-09-13T19:42:43.031Z - [WATCHER]: apps/admin/app/features/University/Form/components/university.tsx was modified
[NX v21.4.1 Daemon Server] - 2025-09-13T19:42:43.031Z - [WATCHER]: Processing file changes in outputs
[NX v21.4.1 Daemon Server] - 2025-09-13T19:42:47.998Z - [WATCHER]: Processing file changes in outputs
[NX v21.4.1 Daemon Server] - 2025-09-13T19:42:48.002Z - [WATCHER]: apps/admin/app/features/University/Form/components/university.tsx was modified
[NX v21.4.1 Daemon Server] - 2025-09-13T19:42:49.433Z - [REQUEST]: Updated workspace context based on watched changes, recomputing project graph...
[NX v21.4.1 Daemon Server] - 2025-09-13T19:42:49.433Z - [REQUEST]: apps/admin/app/features/University/Form/components/university.tsx
[NX v21.4.1 Daemon Server] - 2025-09-13T19:42:49.433Z - [REQUEST]: 
[NX v21.4.1 Daemon Server] - 2025-09-13T19:42:49.435Z - Time taken for 'hash changed files from watcher' 0.5169590003788471ms
Time for 'nx/core/package-json:createNodes' [33m0.8992499988526106[39m
Time for 'nx/core/project-json:createNodes' [33m1.6145000010728836[39m
Time for 'nx/js/dependencies-and-lockfile:createNodes' [33m8.695958001539111[39m
[NX v21.4.1 Daemon Server] - 2025-09-13T19:42:49.456Z - Time taken for 'build-project-configs' 17.75920799933374ms
Time for 'build typescript dependencies' [33m5.499541001394391[39m
[NX v21.4.1 Daemon Server] - 2025-09-13T19:42:49.510Z - Wrote project graph cache to /Users/3bird/Documents/personal/studycourse/education-site-frontend/.nx/workspace-data/project-graph.json
[NX v21.4.1 Daemon Server] - 2025-09-13T19:42:49.510Z - [SYNC]: collect registered sync generators
[NX v21.4.1 Daemon Server] - 2025-09-13T19:42:49.511Z - [SYNC]: project graph hash is the same, not collecting task sync generators
[NX v21.4.1 Daemon Server] - 2025-09-13T19:42:49.511Z - [SYNC]: nx.json hash is the same, not collecting global sync generators
[NX v21.4.1 Daemon Server] - 2025-09-13T19:42:49.511Z - Time taken for 'total execution time for createProjectGraph()' 39.72095900028944ms
[NX v21.4.1 Daemon Server] - 2025-09-13T19:42:51.137Z - [WATCHER]: apps/admin/app/features/University/Form/components/university.tsx was modified
[NX v21.4.1 Daemon Server] - 2025-09-13T19:42:51.137Z - [WATCHER]: Processing file changes in outputs
[NX v21.4.1 Daemon Server] - 2025-09-13T19:42:52.936Z - [WATCHER]: apps/admin/app/features/University/Form/components/university.tsx was modified
[NX v21.4.1 Daemon Server] - 2025-09-13T19:42:52.937Z - [WATCHER]: Processing file changes in outputs
[NX v21.4.1 Daemon Server] - 2025-09-13T19:42:57.540Z - [REQUEST]: Updated workspace context based on watched changes, recomputing project graph...
[NX v21.4.1 Daemon Server] - 2025-09-13T19:42:57.541Z - [REQUEST]: apps/admin/app/features/University/Form/components/university.tsx
[NX v21.4.1 Daemon Server] - 2025-09-13T19:42:57.541Z - [REQUEST]: 
[NX v21.4.1 Daemon Server] - 2025-09-13T19:42:57.547Z - Time taken for 'hash changed files from watcher' 1.2524170000106096ms
Time for 'nx/core/package-json:createNodes' [33m2.353584000840783[39m
Time for 'nx/core/project-json:createNodes' [33m2.0345409996807575[39m
Time for 'nx/js/dependencies-and-lockfile:createNodes' [33m14.345625000074506[39m
[NX v21.4.1 Daemon Server] - 2025-09-13T19:42:57.578Z - Time taken for 'build-project-configs' 29.793749999254942ms
Time for 'build typescript dependencies' [33m5.937583999708295[39m
[NX v21.4.1 Daemon Server] - 2025-09-13T19:42:57.633Z - Wrote project graph cache to /Users/3bird/Documents/personal/studycourse/education-site-frontend/.nx/workspace-data/project-graph.json
[NX v21.4.1 Daemon Server] - 2025-09-13T19:42:57.633Z - [SYNC]: collect registered sync generators
[NX v21.4.1 Daemon Server] - 2025-09-13T19:42:57.633Z - [SYNC]: project graph hash is the same, not collecting task sync generators
[NX v21.4.1 Daemon Server] - 2025-09-13T19:42:57.633Z - [SYNC]: nx.json hash is the same, not collecting global sync generators
[NX v21.4.1 Daemon Server] - 2025-09-13T19:42:57.633Z - Time taken for 'total execution time for createProjectGraph()' 47.86029199883342ms
[NX v21.4.1 Daemon Server] - 2025-09-13T19:43:00.631Z - Established a connection. Number of open connections: 4
[NX v21.4.1 Daemon Server] - 2025-09-13T19:43:00.632Z - Established a connection. Number of open connections: 5
[NX v21.4.1 Daemon Server] - 2025-09-13T19:43:00.632Z - Closed a connection. Number of open connections: 4
[NX v21.4.1 Daemon Server] - 2025-09-13T19:43:00.633Z - [REQUEST]: Client Request for Project Graph Received
[NX v21.4.1 Daemon Server] - 2025-09-13T19:43:00.633Z - Reusing in-memory cached project graph because no files changed.
[NX v21.4.1 Daemon Server] - 2025-09-13T19:43:00.634Z - [REQUEST]: Responding to the client. project-graph
[NX v21.4.1 Daemon Server] - 2025-09-13T19:43:00.635Z - Time taken for 'total for creating and serializing project graph' 0.30199999921023846ms
[NX v21.4.1 Daemon Server] - 2025-09-13T19:43:00.637Z - Done responding to the client project-graph
[NX v21.4.1 Daemon Server] - 2025-09-13T19:43:00.637Z - Handled REQUEST_PROJECT_GRAPH. Handling time: 1. Response time: 3.
[NX v21.4.1 Daemon Server] - 2025-09-13T19:43:00.643Z - [REQUEST]: Responding to the client. handleRunPreTasksExecution
[NX v21.4.1 Daemon Server] - 2025-09-13T19:43:00.643Z - Done responding to the client handleRunPreTasksExecution
[NX v21.4.1 Daemon Server] - 2025-09-13T19:43:00.643Z - Handled PRE_TASKS_EXECUTION. Handling time: 1. Response time: 0.
[NX v21.4.1 Daemon Server] - 2025-09-13T19:43:00.643Z - Time taken for 'preTasksExecution' 0.07108299992978573ms
[NX v21.4.1 Daemon Server] - 2025-09-13T19:43:00.710Z - Reusing in-memory cached project graph because no files changed.
DEBUG nx::native::tasks::task_hasher: plan length: 2
DEBUG nx::native::tasks::hashers::hash_workspace_files: Hashing workspace fileset{cache_key="nx.json,.gitignore,.nxignore"}: Adding "2913894268036001599" (".gitignore") to hash
DEBUG nx::native::tasks::hashers::hash_workspace_files: Hashing workspace fileset{cache_key="nx.json,.gitignore,.nxignore"}: Adding "3619439782444644385" ("nx.json") to hash
DEBUG nx::native::tasks::hashers::hash_workspace_files: Hashing workspace fileset{cache_key="nx.json,.gitignore,.nxignore"}: Hash Value: "12630403656253729768"
[NX v21.4.1 Daemon Server] - 2025-09-13T19:43:00.739Z - [REQUEST]: Responding to the client. handleHashTasks
[NX v21.4.1 Daemon Server] - 2025-09-13T19:43:00.741Z - Done responding to the client handleHashTasks
[NX v21.4.1 Daemon Server] - 2025-09-13T19:43:00.741Z - Handled HASH_TASKS. Handling time: 29. Response time: 2.
[NX v21.4.1 Daemon Server] - 2025-09-13T19:43:00.806Z - [REQUEST]: Responding to the client. handleGetEstimatedTaskTimings
[NX v21.4.1 Daemon Server] - 2025-09-13T19:43:00.806Z - Done responding to the client handleGetEstimatedTaskTimings
[NX v21.4.1 Daemon Server] - 2025-09-13T19:43:00.806Z - Handled GET_ESTIMATED_TASK_TIMINGS. Handling time: 1. Response time: 0.
[NX v21.4.1 Daemon Server] - 2025-09-13T19:43:00.815Z - [REQUEST]: Responding to the client. outputsHashesMatch
[NX v21.4.1 Daemon Server] - 2025-09-13T19:43:00.815Z - Done responding to the client outputsHashesMatch
[NX v21.4.1 Daemon Server] - 2025-09-13T19:43:00.815Z - Handled OUTPUTS_HASHES_MATCH. Handling time: 4. Response time: 0.
[NX v21.4.1 Daemon Server] - 2025-09-13T19:43:00.818Z - [REQUEST]: Responding to the client. recordOutputsHash
[NX v21.4.1 Daemon Server] - 2025-09-13T19:43:00.818Z - Done responding to the client recordOutputsHash
[NX v21.4.1 Daemon Server] - 2025-09-13T19:43:00.818Z - Handled RECORD_OUTPUTS_HASH. Handling time: 2. Response time: 0.
[NX v21.4.1 Daemon Server] - 2025-09-13T19:43:03.092Z - Established a connection. Number of open connections: 5
[NX v21.4.1 Daemon Server] - 2025-09-13T19:43:03.093Z - Closed a connection. Number of open connections: 4
[NX v21.4.1 Daemon Server] - 2025-09-13T19:43:03.094Z - Established a connection. Number of open connections: 5
[NX v21.4.1 Daemon Server] - 2025-09-13T19:43:03.095Z - [REQUEST]: Client Request for Project Graph Received
[NX v21.4.1 Daemon Server] - 2025-09-13T19:43:03.095Z - Reusing in-memory cached project graph because no files changed.
[NX v21.4.1 Daemon Server] - 2025-09-13T19:43:03.095Z - [REQUEST]: Responding to the client. project-graph
[NX v21.4.1 Daemon Server] - 2025-09-13T19:43:03.096Z - Time taken for 'total for creating and serializing project graph' 0.2832499984651804ms
[NX v21.4.1 Daemon Server] - 2025-09-13T19:43:03.098Z - Done responding to the client project-graph
[NX v21.4.1 Daemon Server] - 2025-09-13T19:43:03.098Z - Handled REQUEST_PROJECT_GRAPH. Handling time: 0. Response time: 3.
[NX v21.4.1 Daemon Server] - 2025-09-13T19:43:03.279Z - [REQUEST]: Client Request for Project Graph Received
[NX v21.4.1 Daemon Server] - 2025-09-13T19:43:03.279Z - Reusing in-memory cached project graph because no files changed.
[NX v21.4.1 Daemon Server] - 2025-09-13T19:43:03.279Z - [REQUEST]: Responding to the client. project-graph
[NX v21.4.1 Daemon Server] - 2025-09-13T19:43:03.280Z - Time taken for 'total for creating and serializing project graph' 0.19829099997878075ms
[NX v21.4.1 Daemon Server] - 2025-09-13T19:43:03.282Z - Done responding to the client project-graph
[NX v21.4.1 Daemon Server] - 2025-09-13T19:43:03.282Z - Handled REQUEST_PROJECT_GRAPH. Handling time: 0. Response time: 3.
[NX v21.4.1 Daemon Server] - 2025-09-13T19:43:03.362Z - [WATCHER]: Processing file changes in outputs
[NX v21.4.1 Daemon Server] - 2025-09-13T19:43:03.567Z - [WATCHER]: Processing file changes in outputs
[NX v21.4.1 Daemon Server] - 2025-09-13T19:43:07.434Z - [WATCHER]: Processing file changes in outputs
[NX v21.4.1 Daemon Server] - 2025-09-13T19:43:07.605Z - [WATCHER]: Processing file changes in outputs
[NX v21.4.1 Daemon Server] - 2025-09-13T19:43:07.759Z - [WATCHER]: Processing file changes in outputs
[NX v21.4.1 Daemon Server] - 2025-09-13T19:43:07.894Z - [WATCHER]: Processing file changes in outputs
[NX v21.4.1 Daemon Server] - 2025-09-13T19:43:11.278Z - [WATCHER]: Processing file changes in outputs
[NX v21.4.1 Daemon Server] - 2025-09-13T19:43:11.488Z - [WATCHER]: Processing file changes in outputs
[NX v21.4.1 Daemon Server] - 2025-09-13T19:43:14.734Z - [WATCHER]: Processing file changes in outputs
[NX v21.4.1 Daemon Server] - 2025-09-13T19:43:14.841Z - Closed a connection. Number of open connections: 4
[NX v21.4.1 Daemon Server] - 2025-09-13T19:43:14.867Z - [REQUEST]: Responding to the client. recordOutputsHash
[NX v21.4.1 Daemon Server] - 2025-09-13T19:43:14.868Z - Done responding to the client recordOutputsHash
[NX v21.4.1 Daemon Server] - 2025-09-13T19:43:14.868Z - Handled RECORD_OUTPUTS_HASH. Handling time: 6. Response time: 1.
[NX v21.4.1 Daemon Server] - 2025-09-13T19:43:14.876Z - [REQUEST]: Responding to the client. handleRecordTaskRuns
[NX v21.4.1 Daemon Server] - 2025-09-13T19:43:14.876Z - Done responding to the client handleRecordTaskRuns
[NX v21.4.1 Daemon Server] - 2025-09-13T19:43:14.876Z - Handled RECORD_TASK_RUNS. Handling time: 1. Response time: 0.
[NX v21.4.1 Daemon Server] - 2025-09-13T19:43:14.877Z - [REQUEST]: Responding to the client. handleGetFlakyTasks
[NX v21.4.1 Daemon Server] - 2025-09-13T19:43:14.877Z - Done responding to the client handleGetFlakyTasks
[NX v21.4.1 Daemon Server] - 2025-09-13T19:43:14.877Z - Handled GET_FLAKY_TASKS. Handling time: 0. Response time: 0.
[NX v21.4.1 Daemon Server] - 2025-09-13T19:43:14.903Z - [WATCHER]: Processing file changes in outputs
[NX v21.4.1 Daemon Server] - 2025-09-13T19:43:18.179Z - [REQUEST]: Responding to the client. handleRunPostTasksExecution
[NX v21.4.1 Daemon Server] - 2025-09-13T19:43:18.179Z - Done responding to the client handleRunPostTasksExecution
[NX v21.4.1 Daemon Server] - 2025-09-13T19:43:18.179Z - Handled POST_TASKS_EXECUTION. Handling time: 1. Response time: 0.
[NX v21.4.1 Daemon Server] - 2025-09-13T19:43:18.179Z - Time taken for 'postTasksExecution' 0.17020799964666367ms
[NX v21.4.1 Daemon Server] - 2025-09-13T19:43:18.187Z - Closed a connection. Number of open connections: 3
[NX v21.4.1 Daemon Server] - 2025-09-13T19:43:27.464Z - [WATCHER]: Processing file changes in outputs
[NX v21.4.1 Daemon Server] - 2025-09-13T19:43:27.465Z - [WATCHER]: apps/admin/app/features/user/Form/components/user.tsx was modified
[NX v21.4.1 Daemon Server] - 2025-09-13T19:43:27.567Z - [REQUEST]: Updated workspace context based on watched changes, recomputing project graph...
[NX v21.4.1 Daemon Server] - 2025-09-13T19:43:27.567Z - [REQUEST]: apps/admin/app/features/user/Form/components/user.tsx
[NX v21.4.1 Daemon Server] - 2025-09-13T19:43:27.567Z - [REQUEST]: 
[NX v21.4.1 Daemon Server] - 2025-09-13T19:43:27.570Z - Time taken for 'hash changed files from watcher' 0.8320829998701811ms
Time for 'nx/core/package-json:createNodes' [33m1.4315419998019934[39m
Time for 'nx/core/project-json:createNodes' [33m1.7345830015838146[39m
Time for 'nx/js/dependencies-and-lockfile:createNodes' [33m24.721291000023484[39m
[NX v21.4.1 Daemon Server] - 2025-09-13T19:43:27.611Z - Time taken for 'build-project-configs' 37.06850000098348ms
Time for 'build typescript dependencies' [33m18.68233300000429[39m
[NX v21.4.1 Daemon Server] - 2025-09-13T19:43:27.693Z - Wrote project graph cache to /Users/3bird/Documents/personal/studycourse/education-site-frontend/.nx/workspace-data/project-graph.json
[NX v21.4.1 Daemon Server] - 2025-09-13T19:43:27.694Z - [SYNC]: collect registered sync generators
[NX v21.4.1 Daemon Server] - 2025-09-13T19:43:27.694Z - [SYNC]: project graph hash is the same, not collecting task sync generators
[NX v21.4.1 Daemon Server] - 2025-09-13T19:43:27.694Z - [SYNC]: nx.json hash is the same, not collecting global sync generators
[NX v21.4.1 Daemon Server] - 2025-09-13T19:43:27.694Z - Time taken for 'total execution time for createProjectGraph()' 65.12712500058115ms
[NX v21.4.1 Daemon Server] - 2025-09-13T19:43:30.045Z - [WATCHER]: apps/admin/app/features/user/Form/components/user.tsx was modified
[NX v21.4.1 Daemon Server] - 2025-09-13T19:43:30.045Z - [WATCHER]: Processing file changes in outputs
[NX v21.4.1 Daemon Server] - 2025-09-13T19:43:30.245Z - [REQUEST]: Updated workspace context based on watched changes, recomputing project graph...
[NX v21.4.1 Daemon Server] - 2025-09-13T19:43:30.245Z - [REQUEST]: apps/admin/app/features/user/Form/components/user.tsx
[NX v21.4.1 Daemon Server] - 2025-09-13T19:43:30.245Z - [REQUEST]: 
[NX v21.4.1 Daemon Server] - 2025-09-13T19:43:30.246Z - Time taken for 'hash changed files from watcher' 0.289207998663187ms
Time for 'nx/core/package-json:createNodes' [33m0.3892909996211529[39m
Time for 'nx/core/project-json:createNodes' [33m0.8851250000298023[39m
Time for 'nx/js/dependencies-and-lockfile:createNodes' [33m11.129417000338435[39m
[NX v21.4.1 Daemon Server] - 2025-09-13T19:43:30.269Z - Time taken for 'build-project-configs' 18.468082999810576ms
Time for 'build typescript dependencies' [33m4.2489170003682375[39m
[NX v21.4.1 Daemon Server] - 2025-09-13T19:43:30.314Z - Wrote project graph cache to /Users/3bird/Documents/personal/studycourse/education-site-frontend/.nx/workspace-data/project-graph.json
[NX v21.4.1 Daemon Server] - 2025-09-13T19:43:30.314Z - [SYNC]: collect registered sync generators
[NX v21.4.1 Daemon Server] - 2025-09-13T19:43:30.314Z - [SYNC]: project graph hash is the same, not collecting task sync generators
[NX v21.4.1 Daemon Server] - 2025-09-13T19:43:30.314Z - [SYNC]: nx.json hash is the same, not collecting global sync generators
[NX v21.4.1 Daemon Server] - 2025-09-13T19:43:30.314Z - Time taken for 'total execution time for createProjectGraph()' 38.56320800073445ms
[NX v21.4.1 Daemon Server] - 2025-09-13T19:43:39.509Z - [WATCHER]: apps/admin/app/features/user/Form/components/user.tsx was modified
[NX v21.4.1 Daemon Server] - 2025-09-13T19:43:39.509Z - [WATCHER]: Processing file changes in outputs
[NX v21.4.1 Daemon Server] - 2025-09-13T19:43:39.909Z - [REQUEST]: Updated workspace context based on watched changes, recomputing project graph...
[NX v21.4.1 Daemon Server] - 2025-09-13T19:43:39.909Z - [REQUEST]: apps/admin/app/features/user/Form/components/user.tsx
[NX v21.4.1 Daemon Server] - 2025-09-13T19:43:39.909Z - [REQUEST]: 
[NX v21.4.1 Daemon Server] - 2025-09-13T19:43:39.911Z - Time taken for 'hash changed files from watcher' 0.33287499845027924ms
Time for 'nx/core/project-json:createNodes' [33m0.23395900055766106[39m
Time for 'nx/core/package-json:createNodes' [33m0.37408400140702724[39m
Time for 'nx/js/dependencies-and-lockfile:createNodes' [33m5.957374999299645[39m
[NX v21.4.1 Daemon Server] - 2025-09-13T19:43:39.928Z - Time taken for 'build-project-configs' 14.34795899875462ms
Time for 'build typescript dependencies' [33m0.017916999757289886[39m
[NX v21.4.1 Daemon Server] - 2025-09-13T19:43:39.954Z - Wrote project graph cache to /Users/3bird/Documents/personal/studycourse/education-site-frontend/.nx/workspace-data/project-graph.json
[NX v21.4.1 Daemon Server] - 2025-09-13T19:43:39.954Z - [SYNC]: collect registered sync generators
[NX v21.4.1 Daemon Server] - 2025-09-13T19:43:39.954Z - [SYNC]: project graph hash is the same, not collecting task sync generators
[NX v21.4.1 Daemon Server] - 2025-09-13T19:43:39.954Z - [SYNC]: nx.json hash is the same, not collecting global sync generators
[NX v21.4.1 Daemon Server] - 2025-09-13T19:43:39.954Z - Time taken for 'total execution time for createProjectGraph()' 19.837999999523163ms
[NX v21.4.1 Daemon Server] - 2025-09-13T19:43:54.340Z - Established a connection. Number of open connections: 4
[NX v21.4.1 Daemon Server] - 2025-09-13T19:43:54.342Z - Established a connection. Number of open connections: 5
[NX v21.4.1 Daemon Server] - 2025-09-13T19:43:54.342Z - Closed a connection. Number of open connections: 4
[NX v21.4.1 Daemon Server] - 2025-09-13T19:43:54.344Z - [REQUEST]: Client Request for Project Graph Received
[NX v21.4.1 Daemon Server] - 2025-09-13T19:43:54.344Z - Reusing in-memory cached project graph because no files changed.
[NX v21.4.1 Daemon Server] - 2025-09-13T19:43:54.344Z - [REQUEST]: Responding to the client. project-graph
[NX v21.4.1 Daemon Server] - 2025-09-13T19:43:54.346Z - Time taken for 'total for creating and serializing project graph' 0.3350830003619194ms
[NX v21.4.1 Daemon Server] - 2025-09-13T19:43:54.348Z - Done responding to the client project-graph
[NX v21.4.1 Daemon Server] - 2025-09-13T19:43:54.348Z - Handled REQUEST_PROJECT_GRAPH. Handling time: 0. Response time: 4.
[NX v21.4.1 Daemon Server] - 2025-09-13T19:43:54.354Z - [REQUEST]: Responding to the client. handleRunPreTasksExecution
[NX v21.4.1 Daemon Server] - 2025-09-13T19:43:54.354Z - Done responding to the client handleRunPreTasksExecution
[NX v21.4.1 Daemon Server] - 2025-09-13T19:43:54.354Z - Handled PRE_TASKS_EXECUTION. Handling time: 0. Response time: 0.
[NX v21.4.1 Daemon Server] - 2025-09-13T19:43:54.354Z - Time taken for 'preTasksExecution' 0.0889579989016056ms
[NX v21.4.1 Daemon Server] - 2025-09-13T19:43:54.436Z - Reusing in-memory cached project graph because no files changed.
DEBUG nx::native::tasks::task_hasher: plan length: 2
DEBUG nx::native::tasks::hashers::hash_workspace_files: Hashing workspace fileset{cache_key="nx.json,.gitignore,.nxignore"}: Adding "2913894268036001599" (".gitignore") to hash
DEBUG nx::native::tasks::hashers::hash_workspace_files: Hashing workspace fileset{cache_key="nx.json,.gitignore,.nxignore"}: Adding "3619439782444644385" ("nx.json") to hash
DEBUG nx::native::tasks::hashers::hash_workspace_files: Hashing workspace fileset{cache_key="nx.json,.gitignore,.nxignore"}: Hash Value: "12630403656253729768"
[NX v21.4.1 Daemon Server] - 2025-09-13T19:43:54.464Z - [REQUEST]: Responding to the client. handleHashTasks
[NX v21.4.1 Daemon Server] - 2025-09-13T19:43:54.465Z - Done responding to the client handleHashTasks
[NX v21.4.1 Daemon Server] - 2025-09-13T19:43:54.465Z - Handled HASH_TASKS. Handling time: 28. Response time: 1.
[NX v21.4.1 Daemon Server] - 2025-09-13T19:43:54.528Z - [REQUEST]: Responding to the client. handleGetEstimatedTaskTimings
[NX v21.4.1 Daemon Server] - 2025-09-13T19:43:54.528Z - Done responding to the client handleGetEstimatedTaskTimings
[NX v21.4.1 Daemon Server] - 2025-09-13T19:43:54.528Z - Handled GET_ESTIMATED_TASK_TIMINGS. Handling time: 0. Response time: 0.
[NX v21.4.1 Daemon Server] - 2025-09-13T19:43:54.534Z - [REQUEST]: Responding to the client. outputsHashesMatch
[NX v21.4.1 Daemon Server] - 2025-09-13T19:43:54.534Z - Done responding to the client outputsHashesMatch
[NX v21.4.1 Daemon Server] - 2025-09-13T19:43:54.534Z - Handled OUTPUTS_HASHES_MATCH. Handling time: 3. Response time: 0.
[NX v21.4.1 Daemon Server] - 2025-09-13T19:43:54.539Z - [REQUEST]: Responding to the client. recordOutputsHash
[NX v21.4.1 Daemon Server] - 2025-09-13T19:43:54.539Z - Done responding to the client recordOutputsHash
[NX v21.4.1 Daemon Server] - 2025-09-13T19:43:54.539Z - Handled RECORD_OUTPUTS_HASH. Handling time: 2. Response time: 0.
[NX v21.4.1 Daemon Server] - 2025-09-13T19:43:56.066Z - Established a connection. Number of open connections: 5
[NX v21.4.1 Daemon Server] - 2025-09-13T19:43:56.067Z - Closed a connection. Number of open connections: 4
[NX v21.4.1 Daemon Server] - 2025-09-13T19:43:56.067Z - Established a connection. Number of open connections: 5
[NX v21.4.1 Daemon Server] - 2025-09-13T19:43:56.067Z - [REQUEST]: Client Request for Project Graph Received
[NX v21.4.1 Daemon Server] - 2025-09-13T19:43:56.067Z - Reusing in-memory cached project graph because no files changed.
[NX v21.4.1 Daemon Server] - 2025-09-13T19:43:56.067Z - [REQUEST]: Responding to the client. project-graph
[NX v21.4.1 Daemon Server] - 2025-09-13T19:43:56.068Z - Time taken for 'total for creating and serializing project graph' 0.12924999929964542ms
[NX v21.4.1 Daemon Server] - 2025-09-13T19:43:56.070Z - Done responding to the client project-graph
[NX v21.4.1 Daemon Server] - 2025-09-13T19:43:56.070Z - Handled REQUEST_PROJECT_GRAPH. Handling time: 0. Response time: 3.
[NX v21.4.1 Daemon Server] - 2025-09-13T19:43:56.237Z - [REQUEST]: Client Request for Project Graph Received
[NX v21.4.1 Daemon Server] - 2025-09-13T19:43:56.237Z - Reusing in-memory cached project graph because no files changed.
[NX v21.4.1 Daemon Server] - 2025-09-13T19:43:56.237Z - [REQUEST]: Responding to the client. project-graph
[NX v21.4.1 Daemon Server] - 2025-09-13T19:43:56.239Z - Time taken for 'total for creating and serializing project graph' 0.20874999836087227ms
[NX v21.4.1 Daemon Server] - 2025-09-13T19:43:56.243Z - Done responding to the client project-graph
[NX v21.4.1 Daemon Server] - 2025-09-13T19:43:56.243Z - Handled REQUEST_PROJECT_GRAPH. Handling time: 0. Response time: 6.
[NX v21.4.1 Daemon Server] - 2025-09-13T19:43:56.339Z - [WATCHER]: Processing file changes in outputs
[NX v21.4.1 Daemon Server] - 2025-09-13T19:43:59.633Z - [WATCHER]: Processing file changes in outputs
[NX v21.4.1 Daemon Server] - 2025-09-13T19:43:59.768Z - [WATCHER]: Processing file changes in outputs
[NX v21.4.1 Daemon Server] - 2025-09-13T19:44:01.433Z - [WATCHER]: Processing file changes in outputs
[NX v21.4.1 Daemon Server] - 2025-09-13T19:44:01.515Z - [WATCHER]: Processing file changes in outputs
[NX v21.4.1 Daemon Server] - 2025-09-13T19:44:04.413Z - [WATCHER]: Processing file changes in outputs
[NX v21.4.1 Daemon Server] - 2025-09-13T19:44:05.228Z - [WATCHER]: Processing file changes in outputs
[NX v21.4.1 Daemon Server] - 2025-09-13T19:44:05.296Z - [WATCHER]: Processing file changes in outputs
[NX v21.4.1 Daemon Server] - 2025-09-13T19:44:08.027Z - [WATCHER]: Processing file changes in outputs
[NX v21.4.1 Daemon Server] - 2025-09-13T19:44:08.112Z - Closed a connection. Number of open connections: 4
[NX v21.4.1 Daemon Server] - 2025-09-13T19:44:08.141Z - [REQUEST]: Responding to the client. recordOutputsHash
[NX v21.4.1 Daemon Server] - 2025-09-13T19:44:08.141Z - Done responding to the client recordOutputsHash
[NX v21.4.1 Daemon Server] - 2025-09-13T19:44:08.141Z - Handled RECORD_OUTPUTS_HASH. Handling time: 3. Response time: 0.
[NX v21.4.1 Daemon Server] - 2025-09-13T19:44:08.146Z - [REQUEST]: Responding to the client. handleRecordTaskRuns
[NX v21.4.1 Daemon Server] - 2025-09-13T19:44:08.146Z - Done responding to the client handleRecordTaskRuns
[NX v21.4.1 Daemon Server] - 2025-09-13T19:44:08.146Z - Handled RECORD_TASK_RUNS. Handling time: 1. Response time: 0.
[NX v21.4.1 Daemon Server] - 2025-09-13T19:44:08.147Z - [REQUEST]: Responding to the client. handleGetFlakyTasks
[NX v21.4.1 Daemon Server] - 2025-09-13T19:44:08.147Z - Done responding to the client handleGetFlakyTasks
[NX v21.4.1 Daemon Server] - 2025-09-13T19:44:08.147Z - Handled GET_FLAKY_TASKS. Handling time: 0. Response time: 0.
[NX v21.4.1 Daemon Server] - 2025-09-13T19:44:08.175Z - [WATCHER]: Processing file changes in outputs
[NX v21.4.1 Daemon Server] - 2025-09-13T19:44:11.395Z - [REQUEST]: Responding to the client. handleRunPostTasksExecution
[NX v21.4.1 Daemon Server] - 2025-09-13T19:44:11.395Z - Done responding to the client handleRunPostTasksExecution
[NX v21.4.1 Daemon Server] - 2025-09-13T19:44:11.395Z - Handled POST_TASKS_EXECUTION. Handling time: 0. Response time: 0.
[NX v21.4.1 Daemon Server] - 2025-09-13T19:44:11.395Z - Time taken for 'postTasksExecution' 0.13208300061523914ms
[NX v21.4.1 Daemon Server] - 2025-09-13T19:44:11.401Z - Closed a connection. Number of open connections: 3
[NX v21.4.1 Daemon Server] - 2025-09-13T19:44:15.119Z - [WATCHER]: apps/admin/app/features/user/Form/components/user.tsx was modified
[NX v21.4.1 Daemon Server] - 2025-09-13T19:44:15.120Z - [WATCHER]: Processing file changes in outputs
[NX v21.4.1 Daemon Server] - 2025-09-13T19:44:15.220Z - [REQUEST]: Updated workspace context based on watched changes, recomputing project graph...
[NX v21.4.1 Daemon Server] - 2025-09-13T19:44:15.220Z - [REQUEST]: apps/admin/app/features/user/Form/components/user.tsx
[NX v21.4.1 Daemon Server] - 2025-09-13T19:44:15.220Z - [REQUEST]: 
[NX v21.4.1 Daemon Server] - 2025-09-13T19:44:15.223Z - Time taken for 'hash changed files from watcher' 0.7521250005811453ms
Time for 'nx/core/package-json:createNodes' [33m3.275374999269843[39m
Time for 'nx/core/project-json:createNodes' [33m3.859790999442339[39m
Time for 'nx/js/dependencies-and-lockfile:createNodes' [33m20.45795900002122[39m
[NX v21.4.1 Daemon Server] - 2025-09-13T19:44:15.266Z - Time taken for 'build-project-configs' 40.52762500010431ms
Time for 'build typescript dependencies' [33m6.2225419990718365[39m
[NX v21.4.1 Daemon Server] - 2025-09-13T19:44:15.324Z - Wrote project graph cache to /Users/3bird/Documents/personal/studycourse/education-site-frontend/.nx/workspace-data/project-graph.json
[NX v21.4.1 Daemon Server] - 2025-09-13T19:44:15.324Z - [SYNC]: collect registered sync generators
[NX v21.4.1 Daemon Server] - 2025-09-13T19:44:15.324Z - [SYNC]: project graph hash is the same, not collecting task sync generators
[NX v21.4.1 Daemon Server] - 2025-09-13T19:44:15.324Z - [SYNC]: nx.json hash is the same, not collecting global sync generators
[NX v21.4.1 Daemon Server] - 2025-09-13T19:44:15.324Z - Time taken for 'total execution time for createProjectGraph()' 50.46395800076425ms
[NX v21.4.1 Daemon Server] - 2025-09-13T19:44:17.815Z - [WATCHER]: apps/admin/app/features/user/Form/components/user.tsx was modified
[NX v21.4.1 Daemon Server] - 2025-09-13T19:44:17.815Z - [WATCHER]: Processing file changes in outputs
[NX v21.4.1 Daemon Server] - 2025-09-13T19:44:18.015Z - [REQUEST]: Updated workspace context based on watched changes, recomputing project graph...
[NX v21.4.1 Daemon Server] - 2025-09-13T19:44:18.015Z - [REQUEST]: apps/admin/app/features/user/Form/components/user.tsx
[NX v21.4.1 Daemon Server] - 2025-09-13T19:44:18.015Z - [REQUEST]: 
[NX v21.4.1 Daemon Server] - 2025-09-13T19:44:18.016Z - Time taken for 'hash changed files from watcher' 0.2675000000745058ms
Time for 'nx/core/package-json:createNodes' [33m0.1882920004427433[39m
Time for 'nx/core/project-json:createNodes' [33m0.37004199996590614[39m
Time for 'nx/js/dependencies-and-lockfile:createNodes' [33m5.320125000551343[39m
[NX v21.4.1 Daemon Server] - 2025-09-13T19:44:18.031Z - Time taken for 'build-project-configs' 12.124125000089407ms
Time for 'build typescript dependencies' [33m8.34337499924004[39m
[NX v21.4.1 Daemon Server] - 2025-09-13T19:44:18.073Z - Wrote project graph cache to /Users/3bird/Documents/personal/studycourse/education-site-frontend/.nx/workspace-data/project-graph.json
[NX v21.4.1 Daemon Server] - 2025-09-13T19:44:18.073Z - [SYNC]: collect registered sync generators
[NX v21.4.1 Daemon Server] - 2025-09-13T19:44:18.073Z - [SYNC]: project graph hash is the same, not collecting task sync generators
[NX v21.4.1 Daemon Server] - 2025-09-13T19:44:18.073Z - [SYNC]: nx.json hash is the same, not collecting global sync generators
[NX v21.4.1 Daemon Server] - 2025-09-13T19:44:18.073Z - Time taken for 'total execution time for createProjectGraph()' 35.89912499859929ms
[NX v21.4.1 Daemon Server] - 2025-09-13T19:44:23.530Z - [WATCHER]: apps/admin/app/features/user/Form/components/user.tsx was modified
[NX v21.4.1 Daemon Server] - 2025-09-13T19:44:23.531Z - [WATCHER]: Processing file changes in outputs
[NX v21.4.1 Daemon Server] - 2025-09-13T19:44:23.931Z - [REQUEST]: Updated workspace context based on watched changes, recomputing project graph...
[NX v21.4.1 Daemon Server] - 2025-09-13T19:44:23.931Z - [REQUEST]: apps/admin/app/features/user/Form/components/user.tsx
[NX v21.4.1 Daemon Server] - 2025-09-13T19:44:23.931Z - [REQUEST]: 
[NX v21.4.1 Daemon Server] - 2025-09-13T19:44:23.932Z - Time taken for 'hash changed files from watcher' 0.37395800091326237ms
Time for 'nx/core/project-json:createNodes' [33m0.7317919991910458[39m
Time for 'nx/core/package-json:createNodes' [33m0.5856249984353781[39m
Time for 'nx/js/dependencies-and-lockfile:createNodes' [33m11.248792000114918[39m
[NX v21.4.1 Daemon Server] - 2025-09-13T19:44:23.954Z - Time taken for 'build-project-configs' 17.88462500087917ms
Time for 'build typescript dependencies' [33m0.013624999672174454[39m
[NX v21.4.1 Daemon Server] - 2025-09-13T19:44:23.983Z - Wrote project graph cache to /Users/3bird/Documents/personal/studycourse/education-site-frontend/.nx/workspace-data/project-graph.json
[NX v21.4.1 Daemon Server] - 2025-09-13T19:44:23.983Z - [SYNC]: collect registered sync generators
[NX v21.4.1 Daemon Server] - 2025-09-13T19:44:23.983Z - [SYNC]: project graph hash is the same, not collecting task sync generators
[NX v21.4.1 Daemon Server] - 2025-09-13T19:44:23.983Z - [SYNC]: nx.json hash is the same, not collecting global sync generators
[NX v21.4.1 Daemon Server] - 2025-09-13T19:44:23.983Z - Time taken for 'total execution time for createProjectGraph()' 24.489082999527454ms
[NX v21.4.1 Daemon Server] - 2025-09-13T19:44:27.717Z - Established a connection. Number of open connections: 4
[NX v21.4.1 Daemon Server] - 2025-09-13T19:44:27.717Z - Closed a connection. Number of open connections: 3
[NX v21.4.1 Daemon Server] - 2025-09-13T19:44:27.718Z - Established a connection. Number of open connections: 4
[NX v21.4.1 Daemon Server] - 2025-09-13T19:44:27.720Z - [REQUEST]: Client Request for Project Graph Received
[NX v21.4.1 Daemon Server] - 2025-09-13T19:44:27.720Z - Reusing in-memory cached project graph because no files changed.
[NX v21.4.1 Daemon Server] - 2025-09-13T19:44:27.720Z - [REQUEST]: Responding to the client. project-graph
[NX v21.4.1 Daemon Server] - 2025-09-13T19:44:27.721Z - Time taken for 'total for creating and serializing project graph' 0.20229200087487698ms
[NX v21.4.1 Daemon Server] - 2025-09-13T19:44:27.723Z - Done responding to the client project-graph
[NX v21.4.1 Daemon Server] - 2025-09-13T19:44:27.723Z - Handled REQUEST_PROJECT_GRAPH. Handling time: 0. Response time: 3.
[NX v21.4.1 Daemon Server] - 2025-09-13T19:44:27.728Z - [REQUEST]: Responding to the client. handleRunPreTasksExecution
[NX v21.4.1 Daemon Server] - 2025-09-13T19:44:27.728Z - Done responding to the client handleRunPreTasksExecution
[NX v21.4.1 Daemon Server] - 2025-09-13T19:44:27.728Z - Handled PRE_TASKS_EXECUTION. Handling time: 0. Response time: 0.
[NX v21.4.1 Daemon Server] - 2025-09-13T19:44:27.728Z - Time taken for 'preTasksExecution' 0.05770900100469589ms
[NX v21.4.1 Daemon Server] - 2025-09-13T19:44:27.792Z - Reusing in-memory cached project graph because no files changed.
DEBUG nx::native::tasks::task_hasher: plan length: 2
DEBUG nx::native::tasks::hashers::hash_workspace_files: Hashing workspace fileset{cache_key="nx.json,.gitignore,.nxignore"}: Adding "2913894268036001599" (".gitignore") to hash
DEBUG nx::native::tasks::hashers::hash_workspace_files: Hashing workspace fileset{cache_key="nx.json,.gitignore,.nxignore"}: Adding "3619439782444644385" ("nx.json") to hash
DEBUG nx::native::tasks::hashers::hash_workspace_files: Hashing workspace fileset{cache_key="nx.json,.gitignore,.nxignore"}: Hash Value: "12630403656253729768"
[NX v21.4.1 Daemon Server] - 2025-09-13T19:44:27.815Z - [REQUEST]: Responding to the client. handleHashTasks
[NX v21.4.1 Daemon Server] - 2025-09-13T19:44:27.815Z - Done responding to the client handleHashTasks
[NX v21.4.1 Daemon Server] - 2025-09-13T19:44:27.815Z - Handled HASH_TASKS. Handling time: 23. Response time: 0.
[NX v21.4.1 Daemon Server] - 2025-09-13T19:44:27.866Z - [REQUEST]: Responding to the client. handleGetEstimatedTaskTimings
[NX v21.4.1 Daemon Server] - 2025-09-13T19:44:27.866Z - Done responding to the client handleGetEstimatedTaskTimings
[NX v21.4.1 Daemon Server] - 2025-09-13T19:44:27.866Z - Handled GET_ESTIMATED_TASK_TIMINGS. Handling time: 0. Response time: 1.
[NX v21.4.1 Daemon Server] - 2025-09-13T19:44:27.872Z - [REQUEST]: Responding to the client. outputsHashesMatch
[NX v21.4.1 Daemon Server] - 2025-09-13T19:44:27.872Z - Done responding to the client outputsHashesMatch
[NX v21.4.1 Daemon Server] - 2025-09-13T19:44:27.872Z - Handled OUTPUTS_HASHES_MATCH. Handling time: 3. Response time: 0.
[NX v21.4.1 Daemon Server] - 2025-09-13T19:44:27.876Z - [REQUEST]: Responding to the client. recordOutputsHash
[NX v21.4.1 Daemon Server] - 2025-09-13T19:44:27.876Z - Done responding to the client recordOutputsHash
[NX v21.4.1 Daemon Server] - 2025-09-13T19:44:27.876Z - Handled RECORD_OUTPUTS_HASH. Handling time: 2. Response time: 0.
[NX v21.4.1 Daemon Server] - 2025-09-13T19:44:29.285Z - Established a connection. Number of open connections: 5
[NX v21.4.1 Daemon Server] - 2025-09-13T19:44:29.287Z - Closed a connection. Number of open connections: 4
[NX v21.4.1 Daemon Server] - 2025-09-13T19:44:29.287Z - Established a connection. Number of open connections: 5
[NX v21.4.1 Daemon Server] - 2025-09-13T19:44:29.287Z - [REQUEST]: Client Request for Project Graph Received
[NX v21.4.1 Daemon Server] - 2025-09-13T19:44:29.287Z - Reusing in-memory cached project graph because no files changed.
[NX v21.4.1 Daemon Server] - 2025-09-13T19:44:29.287Z - [REQUEST]: Responding to the client. project-graph
[NX v21.4.1 Daemon Server] - 2025-09-13T19:44:29.288Z - Time taken for 'total for creating and serializing project graph' 0.1225419994443655ms
[NX v21.4.1 Daemon Server] - 2025-09-13T19:44:29.290Z - Done responding to the client project-graph
[NX v21.4.1 Daemon Server] - 2025-09-13T19:44:29.290Z - Handled REQUEST_PROJECT_GRAPH. Handling time: 0. Response time: 3.
[NX v21.4.1 Daemon Server] - 2025-09-13T19:44:29.446Z - [REQUEST]: Client Request for Project Graph Received
[NX v21.4.1 Daemon Server] - 2025-09-13T19:44:29.446Z - Reusing in-memory cached project graph because no files changed.
[NX v21.4.1 Daemon Server] - 2025-09-13T19:44:29.446Z - [REQUEST]: Responding to the client. project-graph
[NX v21.4.1 Daemon Server] - 2025-09-13T19:44:29.447Z - Time taken for 'total for creating and serializing project graph' 0.1488340012729168ms
[NX v21.4.1 Daemon Server] - 2025-09-13T19:44:29.449Z - Done responding to the client project-graph
[NX v21.4.1 Daemon Server] - 2025-09-13T19:44:29.449Z - Handled REQUEST_PROJECT_GRAPH. Handling time: 0. Response time: 3.
[NX v21.4.1 Daemon Server] - 2025-09-13T19:44:29.529Z - [WATCHER]: Processing file changes in outputs
[NX v21.4.1 Daemon Server] - 2025-09-13T19:44:32.784Z - [WATCHER]: Processing file changes in outputs
[NX v21.4.1 Daemon Server] - 2025-09-13T19:44:32.889Z - [WATCHER]: Processing file changes in outputs
[NX v21.4.1 Daemon Server] - 2025-09-13T19:44:33.047Z - [WATCHER]: Processing file changes in outputs
[NX v21.4.1 Daemon Server] - 2025-09-13T19:44:33.133Z - [WATCHER]: Processing file changes in outputs
[NX v21.4.1 Daemon Server] - 2025-09-13T19:44:33.152Z - [WATCHER]: Processing file changes in outputs
[NX v21.4.1 Daemon Server] - 2025-09-13T19:44:33.535Z - [WATCHER]: Processing file changes in outputs
[NX v21.4.1 Daemon Server] - 2025-09-13T19:44:36.105Z - [WATCHER]: Processing file changes in outputs
[NX v21.4.1 Daemon Server] - 2025-09-13T19:44:36.348Z - [WATCHER]: Processing file changes in outputs
[NX v21.4.1 Daemon Server] - 2025-09-13T19:44:39.058Z - [WATCHER]: Processing file changes in outputs
[NX v21.4.1 Daemon Server] - 2025-09-13T19:44:39.133Z - Closed a connection. Number of open connections: 4
[NX v21.4.1 Daemon Server] - 2025-09-13T19:44:39.158Z - [REQUEST]: Responding to the client. recordOutputsHash
[NX v21.4.1 Daemon Server] - 2025-09-13T19:44:39.158Z - Done responding to the client recordOutputsHash
[NX v21.4.1 Daemon Server] - 2025-09-13T19:44:39.158Z - Handled RECORD_OUTPUTS_HASH. Handling time: 5. Response time: 0.
[NX v21.4.1 Daemon Server] - 2025-09-13T19:44:39.162Z - [REQUEST]: Responding to the client. handleRecordTaskRuns
[NX v21.4.1 Daemon Server] - 2025-09-13T19:44:39.162Z - Done responding to the client handleRecordTaskRuns
[NX v21.4.1 Daemon Server] - 2025-09-13T19:44:39.162Z - Handled RECORD_TASK_RUNS. Handling time: 1. Response time: 0.
[NX v21.4.1 Daemon Server] - 2025-09-13T19:44:39.164Z - [REQUEST]: Responding to the client. handleGetFlakyTasks
[NX v21.4.1 Daemon Server] - 2025-09-13T19:44:39.164Z - Done responding to the client handleGetFlakyTasks
[NX v21.4.1 Daemon Server] - 2025-09-13T19:44:39.164Z - Handled GET_FLAKY_TASKS. Handling time: 1. Response time: 0.
[NX v21.4.1 Daemon Server] - 2025-09-13T19:44:39.196Z - [WATCHER]: Processing file changes in outputs
[NX v21.4.1 Daemon Server] - 2025-09-13T19:44:42.444Z - [REQUEST]: Responding to the client. handleRunPostTasksExecution
[NX v21.4.1 Daemon Server] - 2025-09-13T19:44:42.444Z - Done responding to the client handleRunPostTasksExecution
[NX v21.4.1 Daemon Server] - 2025-09-13T19:44:42.444Z - Handled POST_TASKS_EXECUTION. Handling time: 0. Response time: 0.
[NX v21.4.1 Daemon Server] - 2025-09-13T19:44:42.446Z - Time taken for 'postTasksExecution' 0.12249999865889549ms
[NX v21.4.1 Daemon Server] - 2025-09-13T19:44:42.450Z - Closed a connection. Number of open connections: 3
[NX v21.4.1 Daemon Server] - 2025-09-13T19:44:46.141Z - [WATCHER]: apps/admin/app/features/user/Form/components/user.tsx was modified
[NX v21.4.1 Daemon Server] - 2025-09-13T19:44:46.142Z - [WATCHER]: Processing file changes in outputs
[NX v21.4.1 Daemon Server] - 2025-09-13T19:44:46.242Z - [REQUEST]: Updated workspace context based on watched changes, recomputing project graph...
[NX v21.4.1 Daemon Server] - 2025-09-13T19:44:46.243Z - [REQUEST]: apps/admin/app/features/user/Form/components/user.tsx
[NX v21.4.1 Daemon Server] - 2025-09-13T19:44:46.243Z - [REQUEST]: 
[NX v21.4.1 Daemon Server] - 2025-09-13T19:44:46.246Z - Time taken for 'hash changed files from watcher' 0.8564590010792017ms
Time for 'nx/core/project-json:createNodes' [33m3.859333999454975[39m
Time for 'nx/core/package-json:createNodes' [33m3.3029589988291264[39m
Time for 'nx/js/dependencies-and-lockfile:createNodes' [33m11.856833999976516[39m
[NX v21.4.1 Daemon Server] - 2025-09-13T19:44:46.273Z - Time taken for 'build-project-configs' 23.57854099944234ms
Time for 'build typescript dependencies' [33m3.554958000779152[39m
[NX v21.4.1 Daemon Server] - 2025-09-13T19:44:46.314Z - Wrote project graph cache to /Users/3bird/Documents/personal/studycourse/education-site-frontend/.nx/workspace-data/project-graph.json
[NX v21.4.1 Daemon Server] - 2025-09-13T19:44:46.314Z - [SYNC]: collect registered sync generators
[NX v21.4.1 Daemon Server] - 2025-09-13T19:44:46.314Z - [SYNC]: project graph hash is the same, not collecting task sync generators
[NX v21.4.1 Daemon Server] - 2025-09-13T19:44:46.314Z - [SYNC]: nx.json hash is the same, not collecting global sync generators
[NX v21.4.1 Daemon Server] - 2025-09-13T19:44:46.314Z - Time taken for 'total execution time for createProjectGraph()' 32.70329200103879ms
[NX v21.4.1 Daemon Server] - 2025-09-13T19:44:50.089Z - [WATCHER]: apps/admin/app/features/user/Form/components/user.tsx was modified
[NX v21.4.1 Daemon Server] - 2025-09-13T19:44:50.089Z - [WATCHER]: Processing file changes in outputs
[NX v21.4.1 Daemon Server] - 2025-09-13T19:44:50.290Z - [REQUEST]: Updated workspace context based on watched changes, recomputing project graph...
[NX v21.4.1 Daemon Server] - 2025-09-13T19:44:50.290Z - [REQUEST]: apps/admin/app/features/user/Form/components/user.tsx
[NX v21.4.1 Daemon Server] - 2025-09-13T19:44:50.290Z - [REQUEST]: 
[NX v21.4.1 Daemon Server] - 2025-09-13T19:44:50.292Z - Time taken for 'hash changed files from watcher' 0.3565830010920763ms
Time for 'nx/core/project-json:createNodes' [33m0.25200000032782555[39m
Time for 'nx/core/package-json:createNodes' [33m0.7024999987334013[39m
Time for 'nx/js/dependencies-and-lockfile:createNodes' [33m5.606334000825882[39m
[NX v21.4.1 Daemon Server] - 2025-09-13T19:44:50.314Z - Time taken for 'build-project-configs' 19.704459000378847ms
Time for 'build typescript dependencies' [33m0.015459001064300537[39m
[NX v21.4.1 Daemon Server] - 2025-09-13T19:44:50.342Z - Wrote project graph cache to /Users/3bird/Documents/personal/studycourse/education-site-frontend/.nx/workspace-data/project-graph.json
[NX v21.4.1 Daemon Server] - 2025-09-13T19:44:50.343Z - [SYNC]: collect registered sync generators
[NX v21.4.1 Daemon Server] - 2025-09-13T19:44:50.343Z - [SYNC]: project graph hash is the same, not collecting task sync generators
[NX v21.4.1 Daemon Server] - 2025-09-13T19:44:50.343Z - [SYNC]: nx.json hash is the same, not collecting global sync generators
[NX v21.4.1 Daemon Server] - 2025-09-13T19:44:50.343Z - Time taken for 'total execution time for createProjectGraph()' 20.679791999980807ms
[NX v21.4.1 Daemon Server] - 2025-09-13T19:44:52.534Z - Established a connection. Number of open connections: 4
[NX v21.4.1 Daemon Server] - 2025-09-13T19:44:52.534Z - Closed a connection. Number of open connections: 3
[NX v21.4.1 Daemon Server] - 2025-09-13T19:44:52.535Z - Established a connection. Number of open connections: 4
[NX v21.4.1 Daemon Server] - 2025-09-13T19:44:52.536Z - [REQUEST]: Client Request for Project Graph Received
[NX v21.4.1 Daemon Server] - 2025-09-13T19:44:52.537Z - Reusing in-memory cached project graph because no files changed.
[NX v21.4.1 Daemon Server] - 2025-09-13T19:44:52.537Z - [REQUEST]: Responding to the client. project-graph
[NX v21.4.1 Daemon Server] - 2025-09-13T19:44:52.538Z - Time taken for 'total for creating and serializing project graph' 0.25833299942314625ms
[NX v21.4.1 Daemon Server] - 2025-09-13T19:44:52.539Z - Done responding to the client project-graph
[NX v21.4.1 Daemon Server] - 2025-09-13T19:44:52.539Z - Handled REQUEST_PROJECT_GRAPH. Handling time: 1. Response time: 2.
[NX v21.4.1 Daemon Server] - 2025-09-13T19:44:52.544Z - [REQUEST]: Responding to the client. handleRunPreTasksExecution
[NX v21.4.1 Daemon Server] - 2025-09-13T19:44:52.544Z - Done responding to the client handleRunPreTasksExecution
[NX v21.4.1 Daemon Server] - 2025-09-13T19:44:52.544Z - Handled PRE_TASKS_EXECUTION. Handling time: 0. Response time: 0.
[NX v21.4.1 Daemon Server] - 2025-09-13T19:44:52.544Z - Time taken for 'preTasksExecution' 0.05041700042784214ms
[NX v21.4.1 Daemon Server] - 2025-09-13T19:44:52.608Z - Reusing in-memory cached project graph because no files changed.
DEBUG nx::native::tasks::task_hasher: plan length: 2
DEBUG nx::native::tasks::hashers::hash_workspace_files: Hashing workspace fileset{cache_key="nx.json,.gitignore,.nxignore"}: Adding "2913894268036001599" (".gitignore") to hash
DEBUG nx::native::tasks::hashers::hash_workspace_files: Hashing workspace fileset{cache_key="nx.json,.gitignore,.nxignore"}: Adding "3619439782444644385" ("nx.json") to hash
DEBUG nx::native::tasks::hashers::hash_workspace_files: Hashing workspace fileset{cache_key="nx.json,.gitignore,.nxignore"}: Hash Value: "12630403656253729768"
[NX v21.4.1 Daemon Server] - 2025-09-13T19:44:52.630Z - [REQUEST]: Responding to the client. handleHashTasks
[NX v21.4.1 Daemon Server] - 2025-09-13T19:44:52.631Z - Done responding to the client handleHashTasks
[NX v21.4.1 Daemon Server] - 2025-09-13T19:44:52.631Z - Handled HASH_TASKS. Handling time: 22. Response time: 1.
[NX v21.4.1 Daemon Server] - 2025-09-13T19:44:52.683Z - [REQUEST]: Responding to the client. handleGetEstimatedTaskTimings
[NX v21.4.1 Daemon Server] - 2025-09-13T19:44:52.683Z - Done responding to the client handleGetEstimatedTaskTimings
[NX v21.4.1 Daemon Server] - 2025-09-13T19:44:52.683Z - Handled GET_ESTIMATED_TASK_TIMINGS. Handling time: 1. Response time: 0.
[NX v21.4.1 Daemon Server] - 2025-09-13T19:44:52.688Z - [REQUEST]: Responding to the client. outputsHashesMatch
[NX v21.4.1 Daemon Server] - 2025-09-13T19:44:52.688Z - Done responding to the client outputsHashesMatch
[NX v21.4.1 Daemon Server] - 2025-09-13T19:44:52.688Z - Handled OUTPUTS_HASHES_MATCH. Handling time: 2. Response time: 0.
[NX v21.4.1 Daemon Server] - 2025-09-13T19:44:52.691Z - [REQUEST]: Responding to the client. recordOutputsHash
[NX v21.4.1 Daemon Server] - 2025-09-13T19:44:52.691Z - Done responding to the client recordOutputsHash
[NX v21.4.1 Daemon Server] - 2025-09-13T19:44:52.691Z - Handled RECORD_OUTPUTS_HASH. Handling time: 1. Response time: 0.
[NX v21.4.1 Daemon Server] - 2025-09-13T19:44:54.051Z - Established a connection. Number of open connections: 5
[NX v21.4.1 Daemon Server] - 2025-09-13T19:44:54.052Z - Closed a connection. Number of open connections: 4
[NX v21.4.1 Daemon Server] - 2025-09-13T19:44:54.052Z - Established a connection. Number of open connections: 5
[NX v21.4.1 Daemon Server] - 2025-09-13T19:44:54.053Z - [REQUEST]: Client Request for Project Graph Received
[NX v21.4.1 Daemon Server] - 2025-09-13T19:44:54.053Z - Reusing in-memory cached project graph because no files changed.
[NX v21.4.1 Daemon Server] - 2025-09-13T19:44:54.053Z - [REQUEST]: Responding to the client. project-graph
[NX v21.4.1 Daemon Server] - 2025-09-13T19:44:54.054Z - Time taken for 'total for creating and serializing project graph' 0.11737500131130219ms
[NX v21.4.1 Daemon Server] - 2025-09-13T19:44:54.056Z - Done responding to the client project-graph
[NX v21.4.1 Daemon Server] - 2025-09-13T19:44:54.056Z - Handled REQUEST_PROJECT_GRAPH. Handling time: 0. Response time: 3.
[NX v21.4.1 Daemon Server] - 2025-09-13T19:44:54.215Z - [REQUEST]: Client Request for Project Graph Received
[NX v21.4.1 Daemon Server] - 2025-09-13T19:44:54.215Z - Reusing in-memory cached project graph because no files changed.
[NX v21.4.1 Daemon Server] - 2025-09-13T19:44:54.215Z - [REQUEST]: Responding to the client. project-graph
[NX v21.4.1 Daemon Server] - 2025-09-13T19:44:54.216Z - Time taken for 'total for creating and serializing project graph' 0.15858300030231476ms
[NX v21.4.1 Daemon Server] - 2025-09-13T19:44:54.218Z - Done responding to the client project-graph
[NX v21.4.1 Daemon Server] - 2025-09-13T19:44:54.218Z - Handled REQUEST_PROJECT_GRAPH. Handling time: 0. Response time: 3.
[NX v21.4.1 Daemon Server] - 2025-09-13T19:44:54.298Z - [WATCHER]: Processing file changes in outputs
[NX v21.4.1 Daemon Server] - 2025-09-13T19:44:54.352Z - [WATCHER]: Processing file changes in outputs
[NX v21.4.1 Daemon Server] - 2025-09-13T19:44:57.655Z - [WATCHER]: Processing file changes in outputs
[NX v21.4.1 Daemon Server] - 2025-09-13T19:44:57.764Z - [WATCHER]: Processing file changes in outputs
[NX v21.4.1 Daemon Server] - 2025-09-13T19:44:57.901Z - [WATCHER]: Processing file changes in outputs
[NX v21.4.1 Daemon Server] - 2025-09-13T19:44:57.952Z - [WATCHER]: Processing file changes in outputs
[NX v21.4.1 Daemon Server] - 2025-09-13T19:45:00.320Z - [WATCHER]: Processing file changes in outputs
[NX v21.4.1 Daemon Server] - 2025-09-13T19:45:00.373Z - [WATCHER]: Processing file changes in outputs
[NX v21.4.1 Daemon Server] - 2025-09-13T19:45:00.480Z - [WATCHER]: Processing file changes in outputs
[NX v21.4.1 Daemon Server] - 2025-09-13T19:45:03.175Z - [WATCHER]: Processing file changes in outputs
[NX v21.4.1 Daemon Server] - 2025-09-13T19:45:03.269Z - Closed a connection. Number of open connections: 4
[NX v21.4.1 Daemon Server] - 2025-09-13T19:45:03.288Z - [REQUEST]: Responding to the client. recordOutputsHash
[NX v21.4.1 Daemon Server] - 2025-09-13T19:45:03.288Z - Done responding to the client recordOutputsHash
[NX v21.4.1 Daemon Server] - 2025-09-13T19:45:03.288Z - Handled RECORD_OUTPUTS_HASH. Handling time: 4. Response time: 0.
[NX v21.4.1 Daemon Server] - 2025-09-13T19:45:03.291Z - [REQUEST]: Responding to the client. handleRecordTaskRuns
[NX v21.4.1 Daemon Server] - 2025-09-13T19:45:03.291Z - Done responding to the client handleRecordTaskRuns
[NX v21.4.1 Daemon Server] - 2025-09-13T19:45:03.291Z - Handled RECORD_TASK_RUNS. Handling time: 1. Response time: 0.
[NX v21.4.1 Daemon Server] - 2025-09-13T19:45:03.293Z - [REQUEST]: Responding to the client. handleGetFlakyTasks
[NX v21.4.1 Daemon Server] - 2025-09-13T19:45:03.293Z - Done responding to the client handleGetFlakyTasks
[NX v21.4.1 Daemon Server] - 2025-09-13T19:45:03.293Z - Handled GET_FLAKY_TASKS. Handling time: 1. Response time: 0.
[NX v21.4.1 Daemon Server] - 2025-09-13T19:45:03.330Z - [WATCHER]: Processing file changes in outputs
[NX v21.4.1 Daemon Server] - 2025-09-13T19:45:06.572Z - [REQUEST]: Responding to the client. handleRunPostTasksExecution
[NX v21.4.1 Daemon Server] - 2025-09-13T19:45:06.572Z - Done responding to the client handleRunPostTasksExecution
[NX v21.4.1 Daemon Server] - 2025-09-13T19:45:06.572Z - Handled POST_TASKS_EXECUTION. Handling time: 0. Response time: 0.
[NX v21.4.1 Daemon Server] - 2025-09-13T19:45:06.572Z - Time taken for 'postTasksExecution' 0.1271250005811453ms
[NX v21.4.1 Daemon Server] - 2025-09-13T19:45:06.578Z - Closed a connection. Number of open connections: 3
[NX v21.4.1 Daemon Server] - 2025-09-13T19:45:10.561Z - [WATCHER]: apps/admin/components/SCForm/SCCheckbox/index.tsx was modified
[NX v21.4.1 Daemon Server] - 2025-09-13T19:45:10.561Z - [WATCHER]: Processing file changes in outputs
[NX v21.4.1 Daemon Server] - 2025-09-13T19:45:10.662Z - [REQUEST]: Updated workspace context based on watched changes, recomputing project graph...
[NX v21.4.1 Daemon Server] - 2025-09-13T19:45:10.662Z - [REQUEST]: apps/admin/components/SCForm/SCCheckbox/index.tsx
[NX v21.4.1 Daemon Server] - 2025-09-13T19:45:10.662Z - [REQUEST]: 
[NX v21.4.1 Daemon Server] - 2025-09-13T19:45:10.664Z - Time taken for 'hash changed files from watcher' 0.75441699847579ms
Time for 'nx/core/package-json:createNodes' [33m1.8185419999063015[39m
Time for 'nx/core/project-json:createNodes' [33m2.7404169999063015[39m
Time for 'nx/js/dependencies-and-lockfile:createNodes' [33m13.039542000740767[39m
[NX v21.4.1 Daemon Server] - 2025-09-13T19:45:10.697Z - Time taken for 'build-project-configs' 30.099500000476837ms
Time for 'build typescript dependencies' [33m3.3381669986993074[39m
[NX v21.4.1 Daemon Server] - 2025-09-13T19:45:10.726Z - Wrote project graph cache to /Users/3bird/Documents/personal/studycourse/education-site-frontend/.nx/workspace-data/project-graph.json
[NX v21.4.1 Daemon Server] - 2025-09-13T19:45:10.726Z - [SYNC]: collect registered sync generators
[NX v21.4.1 Daemon Server] - 2025-09-13T19:45:10.726Z - [SYNC]: project graph hash is the same, not collecting task sync generators
[NX v21.4.1 Daemon Server] - 2025-09-13T19:45:10.727Z - [SYNC]: nx.json hash is the same, not collecting global sync generators
[NX v21.4.1 Daemon Server] - 2025-09-13T19:45:10.727Z - Time taken for 'total execution time for createProjectGraph()' 24.371500000357628ms
[NX v21.4.1 Daemon Server] - 2025-09-13T19:45:16.091Z - [WATCHER]: apps/admin/components/SCForm/SCCheckbox/index.tsx was modified
[NX v21.4.1 Daemon Server] - 2025-09-13T19:45:16.091Z - [WATCHER]: Processing file changes in outputs
[NX v21.4.1 Daemon Server] - 2025-09-13T19:45:16.292Z - [REQUEST]: Updated workspace context based on watched changes, recomputing project graph...
[NX v21.4.1 Daemon Server] - 2025-09-13T19:45:16.292Z - [REQUEST]: apps/admin/components/SCForm/SCCheckbox/index.tsx
[NX v21.4.1 Daemon Server] - 2025-09-13T19:45:16.292Z - [REQUEST]: 
[NX v21.4.1 Daemon Server] - 2025-09-13T19:45:16.294Z - Time taken for 'hash changed files from watcher' 0.40733399987220764ms
Time for 'nx/core/package-json:createNodes' [33m0.37475000135600567[39m
Time for 'nx/core/project-json:createNodes' [33m1.1326249986886978[39m
Time for 'nx/js/dependencies-and-lockfile:createNodes' [33m11.039582999423146[39m
[NX v21.4.1 Daemon Server] - 2025-09-13T19:45:16.320Z - Time taken for 'build-project-configs' 20.471958000212908ms
Time for 'build typescript dependencies' [33m0.020042000338435173[39m
[NX v21.4.1 Daemon Server] - 2025-09-13T19:45:16.361Z - Wrote project graph cache to /Users/3bird/Documents/personal/studycourse/education-site-frontend/.nx/workspace-data/project-graph.json
[NX v21.4.1 Daemon Server] - 2025-09-13T19:45:16.361Z - [SYNC]: collect registered sync generators
[NX v21.4.1 Daemon Server] - 2025-09-13T19:45:16.361Z - [SYNC]: project graph hash is the same, not collecting task sync generators
[NX v21.4.1 Daemon Server] - 2025-09-13T19:45:16.361Z - [SYNC]: nx.json hash is the same, not collecting global sync generators
[NX v21.4.1 Daemon Server] - 2025-09-13T19:45:16.361Z - Time taken for 'total execution time for createProjectGraph()' 38.986457999795675ms
[NX v21.4.1 Daemon Server] - 2025-09-13T19:45:31.744Z - Established a connection. Number of open connections: 4
[NX v21.4.1 Daemon Server] - 2025-09-13T19:45:31.744Z - Closed a connection. Number of open connections: 3
[NX v21.4.1 Daemon Server] - 2025-09-13T19:45:31.745Z - Established a connection. Number of open connections: 4
[NX v21.4.1 Daemon Server] - 2025-09-13T19:45:31.746Z - [REQUEST]: Client Request for Project Graph Received
[NX v21.4.1 Daemon Server] - 2025-09-13T19:45:31.746Z - Reusing in-memory cached project graph because no files changed.
[NX v21.4.1 Daemon Server] - 2025-09-13T19:45:31.746Z - [REQUEST]: Responding to the client. project-graph
[NX v21.4.1 Daemon Server] - 2025-09-13T19:45:31.747Z - Time taken for 'total for creating and serializing project graph' 0.16799999959766865ms
[NX v21.4.1 Daemon Server] - 2025-09-13T19:45:31.749Z - Done responding to the client project-graph
[NX v21.4.1 Daemon Server] - 2025-09-13T19:45:31.749Z - Handled REQUEST_PROJECT_GRAPH. Handling time: 0. Response time: 3.
[NX v21.4.1 Daemon Server] - 2025-09-13T19:45:31.754Z - [REQUEST]: Responding to the client. handleRunPreTasksExecution
[NX v21.4.1 Daemon Server] - 2025-09-13T19:45:31.755Z - Done responding to the client handleRunPreTasksExecution
[NX v21.4.1 Daemon Server] - 2025-09-13T19:45:31.755Z - Handled PRE_TASKS_EXECUTION. Handling time: 0. Response time: 1.
[NX v21.4.1 Daemon Server] - 2025-09-13T19:45:31.755Z - Time taken for 'preTasksExecution' 0.04787500016391277ms
[NX v21.4.1 Daemon Server] - 2025-09-13T19:45:31.818Z - Reusing in-memory cached project graph because no files changed.
DEBUG nx::native::tasks::task_hasher: plan length: 2
DEBUG nx::native::tasks::hashers::hash_workspace_files: Hashing workspace fileset{cache_key="nx.json,.gitignore,.nxignore"}: Adding "2913894268036001599" (".gitignore") to hash
DEBUG nx::native::tasks::hashers::hash_workspace_files: Hashing workspace fileset{cache_key="nx.json,.gitignore,.nxignore"}: Adding "3619439782444644385" ("nx.json") to hash
DEBUG nx::native::tasks::hashers::hash_workspace_files: Hashing workspace fileset{cache_key="nx.json,.gitignore,.nxignore"}: Hash Value: "12630403656253729768"
[NX v21.4.1 Daemon Server] - 2025-09-13T19:45:31.841Z - [REQUEST]: Responding to the client. handleHashTasks
[NX v21.4.1 Daemon Server] - 2025-09-13T19:45:31.842Z - Done responding to the client handleHashTasks
[NX v21.4.1 Daemon Server] - 2025-09-13T19:45:31.842Z - Handled HASH_TASKS. Handling time: 23. Response time: 1.
[NX v21.4.1 Daemon Server] - 2025-09-13T19:45:31.893Z - [REQUEST]: Responding to the client. handleGetEstimatedTaskTimings
[NX v21.4.1 Daemon Server] - 2025-09-13T19:45:31.893Z - Done responding to the client handleGetEstimatedTaskTimings
[NX v21.4.1 Daemon Server] - 2025-09-13T19:45:31.893Z - Handled GET_ESTIMATED_TASK_TIMINGS. Handling time: 1. Response time: 0.
[NX v21.4.1 Daemon Server] - 2025-09-13T19:45:31.898Z - [REQUEST]: Responding to the client. outputsHashesMatch
[NX v21.4.1 Daemon Server] - 2025-09-13T19:45:31.898Z - Done responding to the client outputsHashesMatch
[NX v21.4.1 Daemon Server] - 2025-09-13T19:45:31.898Z - Handled OUTPUTS_HASHES_MATCH. Handling time: 3. Response time: 0.
[NX v21.4.1 Daemon Server] - 2025-09-13T19:45:31.904Z - [REQUEST]: Responding to the client. recordOutputsHash
[NX v21.4.1 Daemon Server] - 2025-09-13T19:45:31.904Z - Done responding to the client recordOutputsHash
[NX v21.4.1 Daemon Server] - 2025-09-13T19:45:31.904Z - Handled RECORD_OUTPUTS_HASH. Handling time: 4. Response time: 0.
[NX v21.4.1 Daemon Server] - 2025-09-13T19:45:33.273Z - Established a connection. Number of open connections: 5
[NX v21.4.1 Daemon Server] - 2025-09-13T19:45:33.274Z - Closed a connection. Number of open connections: 4
[NX v21.4.1 Daemon Server] - 2025-09-13T19:45:33.274Z - Established a connection. Number of open connections: 5
[NX v21.4.1 Daemon Server] - 2025-09-13T19:45:33.274Z - [REQUEST]: Client Request for Project Graph Received
[NX v21.4.1 Daemon Server] - 2025-09-13T19:45:33.275Z - Reusing in-memory cached project graph because no files changed.
[NX v21.4.1 Daemon Server] - 2025-09-13T19:45:33.275Z - [REQUEST]: Responding to the client. project-graph
[NX v21.4.1 Daemon Server] - 2025-09-13T19:45:33.276Z - Time taken for 'total for creating and serializing project graph' 0.11362499929964542ms
[NX v21.4.1 Daemon Server] - 2025-09-13T19:45:33.277Z - Done responding to the client project-graph
[NX v21.4.1 Daemon Server] - 2025-09-13T19:45:33.277Z - Handled REQUEST_PROJECT_GRAPH. Handling time: 1. Response time: 2.
[NX v21.4.1 Daemon Server] - 2025-09-13T19:45:33.449Z - [REQUEST]: Client Request for Project Graph Received
[NX v21.4.1 Daemon Server] - 2025-09-13T19:45:33.449Z - Reusing in-memory cached project graph because no files changed.
[NX v21.4.1 Daemon Server] - 2025-09-13T19:45:33.449Z - [REQUEST]: Responding to the client. project-graph
[NX v21.4.1 Daemon Server] - 2025-09-13T19:45:33.452Z - Time taken for 'total for creating and serializing project graph' 0.1816670000553131ms
[NX v21.4.1 Daemon Server] - 2025-09-13T19:45:33.454Z - Done responding to the client project-graph
[NX v21.4.1 Daemon Server] - 2025-09-13T19:45:33.454Z - Handled REQUEST_PROJECT_GRAPH. Handling time: 0. Response time: 5.
[NX v21.4.1 Daemon Server] - 2025-09-13T19:45:33.533Z - [WATCHER]: Processing file changes in outputs
[NX v21.4.1 Daemon Server] - 2025-09-13T19:45:36.625Z - [WATCHER]: Processing file changes in outputs
[NX v21.4.1 Daemon Server] - 2025-09-13T19:45:36.771Z - [WATCHER]: Processing file changes in outputs
[NX v21.4.1 Daemon Server] - 2025-09-13T19:45:36.993Z - [WATCHER]: Processing file changes in outputs
[NX v21.4.1 Daemon Server] - 2025-09-13T19:45:37.062Z - [WATCHER]: Processing file changes in outputs
[NX v21.4.1 Daemon Server] - 2025-09-13T19:45:39.854Z - [WATCHER]: Processing file changes in outputs
[NX v21.4.1 Daemon Server] - 2025-09-13T19:45:39.980Z - [WATCHER]: Processing file changes in outputs
[NX v21.4.1 Daemon Server] - 2025-09-13T19:45:42.239Z - [WATCHER]: Processing file changes in outputs
[NX v21.4.1 Daemon Server] - 2025-09-13T19:45:42.307Z - Closed a connection. Number of open connections: 4
[NX v21.4.1 Daemon Server] - 2025-09-13T19:45:42.325Z - [REQUEST]: Responding to the client. recordOutputsHash
[NX v21.4.1 Daemon Server] - 2025-09-13T19:45:42.325Z - Done responding to the client recordOutputsHash
[NX v21.4.1 Daemon Server] - 2025-09-13T19:45:42.325Z - Handled RECORD_OUTPUTS_HASH. Handling time: 2. Response time: 0.
[NX v21.4.1 Daemon Server] - 2025-09-13T19:45:42.329Z - [REQUEST]: Responding to the client. handleRecordTaskRuns
[NX v21.4.1 Daemon Server] - 2025-09-13T19:45:42.329Z - Done responding to the client handleRecordTaskRuns
[NX v21.4.1 Daemon Server] - 2025-09-13T19:45:42.329Z - Handled RECORD_TASK_RUNS. Handling time: 1. Response time: 0.
[NX v21.4.1 Daemon Server] - 2025-09-13T19:45:42.330Z - [REQUEST]: Responding to the client. handleGetFlakyTasks
[NX v21.4.1 Daemon Server] - 2025-09-13T19:45:42.330Z - Done responding to the client handleGetFlakyTasks
[NX v21.4.1 Daemon Server] - 2025-09-13T19:45:42.330Z - Handled GET_FLAKY_TASKS. Handling time: 0. Response time: 0.
[NX v21.4.1 Daemon Server] - 2025-09-13T19:45:42.370Z - [WATCHER]: Processing file changes in outputs
[NX v21.4.1 Daemon Server] - 2025-09-13T19:45:45.588Z - [REQUEST]: Responding to the client. handleRunPostTasksExecution
[NX v21.4.1 Daemon Server] - 2025-09-13T19:45:45.588Z - Done responding to the client handleRunPostTasksExecution
[NX v21.4.1 Daemon Server] - 2025-09-13T19:45:45.588Z - Handled POST_TASKS_EXECUTION. Handling time: 0. Response time: 0.
[NX v21.4.1 Daemon Server] - 2025-09-13T19:45:45.588Z - Time taken for 'postTasksExecution' 0.1132499985396862ms
[NX v21.4.1 Daemon Server] - 2025-09-13T19:45:45.594Z - Closed a connection. Number of open connections: 3
[NX v21.4.1 Daemon Server] - 2025-09-13T19:45:50.223Z - [WATCHER]: apps/admin/components/SCForm/SCCheckbox/index.tsx was modified
[NX v21.4.1 Daemon Server] - 2025-09-13T19:45:50.224Z - [WATCHER]: Processing file changes in outputs
[NX v21.4.1 Daemon Server] - 2025-09-13T19:45:50.326Z - [REQUEST]: Updated workspace context based on watched changes, recomputing project graph...
[NX v21.4.1 Daemon Server] - 2025-09-13T19:45:50.326Z - [REQUEST]: apps/admin/components/SCForm/SCCheckbox/index.tsx
[NX v21.4.1 Daemon Server] - 2025-09-13T19:45:50.326Z - [REQUEST]: 
[NX v21.4.1 Daemon Server] - 2025-09-13T19:45:50.328Z - Time taken for 'hash changed files from watcher' 0.7221249993890524ms
Time for 'nx/core/package-json:createNodes' [33m0.8384579997509718[39m
Time for 'nx/core/project-json:createNodes' [33m2.3708750009536743[39m
Time for 'nx/js/dependencies-and-lockfile:createNodes' [33m10.302665999159217[39m
[NX v21.4.1 Daemon Server] - 2025-09-13T19:45:50.352Z - Time taken for 'build-project-configs' 18.902416000142694ms
Time for 'build typescript dependencies' [33m3.8371669985353947[39m
[NX v21.4.1 Daemon Server] - 2025-09-13T19:45:50.395Z - Wrote project graph cache to /Users/3bird/Documents/personal/studycourse/education-site-frontend/.nx/workspace-data/project-graph.json
[NX v21.4.1 Daemon Server] - 2025-09-13T19:45:50.396Z - [SYNC]: collect registered sync generators
[NX v21.4.1 Daemon Server] - 2025-09-13T19:45:50.396Z - [SYNC]: project graph hash is the same, not collecting task sync generators
[NX v21.4.1 Daemon Server] - 2025-09-13T19:45:50.396Z - [SYNC]: nx.json hash is the same, not collecting global sync generators
[NX v21.4.1 Daemon Server] - 2025-09-13T19:45:50.396Z - Time taken for 'total execution time for createProjectGraph()' 38.53970899991691ms
[NX v21.4.1 Daemon Server] - 2025-09-13T19:45:54.055Z - [WATCHER]: apps/admin/components/SCForm/SCCheckbox/index.tsx was modified
[NX v21.4.1 Daemon Server] - 2025-09-13T19:45:54.056Z - [WATCHER]: Processing file changes in outputs
[NX v21.4.1 Daemon Server] - 2025-09-13T19:45:54.257Z - [REQUEST]: Updated workspace context based on watched changes, recomputing project graph...
[NX v21.4.1 Daemon Server] - 2025-09-13T19:45:54.257Z - [REQUEST]: apps/admin/components/SCForm/SCCheckbox/index.tsx
[NX v21.4.1 Daemon Server] - 2025-09-13T19:45:54.257Z - [REQUEST]: 
[NX v21.4.1 Daemon Server] - 2025-09-13T19:45:54.258Z - Time taken for 'hash changed files from watcher' 0.2797500006854534ms
Time for 'nx/core/package-json:createNodes' [33m0.6256249994039536[39m
Time for 'nx/core/project-json:createNodes' [33m0.6259160004556179[39m
Time for 'nx/js/dependencies-and-lockfile:createNodes' [33m5.293290998786688[39m
[NX v21.4.1 Daemon Server] - 2025-09-13T19:45:54.286Z - Time taken for 'build-project-configs' 23.240125000476837ms
Time for 'build typescript dependencies' [33m0.04916599951684475[39m
[NX v21.4.1 Daemon Server] - 2025-09-13T19:45:54.314Z - Wrote project graph cache to /Users/3bird/Documents/personal/studycourse/education-site-frontend/.nx/workspace-data/project-graph.json
[NX v21.4.1 Daemon Server] - 2025-09-13T19:45:54.314Z - [SYNC]: collect registered sync generators
[NX v21.4.1 Daemon Server] - 2025-09-13T19:45:54.315Z - [SYNC]: project graph hash is the same, not collecting task sync generators
[NX v21.4.1 Daemon Server] - 2025-09-13T19:45:54.315Z - [SYNC]: nx.json hash is the same, not collecting global sync generators
[NX v21.4.1 Daemon Server] - 2025-09-13T19:45:54.315Z - Time taken for 'total execution time for createProjectGraph()' 23.185291999951005ms
[NX v21.4.1 Daemon Server] - 2025-09-13T19:45:58.635Z - Established a connection. Number of open connections: 4
[NX v21.4.1 Daemon Server] - 2025-09-13T19:45:58.636Z - Closed a connection. Number of open connections: 3
[NX v21.4.1 Daemon Server] - 2025-09-13T19:45:58.636Z - Established a connection. Number of open connections: 4
[NX v21.4.1 Daemon Server] - 2025-09-13T19:45:58.637Z - [REQUEST]: Client Request for Project Graph Received
[NX v21.4.1 Daemon Server] - 2025-09-13T19:45:58.638Z - Reusing in-memory cached project graph because no files changed.
[NX v21.4.1 Daemon Server] - 2025-09-13T19:45:58.638Z - [REQUEST]: Responding to the client. project-graph
[NX v21.4.1 Daemon Server] - 2025-09-13T19:45:58.639Z - Time taken for 'total for creating and serializing project graph' 0.1612909995019436ms
[NX v21.4.1 Daemon Server] - 2025-09-13T19:45:58.641Z - Done responding to the client project-graph
[NX v21.4.1 Daemon Server] - 2025-09-13T19:45:58.641Z - Handled REQUEST_PROJECT_GRAPH. Handling time: 1. Response time: 3.
[NX v21.4.1 Daemon Server] - 2025-09-13T19:45:58.646Z - [REQUEST]: Responding to the client. handleRunPreTasksExecution
[NX v21.4.1 Daemon Server] - 2025-09-13T19:45:58.646Z - Done responding to the client handleRunPreTasksExecution
[NX v21.4.1 Daemon Server] - 2025-09-13T19:45:58.646Z - Handled PRE_TASKS_EXECUTION. Handling time: 0. Response time: 0.
[NX v21.4.1 Daemon Server] - 2025-09-13T19:45:58.646Z - Time taken for 'preTasksExecution' 0.06937500089406967ms
[NX v21.4.1 Daemon Server] - 2025-09-13T19:45:58.715Z - Reusing in-memory cached project graph because no files changed.
DEBUG nx::native::tasks::task_hasher: plan length: 2
DEBUG nx::native::tasks::hashers::hash_workspace_files: Hashing workspace fileset{cache_key="nx.json,.gitignore,.nxignore"}: Adding "2913894268036001599" (".gitignore") to hash
DEBUG nx::native::tasks::hashers::hash_workspace_files: Hashing workspace fileset{cache_key="nx.json,.gitignore,.nxignore"}: Adding "3619439782444644385" ("nx.json") to hash
DEBUG nx::native::tasks::hashers::hash_workspace_files: Hashing workspace fileset{cache_key="nx.json,.gitignore,.nxignore"}: Hash Value: "12630403656253729768"
[NX v21.4.1 Daemon Server] - 2025-09-13T19:45:58.742Z - [REQUEST]: Responding to the client. handleHashTasks
[NX v21.4.1 Daemon Server] - 2025-09-13T19:45:58.742Z - Done responding to the client handleHashTasks
[NX v21.4.1 Daemon Server] - 2025-09-13T19:45:58.742Z - Handled HASH_TASKS. Handling time: 27. Response time: 0.
[NX v21.4.1 Daemon Server] - 2025-09-13T19:45:58.798Z - [REQUEST]: Responding to the client. handleGetEstimatedTaskTimings
[NX v21.4.1 Daemon Server] - 2025-09-13T19:45:58.798Z - Done responding to the client handleGetEstimatedTaskTimings
[NX v21.4.1 Daemon Server] - 2025-09-13T19:45:58.798Z - Handled GET_ESTIMATED_TASK_TIMINGS. Handling time: 1. Response time: 0.
[NX v21.4.1 Daemon Server] - 2025-09-13T19:45:58.805Z - [REQUEST]: Responding to the client. outputsHashesMatch
[NX v21.4.1 Daemon Server] - 2025-09-13T19:45:58.805Z - Done responding to the client outputsHashesMatch
[NX v21.4.1 Daemon Server] - 2025-09-13T19:45:58.805Z - Handled OUTPUTS_HASHES_MATCH. Handling time: 4. Response time: 0.
[NX v21.4.1 Daemon Server] - 2025-09-13T19:45:58.809Z - [REQUEST]: Responding to the client. recordOutputsHash
[NX v21.4.1 Daemon Server] - 2025-09-13T19:45:58.809Z - Done responding to the client recordOutputsHash
[NX v21.4.1 Daemon Server] - 2025-09-13T19:45:58.809Z - Handled RECORD_OUTPUTS_HASH. Handling time: 3. Response time: 0.
[NX v21.4.1 Daemon Server] - 2025-09-13T19:46:00.333Z - Established a connection. Number of open connections: 5
[NX v21.4.1 Daemon Server] - 2025-09-13T19:46:00.334Z - Closed a connection. Number of open connections: 4
[NX v21.4.1 Daemon Server] - 2025-09-13T19:46:00.334Z - Established a connection. Number of open connections: 5
[NX v21.4.1 Daemon Server] - 2025-09-13T19:46:00.335Z - [REQUEST]: Client Request for Project Graph Received
[NX v21.4.1 Daemon Server] - 2025-09-13T19:46:00.335Z - Reusing in-memory cached project graph because no files changed.
[NX v21.4.1 Daemon Server] - 2025-09-13T19:46:00.335Z - [REQUEST]: Responding to the client. project-graph
[NX v21.4.1 Daemon Server] - 2025-09-13T19:46:00.336Z - Time taken for 'total for creating and serializing project graph' 0.10725000128149986ms
[NX v21.4.1 Daemon Server] - 2025-09-13T19:46:00.338Z - Done responding to the client project-graph
[NX v21.4.1 Daemon Server] - 2025-09-13T19:46:00.338Z - Handled REQUEST_PROJECT_GRAPH. Handling time: 0. Response time: 3.
[NX v21.4.1 Daemon Server] - 2025-09-13T19:46:00.512Z - [REQUEST]: Client Request for Project Graph Received
[NX v21.4.1 Daemon Server] - 2025-09-13T19:46:00.512Z - Reusing in-memory cached project graph because no files changed.
[NX v21.4.1 Daemon Server] - 2025-09-13T19:46:00.512Z - [REQUEST]: Responding to the client. project-graph
[NX v21.4.1 Daemon Server] - 2025-09-13T19:46:00.514Z - Time taken for 'total for creating and serializing project graph' 0.21616600081324577ms
[NX v21.4.1 Daemon Server] - 2025-09-13T19:46:00.515Z - Done responding to the client project-graph
[NX v21.4.1 Daemon Server] - 2025-09-13T19:46:00.515Z - Handled REQUEST_PROJECT_GRAPH. Handling time: 0. Response time: 3.
[NX v21.4.1 Daemon Server] - 2025-09-13T19:46:00.591Z - [WATCHER]: Processing file changes in outputs
[NX v21.4.1 Daemon Server] - 2025-09-13T19:46:00.644Z - [WATCHER]: Processing file changes in outputs
[NX v21.4.1 Daemon Server] - 2025-09-13T19:46:04.023Z - [WATCHER]: Processing file changes in outputs
[NX v21.4.1 Daemon Server] - 2025-09-13T19:46:04.130Z - [WATCHER]: Processing file changes in outputs
[NX v21.4.1 Daemon Server] - 2025-09-13T19:46:04.375Z - [WATCHER]: Processing file changes in outputs
[NX v21.4.1 Daemon Server] - 2025-09-13T19:46:04.431Z - [WATCHER]: Processing file changes in outputs
[NX v21.4.1 Daemon Server] - 2025-09-13T19:46:07.526Z - [WATCHER]: Processing file changes in outputs
[NX v21.4.1 Daemon Server] - 2025-09-13T19:46:07.935Z - [WATCHER]: Processing file changes in outputs
[NX v21.4.1 Daemon Server] - 2025-09-13T19:46:08.020Z - [WATCHER]: Processing file changes in outputs
[NX v21.4.1 Daemon Server] - 2025-09-13T19:46:10.646Z - [WATCHER]: Processing file changes in outputs
[NX v21.4.1 Daemon Server] - 2025-09-13T19:46:11.137Z - [WATCHER]: Processing file changes in outputs
[NX v21.4.1 Daemon Server] - 2025-09-13T19:46:11.458Z - [WATCHER]: Processing file changes in outputs
[NX v21.4.1 Daemon Server] - 2025-09-13T19:46:11.571Z - [WATCHER]: Processing file changes in outputs
[NX v21.4.1 Daemon Server] - 2025-09-13T19:46:11.672Z - [WATCHER]: Processing file changes in outputs
[NX v21.4.1 Daemon Server] - 2025-09-13T19:46:12.549Z - [WATCHER]: Processing file changes in outputs
[NX v21.4.1 Daemon Server] - 2025-09-13T19:46:12.667Z - [WATCHER]: Processing file changes in outputs
[NX v21.4.1 Daemon Server] - 2025-09-13T19:46:12.725Z - [WATCHER]: Processing file changes in outputs
[NX v21.4.1 Daemon Server] - 2025-09-13T19:46:12.781Z - [WATCHER]: Processing file changes in outputs
[NX v21.4.1 Daemon Server] - 2025-09-13T19:46:12.846Z - Closed a connection. Number of open connections: 4
[NX v21.4.1 Daemon Server] - 2025-09-13T19:46:12.880Z - [REQUEST]: Responding to the client. recordOutputsHash
[NX v21.4.1 Daemon Server] - 2025-09-13T19:46:12.880Z - Done responding to the client recordOutputsHash
[NX v21.4.1 Daemon Server] - 2025-09-13T19:46:12.880Z - Handled RECORD_OUTPUTS_HASH. Handling time: 8. Response time: 0.
[NX v21.4.1 Daemon Server] - 2025-09-13T19:46:12.889Z - [REQUEST]: Responding to the client. handleRecordTaskRuns
[NX v21.4.1 Daemon Server] - 2025-09-13T19:46:12.889Z - Done responding to the client handleRecordTaskRuns
[NX v21.4.1 Daemon Server] - 2025-09-13T19:46:12.889Z - Handled RECORD_TASK_RUNS. Handling time: 2. Response time: 0.
[NX v21.4.1 Daemon Server] - 2025-09-13T19:46:12.890Z - [REQUEST]: Responding to the client. handleGetFlakyTasks
[NX v21.4.1 Daemon Server] - 2025-09-13T19:46:12.890Z - Done responding to the client handleGetFlakyTasks
[NX v21.4.1 Daemon Server] - 2025-09-13T19:46:12.890Z - Handled GET_FLAKY_TASKS. Handling time: 0. Response time: 0.
[NX v21.4.1 Daemon Server] - 2025-09-13T19:46:16.173Z - [REQUEST]: Responding to the client. handleRunPostTasksExecution
[NX v21.4.1 Daemon Server] - 2025-09-13T19:46:16.173Z - Done responding to the client handleRunPostTasksExecution
[NX v21.4.1 Daemon Server] - 2025-09-13T19:46:16.173Z - Handled POST_TASKS_EXECUTION. Handling time: 0. Response time: 0.
[NX v21.4.1 Daemon Server] - 2025-09-13T19:46:16.173Z - Time taken for 'postTasksExecution' 0.1419169995933771ms
[NX v21.4.1 Daemon Server] - 2025-09-13T19:46:16.179Z - Closed a connection. Number of open connections: 3
[NX v21.4.1 Daemon Server] - 2025-09-13T19:46:23.158Z - [WATCHER]: Processing file changes in outputs
[NX v21.4.1 Daemon Server] - 2025-09-13T19:46:23.159Z - [WATCHER]: 0 file(s) created or restored, 3 file(s) modified, 0 file(s) deleted
[NX v21.4.1 Daemon Server] - 2025-09-13T19:46:23.261Z - [REQUEST]: Updated workspace context based on watched changes, recomputing project graph...
[NX v21.4.1 Daemon Server] - 2025-09-13T19:46:23.261Z - [REQUEST]: apps/admin/app/features/user/Form/components/user.tsx,apps/admin/app/features/University/Form/components/university.tsx,apps/admin/components/SCForm/SCCheckbox/index.tsx
[NX v21.4.1 Daemon Server] - 2025-09-13T19:46:23.262Z - [REQUEST]: 
[NX v21.4.1 Daemon Server] - 2025-09-13T19:46:23.264Z - Time taken for 'hash changed files from watcher' 1.8426249995827675ms
Time for 'nx/core/package-json:createNodes' [33m1.4663329999893904[39m
Time for 'nx/core/project-json:createNodes' [33m2.056166999042034[39m
Time for 'nx/js/dependencies-and-lockfile:createNodes' [33m18.260999999940395[39m
[NX v21.4.1 Daemon Server] - 2025-09-13T19:46:23.296Z - Time taken for 'build-project-configs' 28.50866600126028ms
Time for 'build typescript dependencies' [33m0.01566699892282486[39m
[NX v21.4.1 Daemon Server] - 2025-09-13T19:46:23.337Z - Wrote project graph cache to /Users/3bird/Documents/personal/studycourse/education-site-frontend/.nx/workspace-data/project-graph.json
[NX v21.4.1 Daemon Server] - 2025-09-13T19:46:23.337Z - [SYNC]: collect registered sync generators
[NX v21.4.1 Daemon Server] - 2025-09-13T19:46:23.337Z - [SYNC]: project graph hash is the same, not collecting task sync generators
[NX v21.4.1 Daemon Server] - 2025-09-13T19:46:23.337Z - [SYNC]: nx.json hash is the same, not collecting global sync generators
[NX v21.4.1 Daemon Server] - 2025-09-13T19:46:23.337Z - Time taken for 'total execution time for createProjectGraph()' 36.28279099985957ms
[NX v21.4.1 Daemon Server] - 2025-09-13T19:46:52.354Z - Established a connection. Number of open connections: 4
[NX v21.4.1 Daemon Server] - 2025-09-13T19:46:52.354Z - Established a connection. Number of open connections: 5
[NX v21.4.1 Daemon Server] - 2025-09-13T19:46:52.355Z - Closed a connection. Number of open connections: 4
[NX v21.4.1 Daemon Server] - 2025-09-13T19:46:52.357Z - [REQUEST]: Client Request for Project Graph Received
[NX v21.4.1 Daemon Server] - 2025-09-13T19:46:52.357Z - Reusing in-memory cached project graph because no files changed.
[NX v21.4.1 Daemon Server] - 2025-09-13T19:46:52.357Z - [REQUEST]: Responding to the client. project-graph
[NX v21.4.1 Daemon Server] - 2025-09-13T19:46:52.359Z - Time taken for 'total for creating and serializing project graph' 0.38195900060236454ms
[NX v21.4.1 Daemon Server] - 2025-09-13T19:46:52.361Z - Done responding to the client project-graph
[NX v21.4.1 Daemon Server] - 2025-09-13T19:46:52.362Z - Handled REQUEST_PROJECT_GRAPH. Handling time: 0. Response time: 5.
[NX v21.4.1 Daemon Server] - 2025-09-13T19:46:52.368Z - [REQUEST]: Responding to the client. handleRunPreTasksExecution
[NX v21.4.1 Daemon Server] - 2025-09-13T19:46:52.368Z - Done responding to the client handleRunPreTasksExecution
[NX v21.4.1 Daemon Server] - 2025-09-13T19:46:52.368Z - Handled PRE_TASKS_EXECUTION. Handling time: 0. Response time: 0.
[NX v21.4.1 Daemon Server] - 2025-09-13T19:46:52.368Z - Time taken for 'preTasksExecution' 0.11979099921882153ms
[NX v21.4.1 Daemon Server] - 2025-09-13T19:46:52.435Z - Reusing in-memory cached project graph because no files changed.
DEBUG nx::native::tasks::task_hasher: plan length: 1
DEBUG nx::native::tasks::hashers::hash_workspace_files: Hashing workspace fileset{cache_key="nx.json,.gitignore,.nxignore"}: Adding "2913894268036001599" (".gitignore") to hash
DEBUG nx::native::tasks::hashers::hash_workspace_files: Hashing workspace fileset{cache_key="nx.json,.gitignore,.nxignore"}: Adding "3619439782444644385" ("nx.json") to hash
DEBUG nx::native::tasks::hashers::hash_workspace_files: Hashing workspace fileset{cache_key="nx.json,.gitignore,.nxignore"}: Hash Value: "12630403656253729768"
[NX v21.4.1 Daemon Server] - 2025-09-13T19:46:52.463Z - [REQUEST]: Responding to the client. handleHashTasks
[NX v21.4.1 Daemon Server] - 2025-09-13T19:46:52.463Z - Done responding to the client handleHashTasks
[NX v21.4.1 Daemon Server] - 2025-09-13T19:46:52.463Z - Handled HASH_TASKS. Handling time: 28. Response time: 0.
[NX v21.4.1 Daemon Server] - 2025-09-13T19:46:52.511Z - [REQUEST]: Responding to the client. handleGetEstimatedTaskTimings
[NX v21.4.1 Daemon Server] - 2025-09-13T19:46:52.511Z - Done responding to the client handleGetEstimatedTaskTimings
[NX v21.4.1 Daemon Server] - 2025-09-13T19:46:52.511Z - Handled GET_ESTIMATED_TASK_TIMINGS. Handling time: 0. Response time: 0.
[NX v21.4.1 Daemon Server] - 2025-09-13T19:46:52.516Z - [REQUEST]: Responding to the client. outputsHashesMatch
[NX v21.4.1 Daemon Server] - 2025-09-13T19:46:52.516Z - Done responding to the client outputsHashesMatch
[NX v21.4.1 Daemon Server] - 2025-09-13T19:46:52.516Z - Handled OUTPUTS_HASHES_MATCH. Handling time: 2. Response time: 0.
[NX v21.4.1 Daemon Server] - 2025-09-13T19:46:52.519Z - [REQUEST]: Responding to the client. recordOutputsHash
[NX v21.4.1 Daemon Server] - 2025-09-13T19:46:52.519Z - Done responding to the client recordOutputsHash
[NX v21.4.1 Daemon Server] - 2025-09-13T19:46:52.519Z - Handled RECORD_OUTPUTS_HASH. Handling time: 2. Response time: 0.
[NX v21.4.1 Daemon Server] - 2025-09-13T19:46:52.521Z - [REQUEST]: Responding to the client. handleRecordTaskRuns
[NX v21.4.1 Daemon Server] - 2025-09-13T19:46:52.521Z - Done responding to the client handleRecordTaskRuns
[NX v21.4.1 Daemon Server] - 2025-09-13T19:46:52.521Z - Handled RECORD_TASK_RUNS. Handling time: 0. Response time: 0.
[NX v21.4.1 Daemon Server] - 2025-09-13T19:46:52.522Z - [REQUEST]: Responding to the client. handleGetFlakyTasks
[NX v21.4.1 Daemon Server] - 2025-09-13T19:46:52.522Z - Done responding to the client handleGetFlakyTasks
[NX v21.4.1 Daemon Server] - 2025-09-13T19:46:52.522Z - Handled GET_FLAKY_TASKS. Handling time: 0. Response time: 0.
[NX v21.4.1 Daemon Server] - 2025-09-13T19:46:52.986Z - [REQUEST]: Responding to the client. handleRunPostTasksExecution
[NX v21.4.1 Daemon Server] - 2025-09-13T19:46:52.986Z - Done responding to the client handleRunPostTasksExecution
[NX v21.4.1 Daemon Server] - 2025-09-13T19:46:52.986Z - Handled POST_TASKS_EXECUTION. Handling time: 0. Response time: 0.
[NX v21.4.1 Daemon Server] - 2025-09-13T19:46:52.986Z - Time taken for 'postTasksExecution' 0.10970900021493435ms
[NX v21.4.1 Daemon Server] - 2025-09-13T19:46:52.990Z - Closed a connection. Number of open connections: 3
[NX v21.4.1 Daemon Server] - 2025-09-13T19:47:00.801Z - Established a connection. Number of open connections: 4
[NX v21.4.1 Daemon Server] - 2025-09-13T19:47:00.802Z - Closed a connection. Number of open connections: 3
[NX v21.4.1 Daemon Server] - 2025-09-13T19:47:00.803Z - Established a connection. Number of open connections: 4
[NX v21.4.1 Daemon Server] - 2025-09-13T19:47:00.804Z - [REQUEST]: Client Request for Project Graph Received
[NX v21.4.1 Daemon Server] - 2025-09-13T19:47:00.804Z - Reusing in-memory cached project graph because no files changed.
[NX v21.4.1 Daemon Server] - 2025-09-13T19:47:00.804Z - [REQUEST]: Responding to the client. project-graph
[NX v21.4.1 Daemon Server] - 2025-09-13T19:47:00.805Z - Time taken for 'total for creating and serializing project graph' 0.11537500098347664ms
[NX v21.4.1 Daemon Server] - 2025-09-13T19:47:00.807Z - Done responding to the client project-graph
[NX v21.4.1 Daemon Server] - 2025-09-13T19:47:00.807Z - Handled REQUEST_PROJECT_GRAPH. Handling time: 0. Response time: 3.
[NX v21.4.1 Daemon Server] - 2025-09-13T19:47:00.811Z - [REQUEST]: Responding to the client. handleRunPreTasksExecution
[NX v21.4.1 Daemon Server] - 2025-09-13T19:47:00.811Z - Done responding to the client handleRunPreTasksExecution
[NX v21.4.1 Daemon Server] - 2025-09-13T19:47:00.812Z - Handled PRE_TASKS_EXECUTION. Handling time: 0. Response time: 1.
[NX v21.4.1 Daemon Server] - 2025-09-13T19:47:00.812Z - Time taken for 'preTasksExecution' 0.05729199945926666ms
[NX v21.4.1 Daemon Server] - 2025-09-13T19:47:00.873Z - Reusing in-memory cached project graph because no files changed.
DEBUG nx::native::tasks::task_hasher: plan length: 2
[NX v21.4.1 Daemon Server] - 2025-09-13T19:47:00.890Z - [REQUEST]: Responding to the client. handleHashTasks
[NX v21.4.1 Daemon Server] - 2025-09-13T19:47:00.891Z - Done responding to the client handleHashTasks
[NX v21.4.1 Daemon Server] - 2025-09-13T19:47:00.891Z - Handled HASH_TASKS. Handling time: 17. Response time: 1.
[NX v21.4.1 Daemon Server] - 2025-09-13T19:47:00.933Z - [REQUEST]: Responding to the client. handleGetEstimatedTaskTimings
[NX v21.4.1 Daemon Server] - 2025-09-13T19:47:00.933Z - Done responding to the client handleGetEstimatedTaskTimings
[NX v21.4.1 Daemon Server] - 2025-09-13T19:47:00.934Z - Handled GET_ESTIMATED_TASK_TIMINGS. Handling time: 0. Response time: 1.
[NX v21.4.1 Daemon Server] - 2025-09-13T19:47:00.939Z - [REQUEST]: Responding to the client. outputsHashesMatch
[NX v21.4.1 Daemon Server] - 2025-09-13T19:47:00.939Z - Done responding to the client outputsHashesMatch
[NX v21.4.1 Daemon Server] - 2025-09-13T19:47:00.939Z - Handled OUTPUTS_HASHES_MATCH. Handling time: 3. Response time: 0.
[NX v21.4.1 Daemon Server] - 2025-09-13T19:47:00.942Z - [REQUEST]: Responding to the client. recordOutputsHash
[NX v21.4.1 Daemon Server] - 2025-09-13T19:47:00.942Z - Done responding to the client recordOutputsHash
[NX v21.4.1 Daemon Server] - 2025-09-13T19:47:00.942Z - Handled RECORD_OUTPUTS_HASH. Handling time: 2. Response time: 0.
[NX v21.4.1 Daemon Server] - 2025-09-13T19:47:02.349Z - Established a connection. Number of open connections: 5
[NX v21.4.1 Daemon Server] - 2025-09-13T19:47:02.350Z - Closed a connection. Number of open connections: 4
[NX v21.4.1 Daemon Server] - 2025-09-13T19:47:02.350Z - Established a connection. Number of open connections: 5
[NX v21.4.1 Daemon Server] - 2025-09-13T19:47:02.351Z - [REQUEST]: Client Request for Project Graph Received
[NX v21.4.1 Daemon Server] - 2025-09-13T19:47:02.351Z - Reusing in-memory cached project graph because no files changed.
[NX v21.4.1 Daemon Server] - 2025-09-13T19:47:02.351Z - [REQUEST]: Responding to the client. project-graph
[NX v21.4.1 Daemon Server] - 2025-09-13T19:47:02.352Z - Time taken for 'total for creating and serializing project graph' 0.12416699901223183ms
[NX v21.4.1 Daemon Server] - 2025-09-13T19:47:02.354Z - Done responding to the client project-graph
[NX v21.4.1 Daemon Server] - 2025-09-13T19:47:02.354Z - Handled REQUEST_PROJECT_GRAPH. Handling time: 0. Response time: 3.
[NX v21.4.1 Daemon Server] - 2025-09-13T19:47:02.521Z - [REQUEST]: Client Request for Project Graph Received
[NX v21.4.1 Daemon Server] - 2025-09-13T19:47:02.521Z - Reusing in-memory cached project graph because no files changed.
[NX v21.4.1 Daemon Server] - 2025-09-13T19:47:02.521Z - [REQUEST]: Responding to the client. project-graph
[NX v21.4.1 Daemon Server] - 2025-09-13T19:47:02.522Z - Time taken for 'total for creating and serializing project graph' 0.1699999999254942ms
[NX v21.4.1 Daemon Server] - 2025-09-13T19:47:02.524Z - Done responding to the client project-graph
[NX v21.4.1 Daemon Server] - 2025-09-13T19:47:02.524Z - Handled REQUEST_PROJECT_GRAPH. Handling time: 0. Response time: 3.
[NX v21.4.1 Daemon Server] - 2025-09-13T19:47:02.602Z - [WATCHER]: Processing file changes in outputs
[NX v21.4.1 Daemon Server] - 2025-09-13T19:47:03.041Z - [WATCHER]: Processing file changes in outputs
[NX v21.4.1 Daemon Server] - 2025-09-13T19:47:06.268Z - [WATCHER]: Processing file changes in outputs
[NX v21.4.1 Daemon Server] - 2025-09-13T19:47:06.564Z - [WATCHER]: Processing file changes in outputs
[NX v21.4.1 Daemon Server] - 2025-09-13T19:47:06.779Z - [WATCHER]: Processing file changes in outputs
[NX v21.4.1 Daemon Server] - 2025-09-13T19:47:06.830Z - [WATCHER]: Processing file changes in outputs
[NX v21.4.1 Daemon Server] - 2025-09-13T19:47:08.273Z - [WATCHER]: Processing file changes in outputs
[NX v21.4.1 Daemon Server] - 2025-09-13T19:47:08.329Z - [WATCHER]: Processing file changes in outputs
[NX v21.4.1 Daemon Server] - 2025-09-13T19:47:08.418Z - [WATCHER]: Processing file changes in outputs
[NX v21.4.1 Daemon Server] - 2025-09-13T19:47:11.513Z - [WATCHER]: Processing file changes in outputs
[NX v21.4.1 Daemon Server] - 2025-09-13T19:47:11.683Z - [WATCHER]: Processing file changes in outputs
[NX v21.4.1 Daemon Server] - 2025-09-13T19:47:11.735Z - [WATCHER]: Processing file changes in outputs
[NX v21.4.1 Daemon Server] - 2025-09-13T19:47:14.342Z - [WATCHER]: Processing file changes in outputs
[NX v21.4.1 Daemon Server] - 2025-09-13T19:47:14.809Z - [WATCHER]: Processing file changes in outputs
[NX v21.4.1 Daemon Server] - 2025-09-13T19:47:15.141Z - [WATCHER]: Processing file changes in outputs
[NX v21.4.1 Daemon Server] - 2025-09-13T19:47:15.266Z - [WATCHER]: Processing file changes in outputs
[NX v21.4.1 Daemon Server] - 2025-09-13T19:47:15.411Z - [WATCHER]: Processing file changes in outputs
[NX v21.4.1 Daemon Server] - 2025-09-13T19:47:15.550Z - [WATCHER]: Processing file changes in outputs
[NX v21.4.1 Daemon Server] - 2025-09-13T19:47:15.603Z - [WATCHER]: Processing file changes in outputs
[NX v21.4.1 Daemon Server] - 2025-09-13T19:47:16.297Z - [WATCHER]: Processing file changes in outputs
[NX v21.4.1 Daemon Server] - 2025-09-13T19:47:16.384Z - [WATCHER]: Processing file changes in outputs
[NX v21.4.1 Daemon Server] - 2025-09-13T19:47:16.457Z - [WATCHER]: Processing file changes in outputs
[NX v21.4.1 Daemon Server] - 2025-09-13T19:47:16.530Z - [WATCHER]: Processing file changes in outputs
[NX v21.4.1 Daemon Server] - 2025-09-13T19:47:16.574Z - Closed a connection. Number of open connections: 4
[NX v21.4.1 Daemon Server] - 2025-09-13T19:47:16.605Z - [REQUEST]: Responding to the client. recordOutputsHash
[NX v21.4.1 Daemon Server] - 2025-09-13T19:47:16.605Z - Done responding to the client recordOutputsHash
[NX v21.4.1 Daemon Server] - 2025-09-13T19:47:16.605Z - Handled RECORD_OUTPUTS_HASH. Handling time: 6. Response time: 0.
[NX v21.4.1 Daemon Server] - 2025-09-13T19:47:16.619Z - [REQUEST]: Responding to the client. handleRecordTaskRuns
[NX v21.4.1 Daemon Server] - 2025-09-13T19:47:16.619Z - Done responding to the client handleRecordTaskRuns
[NX v21.4.1 Daemon Server] - 2025-09-13T19:47:16.619Z - Handled RECORD_TASK_RUNS. Handling time: 2. Response time: 0.
[NX v21.4.1 Daemon Server] - 2025-09-13T19:47:16.620Z - [REQUEST]: Responding to the client. handleGetFlakyTasks
[NX v21.4.1 Daemon Server] - 2025-09-13T19:47:16.620Z - Done responding to the client handleGetFlakyTasks
[NX v21.4.1 Daemon Server] - 2025-09-13T19:47:16.620Z - Handled GET_FLAKY_TASKS. Handling time: 0. Response time: 0.
[NX v21.4.1 Daemon Server] - 2025-09-13T19:47:19.890Z - [REQUEST]: Responding to the client. handleRunPostTasksExecution
[NX v21.4.1 Daemon Server] - 2025-09-13T19:47:19.890Z - Done responding to the client handleRunPostTasksExecution
[NX v21.4.1 Daemon Server] - 2025-09-13T19:47:19.890Z - Handled POST_TASKS_EXECUTION. Handling time: 0. Response time: 0.
[NX v21.4.1 Daemon Server] - 2025-09-13T19:47:19.890Z - Time taken for 'postTasksExecution' 0.1394999995827675ms
[NX v21.4.1 Daemon Server] - 2025-09-13T19:47:19.897Z - Closed a connection. Number of open connections: 3
[NX v21.4.1 Daemon Server] - 2025-09-13T19:48:09.126Z - [WATCHER]: apps/admin/next.config.js was modified
[NX v21.4.1 Daemon Server] - 2025-09-13T19:48:09.126Z - [WATCHER]: Processing file changes in outputs
[NX v21.4.1 Daemon Server] - 2025-09-13T19:48:09.227Z - [REQUEST]: Updated workspace context based on watched changes, recomputing project graph...
[NX v21.4.1 Daemon Server] - 2025-09-13T19:48:09.228Z - [REQUEST]: apps/admin/next.config.js
[NX v21.4.1 Daemon Server] - 2025-09-13T19:48:09.228Z - [REQUEST]: 
[NX v21.4.1 Daemon Server] - 2025-09-13T19:48:09.231Z - Time taken for 'hash changed files from watcher' 0.9545409996062517ms
Time for 'nx/core/package-json:createNodes' [33m1.5164589993655682[39m
Time for 'nx/core/project-json:createNodes' [33m2.50899999961257[39m
Time for 'nx/js/dependencies-and-lockfile:createNodes' [33m15.590290999040008[39m
[NX v21.4.1 Daemon Server] - 2025-09-13T19:48:09.268Z - Time taken for 'build-project-configs' 32.30704100057483ms
Time for 'build typescript dependencies' [33m11.445792000740767[39m
[NX v21.4.1 Daemon Server] - 2025-09-13T19:48:09.326Z - Wrote project graph cache to /Users/3bird/Documents/personal/studycourse/education-site-frontend/.nx/workspace-data/project-graph.json
[NX v21.4.1 Daemon Server] - 2025-09-13T19:48:09.326Z - [SYNC]: collect registered sync generators
[NX v21.4.1 Daemon Server] - 2025-09-13T19:48:09.326Z - [SYNC]: project graph hash is the same, not collecting task sync generators
[NX v21.4.1 Daemon Server] - 2025-09-13T19:48:09.326Z - [SYNC]: nx.json hash is the same, not collecting global sync generators
[NX v21.4.1 Daemon Server] - 2025-09-13T19:48:09.326Z - Time taken for 'total execution time for createProjectGraph()' 54.4863339997828ms
[NX v21.4.1 Daemon Server] - 2025-09-13T19:48:15.203Z - [WATCHER]: apps/admin/app/banner/create/page.tsx was modified
[NX v21.4.1 Daemon Server] - 2025-09-13T19:48:15.214Z - [WATCHER]: Processing file changes in outputs
[NX v21.4.1 Daemon Server] - 2025-09-13T19:48:15.406Z - [REQUEST]: Updated workspace context based on watched changes, recomputing project graph...
[NX v21.4.1 Daemon Server] - 2025-09-13T19:48:15.407Z - [REQUEST]: apps/admin/app/banner/create/page.tsx
[NX v21.4.1 Daemon Server] - 2025-09-13T19:48:15.407Z - [REQUEST]: 
[NX v21.4.1 Daemon Server] - 2025-09-13T19:48:15.410Z - Time taken for 'hash changed files from watcher' 0.9104999992996454ms
Time for 'nx/core/package-json:createNodes' [33m2.7654590010643005[39m
Time for 'nx/core/project-json:createNodes' [33m6.1037910003215075[39m
Time for 'nx/js/dependencies-and-lockfile:createNodes' [33m19.185291999951005[39m
[NX v21.4.1 Daemon Server] - 2025-09-13T19:48:15.454Z - Time taken for 'build-project-configs' 40.187250001356006ms
Time for 'build typescript dependencies' [33m7.052208999171853[39m
[NX v21.4.1 Daemon Server] - 2025-09-13T19:48:15.489Z - Wrote project graph cache to /Users/3bird/Documents/personal/studycourse/education-site-frontend/.nx/workspace-data/project-graph.json
[NX v21.4.1 Daemon Server] - 2025-09-13T19:48:15.489Z - [SYNC]: collect registered sync generators
[NX v21.4.1 Daemon Server] - 2025-09-13T19:48:15.489Z - [SYNC]: project graph hash is the same, not collecting task sync generators
[NX v21.4.1 Daemon Server] - 2025-09-13T19:48:15.489Z - [SYNC]: nx.json hash is the same, not collecting global sync generators
[NX v21.4.1 Daemon Server] - 2025-09-13T19:48:15.489Z - Time taken for 'total execution time for createProjectGraph()' 30.260666999965906ms
[NX v21.4.1 Daemon Server] - 2025-09-13T19:48:16.061Z - [WATCHER]: apps/admin/next.config.js was modified
[NX v21.4.1 Daemon Server] - 2025-09-13T19:48:16.061Z - [WATCHER]: Processing file changes in outputs
[NX v21.4.1 Daemon Server] - 2025-09-13T19:48:16.462Z - [REQUEST]: Updated workspace context based on watched changes, recomputing project graph...
[NX v21.4.1 Daemon Server] - 2025-09-13T19:48:16.462Z - [REQUEST]: apps/admin/next.config.js
[NX v21.4.1 Daemon Server] - 2025-09-13T19:48:16.462Z - [REQUEST]: 
[NX v21.4.1 Daemon Server] - 2025-09-13T19:48:16.464Z - Time taken for 'hash changed files from watcher' 0.30712500028312206ms
Time for 'nx/core/package-json:createNodes' [33m0.9357920009642839[39m
Time for 'nx/core/project-json:createNodes' [33m0.832209000363946[39m
Time for 'nx/js/dependencies-and-lockfile:createNodes' [33m11.900832999497652[39m
[NX v21.4.1 Daemon Server] - 2025-09-13T19:48:16.504Z - Time taken for 'build-project-configs' 34.52079199999571ms
Time for 'build typescript dependencies' [33m0.017750000581145287[39m
[NX v21.4.1 Daemon Server] - 2025-09-13T19:48:16.533Z - Wrote project graph cache to /Users/3bird/Documents/personal/studycourse/education-site-frontend/.nx/workspace-data/project-graph.json
[NX v21.4.1 Daemon Server] - 2025-09-13T19:48:16.533Z - [SYNC]: collect registered sync generators
[NX v21.4.1 Daemon Server] - 2025-09-13T19:48:16.533Z - [SYNC]: project graph hash is the same, not collecting task sync generators
[NX v21.4.1 Daemon Server] - 2025-09-13T19:48:16.533Z - [SYNC]: nx.json hash is the same, not collecting global sync generators
[NX v21.4.1 Daemon Server] - 2025-09-13T19:48:16.533Z - Time taken for 'total execution time for createProjectGraph()' 24.981124999001622ms
[NX v21.4.1 Daemon Server] - 2025-09-13T19:48:18.182Z - [WATCHER]: apps/admin/next.config.js was modified
[NX v21.4.1 Daemon Server] - 2025-09-13T19:48:18.182Z - [WATCHER]: Processing file changes in outputs
[NX v21.4.1 Daemon Server] - 2025-09-13T19:48:18.983Z - [REQUEST]: Updated workspace context based on watched changes, recomputing project graph...
[NX v21.4.1 Daemon Server] - 2025-09-13T19:48:18.983Z - [REQUEST]: apps/admin/next.config.js
[NX v21.4.1 Daemon Server] - 2025-09-13T19:48:18.983Z - [REQUEST]: 
[NX v21.4.1 Daemon Server] - 2025-09-13T19:48:18.985Z - Time taken for 'hash changed files from watcher' 0.34954200126230717ms
Time for 'nx/core/package-json:createNodes' [33m0.18008399941027164[39m
Time for 'nx/core/project-json:createNodes' [33m0.6437909994274378[39m
Time for 'nx/js/dependencies-and-lockfile:createNodes' [33m7.601874999701977[39m
[NX v21.4.1 Daemon Server] - 2025-09-13T19:48:19.003Z - Time taken for 'build-project-configs' 15.319875000044703ms
Time for 'build typescript dependencies' [33m2.130458001047373[39m
[NX v21.4.1 Daemon Server] - 2025-09-13T19:48:19.049Z - Wrote project graph cache to /Users/3bird/Documents/personal/studycourse/education-site-frontend/.nx/workspace-data/project-graph.json
[NX v21.4.1 Daemon Server] - 2025-09-13T19:48:19.049Z - [SYNC]: collect registered sync generators
[NX v21.4.1 Daemon Server] - 2025-09-13T19:48:19.049Z - [SYNC]: project graph hash is the same, not collecting task sync generators
[NX v21.4.1 Daemon Server] - 2025-09-13T19:48:19.049Z - [SYNC]: nx.json hash is the same, not collecting global sync generators
[NX v21.4.1 Daemon Server] - 2025-09-13T19:48:19.049Z - Time taken for 'total execution time for createProjectGraph()' 37.139042001217604ms
[NX v21.4.1 Daemon Server] - 2025-09-13T19:48:20.299Z - [WATCHER]: apps/admin/next.config.js was modified
[NX v21.4.1 Daemon Server] - 2025-09-13T19:48:20.299Z - [WATCHER]: Processing file changes in outputs
[NX v21.4.1 Daemon Server] - 2025-09-13T19:48:21.635Z - [WATCHER]: apps/admin/app/about/create/page.tsx was modified
[NX v21.4.1 Daemon Server] - 2025-09-13T19:48:21.636Z - [WATCHER]: Processing file changes in outputs
[NX v21.4.1 Daemon Server] - 2025-09-13T19:48:21.899Z - [REQUEST]: Updated workspace context based on watched changes, recomputing project graph...
[NX v21.4.1 Daemon Server] - 2025-09-13T19:48:21.899Z - [REQUEST]: apps/admin/next.config.js,apps/admin/app/about/create/page.tsx
[NX v21.4.1 Daemon Server] - 2025-09-13T19:48:21.899Z - [REQUEST]: 
[NX v21.4.1 Daemon Server] - 2025-09-13T19:48:21.901Z - Time taken for 'hash changed files from watcher' 0.37299999967217445ms
Time for 'nx/core/package-json:createNodes' [33m0.5089579988270998[39m
Time for 'nx/core/project-json:createNodes' [33m0.9911249987781048[39m
Time for 'nx/js/dependencies-and-lockfile:createNodes' [33m5.197458000853658[39m
[NX v21.4.1 Daemon Server] - 2025-09-13T19:48:21.917Z - Time taken for 'build-project-configs' 13.679250000044703ms
Time for 'build typescript dependencies' [33m1.9663329999893904[39m
[NX v21.4.1 Daemon Server] - 2025-09-13T19:48:21.953Z - Wrote project graph cache to /Users/3bird/Documents/personal/studycourse/education-site-frontend/.nx/workspace-data/project-graph.json
[NX v21.4.1 Daemon Server] - 2025-09-13T19:48:21.953Z - [SYNC]: collect registered sync generators
[NX v21.4.1 Daemon Server] - 2025-09-13T19:48:21.954Z - [SYNC]: project graph hash is the same, not collecting task sync generators
[NX v21.4.1 Daemon Server] - 2025-09-13T19:48:21.954Z - [SYNC]: nx.json hash is the same, not collecting global sync generators
[NX v21.4.1 Daemon Server] - 2025-09-13T19:48:21.954Z - Time taken for 'total execution time for createProjectGraph()' 26.80404100008309ms
[NX v21.4.1 Daemon Server] - 2025-09-13T19:48:27.484Z - [WATCHER]: apps/admin/app/banner/create/page.tsx was modified
[NX v21.4.1 Daemon Server] - 2025-09-13T19:48:27.484Z - [WATCHER]: Processing file changes in outputs
[NX v21.4.1 Daemon Server] - 2025-09-13T19:48:30.030Z - [WATCHER]: apps/admin/app/blogs/create/page.tsx was modified
[NX v21.4.1 Daemon Server] - 2025-09-13T19:48:30.030Z - [WATCHER]: Processing file changes in outputs
[NX v21.4.1 Daemon Server] - 2025-09-13T19:48:30.685Z - [REQUEST]: Updated workspace context based on watched changes, recomputing project graph...
[NX v21.4.1 Daemon Server] - 2025-09-13T19:48:30.685Z - [REQUEST]: apps/admin/app/banner/create/page.tsx,apps/admin/app/blogs/create/page.tsx
[NX v21.4.1 Daemon Server] - 2025-09-13T19:48:30.685Z - [REQUEST]: 
[NX v21.4.1 Daemon Server] - 2025-09-13T19:48:30.687Z - Time taken for 'hash changed files from watcher' 0.3980000000447035ms
Time for 'nx/core/package-json:createNodes' [33m0.4956660009920597[39m
Time for 'nx/core/project-json:createNodes' [33m0.5245420001447201[39m
Time for 'nx/js/dependencies-and-lockfile:createNodes' [33m8.576457999646664[39m
[NX v21.4.1 Daemon Server] - 2025-09-13T19:48:30.706Z - Time taken for 'build-project-configs' 16.21141699887812ms
Time for 'build typescript dependencies' [33m2.4703330006450415[39m
[NX v21.4.1 Daemon Server] - 2025-09-13T19:48:30.737Z - Wrote project graph cache to /Users/3bird/Documents/personal/studycourse/education-site-frontend/.nx/workspace-data/project-graph.json
[NX v21.4.1 Daemon Server] - 2025-09-13T19:48:30.737Z - [SYNC]: collect registered sync generators
[NX v21.4.1 Daemon Server] - 2025-09-13T19:48:30.738Z - [SYNC]: project graph hash is the same, not collecting task sync generators
[NX v21.4.1 Daemon Server] - 2025-09-13T19:48:30.738Z - [SYNC]: nx.json hash is the same, not collecting global sync generators
[NX v21.4.1 Daemon Server] - 2025-09-13T19:48:30.738Z - Time taken for 'total execution time for createProjectGraph()' 25.79545900039375ms
[NX v21.4.1 Daemon Server] - 2025-09-13T19:48:31.253Z - [WATCHER]: apps/admin/app/course/create/page.tsx was modified
[NX v21.4.1 Daemon Server] - 2025-09-13T19:48:31.253Z - [WATCHER]: Processing file changes in outputs
[NX v21.4.1 Daemon Server] - 2025-09-13T19:48:32.638Z - [WATCHER]: apps/admin/app/faq/create/page.tsx was modified
[NX v21.4.1 Daemon Server] - 2025-09-13T19:48:32.639Z - [WATCHER]: Processing file changes in outputs
[NX v21.4.1 Daemon Server] - 2025-09-13T19:48:35.545Z - [WATCHER]: apps/admin/app/about/create/page.tsx was modified
[NX v21.4.1 Daemon Server] - 2025-09-13T19:48:35.545Z - [WATCHER]: Processing file changes in outputs
[NX v21.4.1 Daemon Server] - 2025-09-13T19:48:37.653Z - [REQUEST]: Updated workspace context based on watched changes, recomputing project graph...
[NX v21.4.1 Daemon Server] - 2025-09-13T19:48:37.653Z - [REQUEST]: apps/admin/app/course/create/page.tsx,apps/admin/app/faq/create/page.tsx,apps/admin/app/about/create/page.tsx
[NX v21.4.1 Daemon Server] - 2025-09-13T19:48:37.653Z - [REQUEST]: 
[NX v21.4.1 Daemon Server] - 2025-09-13T19:48:37.655Z - Time taken for 'hash changed files from watcher' 0.48712499998509884ms
Time for 'nx/core/package-json:createNodes' [33m0.8364579994231462[39m
Time for 'nx/core/project-json:createNodes' [33m2.2855420000851154[39m
Time for 'nx/js/dependencies-and-lockfile:createNodes' [33m10.086750000715256[39m
[NX v21.4.1 Daemon Server] - 2025-09-13T19:48:37.677Z - Time taken for 'build-project-configs' 17.928208999335766ms
Time for 'build typescript dependencies' [33m3.598792001605034[39m
[NX v21.4.1 Daemon Server] - 2025-09-13T19:48:37.714Z - Wrote project graph cache to /Users/3bird/Documents/personal/studycourse/education-site-frontend/.nx/workspace-data/project-graph.json
[NX v21.4.1 Daemon Server] - 2025-09-13T19:48:37.714Z - [SYNC]: collect registered sync generators
[NX v21.4.1 Daemon Server] - 2025-09-13T19:48:37.714Z - [SYNC]: project graph hash is the same, not collecting task sync generators
[NX v21.4.1 Daemon Server] - 2025-09-13T19:48:37.714Z - [SYNC]: nx.json hash is the same, not collecting global sync generators
[NX v21.4.1 Daemon Server] - 2025-09-13T19:48:37.714Z - Time taken for 'total execution time for createProjectGraph()' 27.142292000353336ms
[NX v21.4.1 Daemon Server] - 2025-09-13T19:48:38.595Z - [WATCHER]: apps/admin/app/university/create/page.tsx was modified
[NX v21.4.1 Daemon Server] - 2025-09-13T19:48:38.595Z - [WATCHER]: Processing file changes in outputs
[NX v21.4.1 Daemon Server] - 2025-09-13T19:48:40.118Z - [WATCHER]: Processing file changes in outputs
[NX v21.4.1 Daemon Server] - 2025-09-13T19:48:40.118Z - [WATCHER]: apps/admin/app/user/create/page.tsx was modified
[NX v21.4.1 Daemon Server] - 2025-09-13T19:48:42.124Z - [WATCHER]: apps/admin/app/university/create/page.tsx was modified
[NX v21.4.1 Daemon Server] - 2025-09-13T19:48:42.124Z - [WATCHER]: Processing file changes in outputs
[NX v21.4.1 Daemon Server] - 2025-09-13T19:48:44.903Z - [WATCHER]: apps/admin/app/blogs/create/page.tsx was modified
[NX v21.4.1 Daemon Server] - 2025-09-13T19:48:44.903Z - [WATCHER]: Processing file changes in outputs
[NX v21.4.1 Daemon Server] - 2025-09-13T19:48:44.996Z - [REQUEST]: Updated workspace context based on watched changes, recomputing project graph...
[NX v21.4.1 Daemon Server] - 2025-09-13T19:48:44.996Z - [REQUEST]: apps/admin/app/university/create/page.tsx,apps/admin/app/user/create/page.tsx,apps/admin/app/blogs/create/page.tsx
[NX v21.4.1 Daemon Server] - 2025-09-13T19:48:44.996Z - [REQUEST]: 
[NX v21.4.1 Daemon Server] - 2025-09-13T19:48:44.997Z - Time taken for 'hash changed files from watcher' 0.431165998801589ms
Time for 'nx/core/package-json:createNodes' [33m0.32783399894833565[39m
Time for 'nx/core/project-json:createNodes' [33m1.2065420001745224[39m
Time for 'nx/js/dependencies-and-lockfile:createNodes' [33m5.960790999233723[39m
[NX v21.4.1 Daemon Server] - 2025-09-13T19:48:45.016Z - Time taken for 'build-project-configs' 15.849291998893023ms
Time for 'build typescript dependencies' [33m5.129667000845075[39m
[NX v21.4.1 Daemon Server] - 2025-09-13T19:48:45.054Z - Wrote project graph cache to /Users/3bird/Documents/personal/studycourse/education-site-frontend/.nx/workspace-data/project-graph.json
[NX v21.4.1 Daemon Server] - 2025-09-13T19:48:45.054Z - [SYNC]: collect registered sync generators
[NX v21.4.1 Daemon Server] - 2025-09-13T19:48:45.054Z - [SYNC]: project graph hash is the same, not collecting task sync generators
[NX v21.4.1 Daemon Server] - 2025-09-13T19:48:45.054Z - [SYNC]: nx.json hash is the same, not collecting global sync generators
[NX v21.4.1 Daemon Server] - 2025-09-13T19:48:45.054Z - Time taken for 'total execution time for createProjectGraph()' 30.484541999176145ms
[NX v21.4.1 Daemon Server] - 2025-09-13T19:48:50.280Z - Established a connection. Number of open connections: 4
[NX v21.4.1 Daemon Server] - 2025-09-13T19:48:50.281Z - Closed a connection. Number of open connections: 3
[NX v21.4.1 Daemon Server] - 2025-09-13T19:48:50.282Z - Established a connection. Number of open connections: 4
[NX v21.4.1 Daemon Server] - 2025-09-13T19:48:50.283Z - [REQUEST]: Client Request for Project Graph Received
[NX v21.4.1 Daemon Server] - 2025-09-13T19:48:50.284Z - Reusing in-memory cached project graph because no files changed.
[NX v21.4.1 Daemon Server] - 2025-09-13T19:48:50.284Z - [REQUEST]: Responding to the client. project-graph
[NX v21.4.1 Daemon Server] - 2025-09-13T19:48:50.285Z - Time taken for 'total for creating and serializing project graph' 0.19574999995529652ms
[NX v21.4.1 Daemon Server] - 2025-09-13T19:48:50.287Z - Done responding to the client project-graph
[NX v21.4.1 Daemon Server] - 2025-09-13T19:48:50.287Z - Handled REQUEST_PROJECT_GRAPH. Handling time: 1. Response time: 3.
[NX v21.4.1 Daemon Server] - 2025-09-13T19:48:50.292Z - [REQUEST]: Responding to the client. handleRunPreTasksExecution
[NX v21.4.1 Daemon Server] - 2025-09-13T19:48:50.292Z - Done responding to the client handleRunPreTasksExecution
[NX v21.4.1 Daemon Server] - 2025-09-13T19:48:50.292Z - Handled PRE_TASKS_EXECUTION. Handling time: 0. Response time: 0.
[NX v21.4.1 Daemon Server] - 2025-09-13T19:48:50.292Z - Time taken for 'preTasksExecution' 0.07074999995529652ms
[NX v21.4.1 Daemon Server] - 2025-09-13T19:48:50.355Z - Reusing in-memory cached project graph because no files changed.
DEBUG nx::native::tasks::task_hasher: plan length: 2
DEBUG nx::native::tasks::hashers::hash_workspace_files: Hashing workspace fileset{cache_key="nx.json,.gitignore,.nxignore"}: Adding "2913894268036001599" (".gitignore") to hash
DEBUG nx::native::tasks::hashers::hash_workspace_files: Hashing workspace fileset{cache_key="nx.json,.gitignore,.nxignore"}: Adding "3619439782444644385" ("nx.json") to hash
DEBUG nx::native::tasks::hashers::hash_workspace_files: Hashing workspace fileset{cache_key="nx.json,.gitignore,.nxignore"}: Hash Value: "12630403656253729768"
[NX v21.4.1 Daemon Server] - 2025-09-13T19:48:50.377Z - [REQUEST]: Responding to the client. handleHashTasks
[NX v21.4.1 Daemon Server] - 2025-09-13T19:48:50.377Z - Done responding to the client handleHashTasks
[NX v21.4.1 Daemon Server] - 2025-09-13T19:48:50.377Z - Handled HASH_TASKS. Handling time: 22. Response time: 0.
[NX v21.4.1 Daemon Server] - 2025-09-13T19:48:50.431Z - [REQUEST]: Responding to the client. handleGetEstimatedTaskTimings
[NX v21.4.1 Daemon Server] - 2025-09-13T19:48:50.431Z - Done responding to the client handleGetEstimatedTaskTimings
[NX v21.4.1 Daemon Server] - 2025-09-13T19:48:50.431Z - Handled GET_ESTIMATED_TASK_TIMINGS. Handling time: 0. Response time: 0.
[NX v21.4.1 Daemon Server] - 2025-09-13T19:48:50.437Z - [REQUEST]: Responding to the client. outputsHashesMatch
[NX v21.4.1 Daemon Server] - 2025-09-13T19:48:50.437Z - Done responding to the client outputsHashesMatch
[NX v21.4.1 Daemon Server] - 2025-09-13T19:48:50.437Z - Handled OUTPUTS_HASHES_MATCH. Handling time: 3. Response time: 0.
[NX v21.4.1 Daemon Server] - 2025-09-13T19:48:50.440Z - [REQUEST]: Responding to the client. recordOutputsHash
[NX v21.4.1 Daemon Server] - 2025-09-13T19:48:50.440Z - Done responding to the client recordOutputsHash
[NX v21.4.1 Daemon Server] - 2025-09-13T19:48:50.440Z - Handled RECORD_OUTPUTS_HASH. Handling time: 2. Response time: 0.
[NX v21.4.1 Daemon Server] - 2025-09-13T19:48:52.312Z - Established a connection. Number of open connections: 5
[NX v21.4.1 Daemon Server] - 2025-09-13T19:48:52.313Z - Closed a connection. Number of open connections: 4
[NX v21.4.1 Daemon Server] - 2025-09-13T19:48:52.313Z - Established a connection. Number of open connections: 5
[NX v21.4.1 Daemon Server] - 2025-09-13T19:48:52.314Z - [REQUEST]: Client Request for Project Graph Received
[NX v21.4.1 Daemon Server] - 2025-09-13T19:48:52.314Z - Reusing in-memory cached project graph because no files changed.
[NX v21.4.1 Daemon Server] - 2025-09-13T19:48:52.314Z - [REQUEST]: Responding to the client. project-graph
[NX v21.4.1 Daemon Server] - 2025-09-13T19:48:52.315Z - Time taken for 'total for creating and serializing project graph' 0.09320800006389618ms
[NX v21.4.1 Daemon Server] - 2025-09-13T19:48:52.316Z - Done responding to the client project-graph
[NX v21.4.1 Daemon Server] - 2025-09-13T19:48:52.316Z - Handled REQUEST_PROJECT_GRAPH. Handling time: 0. Response time: 2.
[NX v21.4.1 Daemon Server] - 2025-09-13T19:48:52.663Z - [REQUEST]: Client Request for Project Graph Received
[NX v21.4.1 Daemon Server] - 2025-09-13T19:48:52.664Z - Reusing in-memory cached project graph because no files changed.
[NX v21.4.1 Daemon Server] - 2025-09-13T19:48:52.664Z - [REQUEST]: Responding to the client. project-graph
[NX v21.4.1 Daemon Server] - 2025-09-13T19:48:52.665Z - Time taken for 'total for creating and serializing project graph' 0.1740420013666153ms
[NX v21.4.1 Daemon Server] - 2025-09-13T19:48:52.666Z - Done responding to the client project-graph
[NX v21.4.1 Daemon Server] - 2025-09-13T19:48:52.666Z - Handled REQUEST_PROJECT_GRAPH. Handling time: 1. Response time: 2.
[NX v21.4.1 Daemon Server] - 2025-09-13T19:48:52.744Z - [WATCHER]: Processing file changes in outputs
[NX v21.4.1 Daemon Server] - 2025-09-13T19:48:52.817Z - [WATCHER]: Processing file changes in outputs
[NX v21.4.1 Daemon Server] - 2025-09-13T19:48:56.142Z - [WATCHER]: Processing file changes in outputs
[NX v21.4.1 Daemon Server] - 2025-09-13T19:48:56.348Z - [WATCHER]: Processing file changes in outputs
[NX v21.4.1 Daemon Server] - 2025-09-13T19:48:56.609Z - [WATCHER]: Processing file changes in outputs
[NX v21.4.1 Daemon Server] - 2025-09-13T19:48:57.823Z - [WATCHER]: Processing file changes in outputs
[NX v21.4.1 Daemon Server] - 2025-09-13T19:48:57.888Z - [WATCHER]: Processing file changes in outputs
[NX v21.4.1 Daemon Server] - 2025-09-13T19:48:57.965Z - [WATCHER]: Processing file changes in outputs
[NX v21.4.1 Daemon Server] - 2025-09-13T19:49:01.596Z - [WATCHER]: Processing file changes in outputs
[NX v21.4.1 Daemon Server] - 2025-09-13T19:49:01.777Z - [WATCHER]: Processing file changes in outputs
[NX v21.4.1 Daemon Server] - 2025-09-13T19:49:04.418Z - [WATCHER]: Processing file changes in outputs
[NX v21.4.1 Daemon Server] - 2025-09-13T19:49:04.849Z - [WATCHER]: Processing file changes in outputs
[NX v21.4.1 Daemon Server] - 2025-09-13T19:49:05.173Z - [WATCHER]: Processing file changes in outputs
[NX v21.4.1 Daemon Server] - 2025-09-13T19:49:05.292Z - [WATCHER]: Processing file changes in outputs
[NX v21.4.1 Daemon Server] - 2025-09-13T19:49:05.338Z - [WATCHER]: Processing file changes in outputs
[NX v21.4.1 Daemon Server] - 2025-09-13T19:49:05.928Z - [WATCHER]: Processing file changes in outputs
[NX v21.4.1 Daemon Server] - 2025-09-13T19:49:06.020Z - [WATCHER]: Processing file changes in outputs
[NX v21.4.1 Daemon Server] - 2025-09-13T19:49:06.086Z - [WATCHER]: Processing file changes in outputs
[NX v21.4.1 Daemon Server] - 2025-09-13T19:49:06.144Z - [WATCHER]: Processing file changes in outputs
[NX v21.4.1 Daemon Server] - 2025-09-13T19:49:06.196Z - [WATCHER]: Processing file changes in outputs
[NX v21.4.1 Daemon Server] - 2025-09-13T19:49:06.264Z - [WATCHER]: Processing file changes in outputs
[NX v21.4.1 Daemon Server] - 2025-09-13T19:49:06.323Z - [WATCHER]: Processing file changes in outputs
[NX v21.4.1 Daemon Server] - 2025-09-13T19:49:08.709Z - [WATCHER]: Processing file changes in outputs
[NX v21.4.1 Daemon Server] - 2025-09-13T19:49:08.775Z - Closed a connection. Number of open connections: 4
[NX v21.4.1 Daemon Server] - 2025-09-13T19:49:08.864Z - [REQUEST]: Responding to the client. recordOutputsHash
[NX v21.4.1 Daemon Server] - 2025-09-13T19:49:08.864Z - Done responding to the client recordOutputsHash
[NX v21.4.1 Daemon Server] - 2025-09-13T19:49:08.864Z - Handled RECORD_OUTPUTS_HASH. Handling time: 7. Response time: 0.
[NX v21.4.1 Daemon Server] - 2025-09-13T19:49:08.879Z - [WATCHER]: Processing file changes in outputs
[NX v21.4.1 Daemon Server] - 2025-09-13T19:49:08.939Z - [WATCHER]: Processing file changes in outputs
[NX v21.4.1 Daemon Server] - 2025-09-13T19:49:08.942Z - [REQUEST]: Responding to the client. handleRecordTaskRuns
[NX v21.4.1 Daemon Server] - 2025-09-13T19:49:08.942Z - Done responding to the client handleRecordTaskRuns
[NX v21.4.1 Daemon Server] - 2025-09-13T19:49:08.942Z - Handled RECORD_TASK_RUNS. Handling time: 0. Response time: 0.
[NX v21.4.1 Daemon Server] - 2025-09-13T19:49:08.944Z - [REQUEST]: Responding to the client. handleGetFlakyTasks
[NX v21.4.1 Daemon Server] - 2025-09-13T19:49:08.944Z - Done responding to the client handleGetFlakyTasks
[NX v21.4.1 Daemon Server] - 2025-09-13T19:49:08.944Z - Handled GET_FLAKY_TASKS. Handling time: 1. Response time: 0.
[NX v21.4.1 Daemon Server] - 2025-09-13T19:49:08.996Z - [WATCHER]: Processing file changes in outputs
[NX v21.4.1 Daemon Server] - 2025-09-13T19:49:12.229Z - [REQUEST]: Responding to the client. handleRunPostTasksExecution
[NX v21.4.1 Daemon Server] - 2025-09-13T19:49:12.229Z - Done responding to the client handleRunPostTasksExecution
[NX v21.4.1 Daemon Server] - 2025-09-13T19:49:12.229Z - Handled POST_TASKS_EXECUTION. Handling time: 0. Response time: 0.
[NX v21.4.1 Daemon Server] - 2025-09-13T19:49:12.229Z - Time taken for 'postTasksExecution' 0.15579199977219105ms
[NX v21.4.1 Daemon Server] - 2025-09-13T19:49:12.234Z - Closed a connection. Number of open connections: 3
[NX v21.4.1 Daemon Server] - 2025-09-13T19:49:19.248Z - [WATCHER]: 0 file(s) created or restored, 5 file(s) modified, 0 file(s) deleted
[NX v21.4.1 Daemon Server] - 2025-09-13T19:49:19.248Z - [WATCHER]: Processing file changes in outputs
[NX v21.4.1 Daemon Server] - 2025-09-13T19:49:19.349Z - [REQUEST]: Updated workspace context based on watched changes, recomputing project graph...
[NX v21.4.1 Daemon Server] - 2025-09-13T19:49:19.349Z - [REQUEST]: apps/admin/app/faq/create/page.tsx,apps/admin/next.config.js,apps/admin/app/blogs/create/page.tsx,apps/admin/app/user/create/page.tsx,apps/admin/app/course/create/page.tsx
[NX v21.4.1 Daemon Server] - 2025-09-13T19:49:19.349Z - [REQUEST]: 
[NX v21.4.1 Daemon Server] - 2025-09-13T19:49:19.351Z - Time taken for 'hash changed files from watcher' 0.9479590002447367ms
Time for 'nx/core/package-json:createNodes' [33m2.903040999546647[39m
Time for 'nx/core/project-json:createNodes' [33m2.4309589993208647[39m
Time for 'nx/js/dependencies-and-lockfile:createNodes' [33m12.64054200053215[39m
[NX v21.4.1 Daemon Server] - 2025-09-13T19:49:19.378Z - Time taken for 'build-project-configs' 22.85445800051093ms
Time for 'build typescript dependencies' [33m0.03641599975526333[39m
[NX v21.4.1 Daemon Server] - 2025-09-13T19:49:19.414Z - Wrote project graph cache to /Users/3bird/Documents/personal/studycourse/education-site-frontend/.nx/workspace-data/project-graph.json
[NX v21.4.1 Daemon Server] - 2025-09-13T19:49:19.415Z - [SYNC]: collect registered sync generators
[NX v21.4.1 Daemon Server] - 2025-09-13T19:49:19.415Z - [SYNC]: project graph hash is the same, not collecting task sync generators
[NX v21.4.1 Daemon Server] - 2025-09-13T19:49:19.415Z - [SYNC]: nx.json hash is the same, not collecting global sync generators
[NX v21.4.1 Daemon Server] - 2025-09-13T19:49:19.415Z - Time taken for 'total execution time for createProjectGraph()' 31.65395800024271ms
[NX v21.4.1 Daemon Server] - 2025-09-13T19:49:24.730Z - Established a connection. Number of open connections: 4
[NX v21.4.1 Daemon Server] - 2025-09-13T19:49:24.731Z - Closed a connection. Number of open connections: 3
[NX v21.4.1 Daemon Server] - 2025-09-13T19:49:24.731Z - Established a connection. Number of open connections: 4
[NX v21.4.1 Daemon Server] - 2025-09-13T19:49:24.732Z - [REQUEST]: Client Request for Project Graph Received
[NX v21.4.1 Daemon Server] - 2025-09-13T19:49:24.732Z - Reusing in-memory cached project graph because no files changed.
[NX v21.4.1 Daemon Server] - 2025-09-13T19:49:24.732Z - [REQUEST]: Responding to the client. project-graph
[NX v21.4.1 Daemon Server] - 2025-09-13T19:49:24.733Z - Time taken for 'total for creating and serializing project graph' 0.20337500050663948ms
[NX v21.4.1 Daemon Server] - 2025-09-13T19:49:24.735Z - Done responding to the client project-graph
[NX v21.4.1 Daemon Server] - 2025-09-13T19:49:24.735Z - Handled REQUEST_PROJECT_GRAPH. Handling time: 0. Response time: 3.
[NX v21.4.1 Daemon Server] - 2025-09-13T19:49:24.740Z - [REQUEST]: Responding to the client. handleRunPreTasksExecution
[NX v21.4.1 Daemon Server] - 2025-09-13T19:49:24.740Z - Done responding to the client handleRunPreTasksExecution
[NX v21.4.1 Daemon Server] - 2025-09-13T19:49:24.740Z - Handled PRE_TASKS_EXECUTION. Handling time: 0. Response time: 0.
[NX v21.4.1 Daemon Server] - 2025-09-13T19:49:24.740Z - Time taken for 'preTasksExecution' 0.07216699980199337ms
[NX v21.4.1 Daemon Server] - 2025-09-13T19:49:24.802Z - Reusing in-memory cached project graph because no files changed.
DEBUG nx::native::tasks::task_hasher: plan length: 2
DEBUG nx::native::tasks::hashers::hash_workspace_files: Hashing workspace fileset{cache_key="nx.json,.gitignore,.nxignore"}: Adding "2913894268036001599" (".gitignore") to hash
DEBUG nx::native::tasks::hashers::hash_workspace_files: Hashing workspace fileset{cache_key="nx.json,.gitignore,.nxignore"}: Adding "3619439782444644385" ("nx.json") to hash
DEBUG nx::native::tasks::hashers::hash_workspace_files: Hashing workspace fileset{cache_key="nx.json,.gitignore,.nxignore"}: Hash Value: "12630403656253729768"
[NX v21.4.1 Daemon Server] - 2025-09-13T19:49:24.826Z - [REQUEST]: Responding to the client. handleHashTasks
[NX v21.4.1 Daemon Server] - 2025-09-13T19:49:24.826Z - Done responding to the client handleHashTasks
[NX v21.4.1 Daemon Server] - 2025-09-13T19:49:24.826Z - Handled HASH_TASKS. Handling time: 24. Response time: 0.
[NX v21.4.1 Daemon Server] - 2025-09-13T19:49:24.876Z - [REQUEST]: Responding to the client. handleGetEstimatedTaskTimings
[NX v21.4.1 Daemon Server] - 2025-09-13T19:49:24.876Z - Done responding to the client handleGetEstimatedTaskTimings
[NX v21.4.1 Daemon Server] - 2025-09-13T19:49:24.876Z - Handled GET_ESTIMATED_TASK_TIMINGS. Handling time: 0. Response time: 0.
[NX v21.4.1 Daemon Server] - 2025-09-13T19:49:24.880Z - [REQUEST]: Responding to the client. outputsHashesMatch
[NX v21.4.1 Daemon Server] - 2025-09-13T19:49:24.880Z - Done responding to the client outputsHashesMatch
[NX v21.4.1 Daemon Server] - 2025-09-13T19:49:24.880Z - Handled OUTPUTS_HASHES_MATCH. Handling time: 2. Response time: 0.
[NX v21.4.1 Daemon Server] - 2025-09-13T19:49:24.884Z - [REQUEST]: Responding to the client. recordOutputsHash
[NX v21.4.1 Daemon Server] - 2025-09-13T19:49:24.884Z - Done responding to the client recordOutputsHash
[NX v21.4.1 Daemon Server] - 2025-09-13T19:49:24.884Z - Handled RECORD_OUTPUTS_HASH. Handling time: 3. Response time: 0.
[NX v21.4.1 Daemon Server] - 2025-09-13T19:49:24.888Z - [REQUEST]: Responding to the client. outputsHashesMatch
[NX v21.4.1 Daemon Server] - 2025-09-13T19:49:24.888Z - Done responding to the client outputsHashesMatch
[NX v21.4.1 Daemon Server] - 2025-09-13T19:49:24.888Z - Handled OUTPUTS_HASHES_MATCH. Handling time: 2. Response time: 0.
[NX v21.4.1 Daemon Server] - 2025-09-13T19:49:24.892Z - [REQUEST]: Responding to the client. recordOutputsHash
[NX v21.4.1 Daemon Server] - 2025-09-13T19:49:24.892Z - Done responding to the client recordOutputsHash
[NX v21.4.1 Daemon Server] - 2025-09-13T19:49:24.892Z - Handled RECORD_OUTPUTS_HASH. Handling time: 3. Response time: 0.
[NX v21.4.1 Daemon Server] - 2025-09-13T19:49:24.893Z - [REQUEST]: Responding to the client. handleRecordTaskRuns
[NX v21.4.1 Daemon Server] - 2025-09-13T19:49:24.893Z - Done responding to the client handleRecordTaskRuns
[NX v21.4.1 Daemon Server] - 2025-09-13T19:49:24.893Z - Handled RECORD_TASK_RUNS. Handling time: 0. Response time: 0.
[NX v21.4.1 Daemon Server] - 2025-09-13T19:49:24.894Z - [REQUEST]: Responding to the client. handleGetFlakyTasks
[NX v21.4.1 Daemon Server] - 2025-09-13T19:49:24.894Z - Done responding to the client handleGetFlakyTasks
[NX v21.4.1 Daemon Server] - 2025-09-13T19:49:24.894Z - Handled GET_FLAKY_TASKS. Handling time: 0. Response time: 0.
[NX v21.4.1 Daemon Server] - 2025-09-13T19:49:28.360Z - [REQUEST]: Responding to the client. handleRunPostTasksExecution
[NX v21.4.1 Daemon Server] - 2025-09-13T19:49:28.360Z - Done responding to the client handleRunPostTasksExecution
[NX v21.4.1 Daemon Server] - 2025-09-13T19:49:28.360Z - Handled POST_TASKS_EXECUTION. Handling time: 0. Response time: 0.
[NX v21.4.1 Daemon Server] - 2025-09-13T19:49:28.360Z - Time taken for 'postTasksExecution' 0.061292000114917755ms
[NX v21.4.1 Daemon Server] - 2025-09-13T19:49:28.364Z - Closed a connection. Number of open connections: 3
[NX v21.4.1 Daemon Server] - 2025-09-13T19:49:36.554Z - Established a connection. Number of open connections: 4
[NX v21.4.1 Daemon Server] - 2025-09-13T19:49:36.555Z - Closed a connection. Number of open connections: 3
[NX v21.4.1 Daemon Server] - 2025-09-13T19:49:36.555Z - Established a connection. Number of open connections: 4
[NX v21.4.1 Daemon Server] - 2025-09-13T19:49:36.557Z - [REQUEST]: Client Request for Project Graph Received
[NX v21.4.1 Daemon Server] - 2025-09-13T19:49:36.557Z - Reusing in-memory cached project graph because no files changed.
[NX v21.4.1 Daemon Server] - 2025-09-13T19:49:36.557Z - [REQUEST]: Responding to the client. project-graph
[NX v21.4.1 Daemon Server] - 2025-09-13T19:49:36.558Z - Time taken for 'total for creating and serializing project graph' 0.1984160002321005ms
[NX v21.4.1 Daemon Server] - 2025-09-13T19:49:36.560Z - Done responding to the client project-graph
[NX v21.4.1 Daemon Server] - 2025-09-13T19:49:36.560Z - Handled REQUEST_PROJECT_GRAPH. Handling time: 0. Response time: 3.
[NX v21.4.1 Daemon Server] - 2025-09-13T19:49:36.565Z - [REQUEST]: Responding to the client. handleRunPreTasksExecution
[NX v21.4.1 Daemon Server] - 2025-09-13T19:49:36.565Z - Done responding to the client handleRunPreTasksExecution
[NX v21.4.1 Daemon Server] - 2025-09-13T19:49:36.565Z - Handled PRE_TASKS_EXECUTION. Handling time: 0. Response time: 0.
[NX v21.4.1 Daemon Server] - 2025-09-13T19:49:36.565Z - Time taken for 'preTasksExecution' 0.047582998871803284ms
[NX v21.4.1 Daemon Server] - 2025-09-13T19:49:36.631Z - Reusing in-memory cached project graph because no files changed.
DEBUG nx::native::tasks::task_hasher: plan length: 1
[NX v21.4.1 Daemon Server] - 2025-09-13T19:49:36.642Z - [REQUEST]: Responding to the client. handleHashTasks
[NX v21.4.1 Daemon Server] - 2025-09-13T19:49:36.642Z - Done responding to the client handleHashTasks
[NX v21.4.1 Daemon Server] - 2025-09-13T19:49:36.642Z - Handled HASH_TASKS. Handling time: 11. Response time: 0.
[NX v21.4.1 Daemon Server] - 2025-09-13T19:49:36.682Z - [REQUEST]: Responding to the client. handleGetEstimatedTaskTimings
[NX v21.4.1 Daemon Server] - 2025-09-13T19:49:36.682Z - Done responding to the client handleGetEstimatedTaskTimings
[NX v21.4.1 Daemon Server] - 2025-09-13T19:49:36.682Z - Handled GET_ESTIMATED_TASK_TIMINGS. Handling time: 0. Response time: 0.
[NX v21.4.1 Daemon Server] - 2025-09-13T19:49:36.686Z - [REQUEST]: Responding to the client. outputsHashesMatch
[NX v21.4.1 Daemon Server] - 2025-09-13T19:49:36.686Z - Done responding to the client outputsHashesMatch
[NX v21.4.1 Daemon Server] - 2025-09-13T19:49:36.686Z - Handled OUTPUTS_HASHES_MATCH. Handling time: 2. Response time: 0.
[NX v21.4.1 Daemon Server] - 2025-09-13T19:49:36.689Z - [REQUEST]: Responding to the client. recordOutputsHash
[NX v21.4.1 Daemon Server] - 2025-09-13T19:49:36.689Z - Done responding to the client recordOutputsHash
[NX v21.4.1 Daemon Server] - 2025-09-13T19:49:36.689Z - Handled RECORD_OUTPUTS_HASH. Handling time: 2. Response time: 0.
[NX v21.4.1 Daemon Server] - 2025-09-13T19:49:36.691Z - [REQUEST]: Responding to the client. handleRecordTaskRuns
[NX v21.4.1 Daemon Server] - 2025-09-13T19:49:36.691Z - Done responding to the client handleRecordTaskRuns
[NX v21.4.1 Daemon Server] - 2025-09-13T19:49:36.691Z - Handled RECORD_TASK_RUNS. Handling time: 1. Response time: 0.
[NX v21.4.1 Daemon Server] - 2025-09-13T19:49:36.692Z - [REQUEST]: Responding to the client. handleGetFlakyTasks
[NX v21.4.1 Daemon Server] - 2025-09-13T19:49:36.692Z - Done responding to the client handleGetFlakyTasks
[NX v21.4.1 Daemon Server] - 2025-09-13T19:49:36.692Z - Handled GET_FLAKY_TASKS. Handling time: 0. Response time: 0.
[NX v21.4.1 Daemon Server] - 2025-09-13T19:49:37.105Z - [REQUEST]: Responding to the client. handleRunPostTasksExecution
[NX v21.4.1 Daemon Server] - 2025-09-13T19:49:37.105Z - Done responding to the client handleRunPostTasksExecution
[NX v21.4.1 Daemon Server] - 2025-09-13T19:49:37.105Z - Handled POST_TASKS_EXECUTION. Handling time: 1. Response time: 0.
[NX v21.4.1 Daemon Server] - 2025-09-13T19:49:37.105Z - Time taken for 'postTasksExecution' 0.054708000272512436ms
[NX v21.4.1 Daemon Server] - 2025-09-13T19:49:37.108Z - Closed a connection. Number of open connections: 3
[NX v21.4.1 Daemon Server] - 2025-09-13T19:50:17.488Z - [WATCHER]: .gitignore was modified
[NX v21.4.1 Daemon Server] - 2025-09-13T19:50:17.490Z - [WATCHER]: Processing file changes in outputs
[NX v21.4.1 Daemon Server] - 2025-09-13T19:50:17.490Z - Closed a connection. Number of open connections: 2
[NX v21.4.1 Daemon Server] - 2025-09-13T19:50:17.490Z - Closed a connection. Number of open connections: 1
[NX v21.4.1 Daemon Server] - 2025-09-13T19:50:17.490Z - Closed a connection. Number of open connections: 0
[NX v21.4.1 Daemon Server] - 2025-09-13T19:50:17.490Z - [WATCHER]: Stopping the watcher for /Users/3bird/Documents/personal/studycourse/education-site-frontend (sources)
[NX v21.4.1 Daemon Server] - 2025-09-13T19:50:17.490Z - [WATCHER]: Stopping the watcher for /Users/3bird/Documents/personal/studycourse/education-site-frontend (outputs)
[NX v21.4.1 Daemon Server] - 2025-09-13T19:50:17.494Z - Server stopped because: "Stopping the daemon the set of ignored files changed (native)"
